CREATE DATABASE  IF NOT EXISTS `roster` /*!40100 DEFAULT CHARACTER SET latin1 */;
USE `roster`;
-- MySQL dump 10.13  Distrib 5.6.17, for Win64 (x86_64)
--
-- Host: localhost    Database: roster
-- ------------------------------------------------------
-- Server version	5.6.23-log

/*!40101 SET @OLD_CHARACTER_SET_CLIENT=@@CHARACTER_SET_CLIENT */;
/*!40101 SET @OLD_CHARACTER_SET_RESULTS=@@CHARACTER_SET_RESULTS */;
/*!40101 SET @OLD_COLLATION_CONNECTION=@@COLLATION_CONNECTION */;
/*!40101 SET NAMES utf8 */;
/*!40103 SET @OLD_TIME_ZONE=@@TIME_ZONE */;
/*!40103 SET TIME_ZONE='+00:00' */;
/*!40014 SET @OLD_UNIQUE_CHECKS=@@UNIQUE_CHECKS, UNIQUE_CHECKS=0 */;
/*!40014 SET @OLD_FOREIGN_KEY_CHECKS=@@FOREIGN_KEY_CHECKS, FOREIGN_KEY_CHECKS=0 */;
/*!40101 SET @OLD_SQL_MODE=@@SQL_MODE, SQL_MODE='NO_AUTO_VALUE_ON_ZERO' */;
/*!40111 SET @OLD_SQL_NOTES=@@SQL_NOTES, SQL_NOTES=0 */;

--
-- Table structure for table `adherence_exception`
--

DROP TABLE IF EXISTS `adherence_exception`;
/*!40101 SET @saved_cs_client     = @@character_set_client */;
/*!40101 SET character_set_client = utf8 */;
CREATE TABLE `adherence_exception` (
  `id` int(10) unsigned NOT NULL AUTO_INCREMENT,
  `rostered_shift_id` int(10) unsigned NOT NULL,
  `created_at` timestamp NOT NULL DEFAULT '0000-00-00 00:00:00',
  `updated_at` timestamp NOT NULL DEFAULT '0000-00-00 00:00:00',
  `start_time` timestamp NOT NULL DEFAULT '0000-00-00 00:00:00',
  `end_time` timestamp NOT NULL DEFAULT '0000-00-00 00:00:00',
  `notes` varchar(255) COLLATE utf8_unicode_ci NOT NULL,
  PRIMARY KEY (`id`),
  KEY `adherence_exception_rostered_shift_id_foreign` (`rostered_shift_id`),
  CONSTRAINT `adherence_exception_rostered_shift_id_foreign` FOREIGN KEY (`rostered_shift_id`) REFERENCES `rostered_shift` (`id`)
) ENGINE=InnoDB AUTO_INCREMENT=56 DEFAULT CHARSET=utf8 COLLATE=utf8_unicode_ci;
/*!40101 SET character_set_client = @saved_cs_client */;

--
-- Dumping data for table `adherence_exception`
--

LOCK TABLES `adherence_exception` WRITE;
/*!40000 ALTER TABLE `adherence_exception` DISABLE KEYS */;
/*!40000 ALTER TABLE `adherence_exception` ENABLE KEYS */;
UNLOCK TABLES;

--
-- Table structure for table `avail_general`
--

DROP TABLE IF EXISTS `avail_general`;
/*!40101 SET @saved_cs_client     = @@character_set_client */;
/*!40101 SET character_set_client = utf8 */;
CREATE TABLE `avail_general` (
  `id` int(10) unsigned NOT NULL AUTO_INCREMENT,
  `day` enum('Monday','Tuesday','Wednesday','Thursday','Friday','Saturday','Sunday') COLLATE utf8_unicode_ci NOT NULL,
  `start_time` time NOT NULL DEFAULT '00:00:00',
  `end_time` time NOT NULL DEFAULT '00:00:00',
  `created_at` timestamp NULL DEFAULT NULL,
  `updated_at` timestamp NULL DEFAULT NULL,
  PRIMARY KEY (`id`)
) ENGINE=InnoDB AUTO_INCREMENT=276 DEFAULT CHARSET=utf8 COLLATE=utf8_unicode_ci;
/*!40101 SET character_set_client = @saved_cs_client */;

--
-- Dumping data for table `avail_general`
--

LOCK TABLES `avail_general` WRITE;
/*!40000 ALTER TABLE `avail_general` DISABLE KEYS */;
INSERT INTO `avail_general` VALUES (201,'Monday','22:00:00','06:00:00','2016-01-16 23:23:22','2016-01-16 23:23:22'),(202,'Monday','18:00:00','07:00:00','2016-01-18 03:52:00','2016-01-18 03:52:00'),(203,'Tuesday','18:00:00','07:00:00','2016-01-18 03:52:00','2016-01-18 03:52:00'),(204,'Wednesday','18:00:00','07:00:00','2016-01-18 03:52:00','2016-01-18 03:52:00'),(205,'Thursday','18:00:00','07:00:00','2016-01-18 03:52:00','2016-01-18 03:52:00'),(206,'Friday','18:00:00','07:00:00','2016-01-18 03:52:00','2016-01-18 03:52:00'),(207,'Saturday','13:00:00','13:01:00','2016-01-18 03:52:00','2016-01-18 03:52:00'),(208,'Sunday','13:00:00','13:01:00','2016-01-18 03:52:00','2016-01-18 03:52:00'),(209,'Saturday','13:00:00','12:00:00','2016-01-18 03:53:16','2016-01-18 03:53:16'),(210,'Sunday','13:00:00','12:00:00','2016-01-18 03:53:16','2016-01-18 03:53:16'),(211,'Saturday','18:00:00','07:00:00','2016-01-18 04:05:28','2016-01-18 04:05:28'),(212,'Sunday','18:00:00','07:00:00','2016-01-18 04:05:28','2016-01-18 04:05:28'),(213,'Monday','21:00:00','05:00:00','2016-01-28 21:49:29','2016-01-28 21:49:29'),(214,'Tuesday','23:00:00','04:00:00','2016-01-28 21:49:29','2016-01-28 21:49:29'),(215,'Wednesday','21:30:00','05:00:00','2016-01-28 21:49:29','2016-01-28 21:49:29'),(216,'Thursday','01:00:00','01:01:00','2016-01-28 21:49:29','2016-01-28 21:49:29'),(217,'Friday','21:00:00','02:00:00','2016-01-28 21:49:29','2016-01-28 21:49:29'),(218,'Saturday','01:00:00','01:01:00','2016-01-28 21:49:29','2016-01-28 21:49:29'),(219,'Sunday','01:00:00','01:01:00','2016-01-28 21:49:29','2016-01-28 21:49:29'),(220,'Monday','01:00:00','01:01:00','2016-01-28 21:49:52','2016-01-28 21:49:52'),(221,'Tuesday','01:00:00','01:01:00','2016-01-28 21:49:52','2016-01-28 21:49:52'),(222,'Wednesday','01:00:00','01:01:00','2016-01-28 21:49:52','2016-01-28 21:49:52'),(223,'Friday','01:00:00','01:01:00','2016-01-28 21:49:52','2016-01-28 21:49:52'),(224,'Monday','22:00:00','07:00:00','2016-01-28 21:50:36','2016-01-28 21:50:36'),(225,'Tuesday','22:00:00','07:00:00','2016-01-28 21:50:36','2016-01-28 21:50:36'),(226,'Wednesday','22:00:00','07:00:00','2016-01-28 21:50:36','2016-01-28 21:50:36'),(227,'Thursday','22:00:00','07:00:00','2016-01-28 21:50:36','2016-01-28 21:50:36'),(228,'Friday','22:00:00','07:00:00','2016-01-28 21:50:36','2016-01-28 21:50:36'),(229,'Saturday','22:00:00','07:00:00','2016-01-28 21:50:36','2016-01-28 21:50:36'),(230,'Sunday','22:00:00','07:00:00','2016-01-28 21:50:36','2016-01-28 21:50:36'),(231,'Monday','21:00:00','07:00:00','2016-01-28 22:07:06','2016-01-28 22:07:06'),(232,'Tuesday','21:00:00','07:00:00','2016-01-28 22:07:06','2016-01-28 22:07:06'),(233,'Wednesday','21:00:00','07:00:00','2016-01-28 22:07:06','2016-01-28 22:07:06'),(234,'Thursday','21:00:00','07:00:00','2016-01-28 22:07:06','2016-01-28 22:07:06'),(235,'Friday','21:00:00','07:00:00','2016-01-28 22:07:06','2016-01-28 22:07:06'),(236,'Saturday','21:00:00','07:00:00','2016-01-28 22:07:06','2016-01-28 22:07:06'),(237,'Sunday','21:00:00','07:00:00','2016-01-28 22:07:06','2016-01-28 22:07:06'),(238,'Monday','21:00:00','08:00:00','2016-01-28 22:07:39','2016-01-28 22:07:39'),(239,'Tuesday','21:00:00','08:00:00','2016-01-28 22:07:39','2016-01-28 22:07:39'),(240,'Wednesday','21:00:00','08:00:00','2016-01-28 22:07:39','2016-01-28 22:07:39'),(241,'Thursday','21:00:00','08:00:00','2016-01-28 22:07:39','2016-01-28 22:07:39'),(242,'Friday','21:00:00','08:00:00','2016-01-28 22:07:40','2016-01-28 22:07:40'),(243,'Saturday','21:00:00','08:00:00','2016-01-28 22:07:40','2016-01-28 22:07:40'),(244,'Sunday','21:00:00','08:00:00','2016-01-28 22:07:40','2016-01-28 22:07:40'),(245,'Monday','22:30:00','07:00:00','2016-01-29 00:03:47','2016-01-29 00:03:47'),(246,'Tuesday','22:30:00','07:00:00','2016-01-29 00:03:47','2016-01-29 00:03:47'),(247,'Wednesday','22:30:00','07:00:00','2016-01-29 00:03:47','2016-01-29 00:03:47'),(248,'Thursday','22:30:00','07:00:00','2016-01-29 00:03:47','2016-01-29 00:03:47'),(249,'Friday','22:30:00','07:00:00','2016-01-29 00:03:47','2016-01-29 00:03:47'),(250,'Monday','21:30:00','06:00:00','2016-02-02 05:16:15','2016-02-02 05:16:15'),(251,'Tuesday','21:30:00','06:00:00','2016-02-02 05:16:15','2016-02-02 05:16:15'),(252,'Wednesday','21:30:00','06:00:00','2016-02-02 05:16:15','2016-02-02 05:16:15'),(253,'Thursday','21:30:00','06:00:00','2016-02-02 05:16:15','2016-02-02 05:16:15'),(254,'Friday','21:30:00','06:00:00','2016-02-02 05:16:15','2016-02-02 05:16:15'),(255,'Monday','21:30:00','06:30:00','2016-02-02 05:44:13','2016-02-02 05:44:13'),(256,'Friday','23:00:00','01:00:00','2016-02-02 05:44:53','2016-02-02 05:44:53'),(257,'Monday','21:00:00','06:00:00','2016-02-02 05:52:14','2016-02-02 05:52:14'),(258,'Monday','19:00:00','06:00:00','2016-02-02 05:52:26','2016-02-02 05:52:26'),(259,'Monday','20:00:00','07:00:00','2016-02-19 04:42:41','2016-02-19 04:42:41'),(260,'Tuesday','20:00:00','07:00:00','2016-02-19 04:42:41','2016-02-19 04:42:41'),(261,'Wednesday','20:00:00','07:00:00','2016-02-19 04:42:41','2016-02-19 04:42:41'),(262,'Thursday','20:00:00','07:00:00','2016-02-19 04:42:41','2016-02-19 04:42:41'),(263,'Friday','20:00:00','07:00:00','2016-02-19 04:42:41','2016-02-19 04:42:41'),(264,'Saturday','20:00:00','07:00:00','2016-02-22 23:16:22','2016-02-22 23:16:22'),(265,'Sunday','20:00:00','07:00:00','2016-02-22 23:16:22','2016-02-22 23:16:22'),(266,'Monday','19:00:00','07:00:00','2016-03-30 00:32:31','2016-03-30 00:32:31'),(267,'Tuesday','19:00:00','07:00:00','2016-03-30 00:32:31','2016-03-30 00:32:31'),(268,'Wednesday','19:00:00','07:00:00','2016-03-30 00:32:31','2016-03-30 00:32:31'),(269,'Thursday','19:00:00','07:00:00','2016-03-30 00:32:32','2016-03-30 00:32:32'),(270,'Friday','19:00:00','07:00:00','2016-03-30 00:32:32','2016-03-30 00:32:32'),(271,'Monday','19:00:00','08:00:00','2016-04-06 06:36:46','2016-04-06 06:36:46'),(272,'Tuesday','19:00:00','08:00:00','2016-04-06 06:36:46','2016-04-06 06:36:46'),(273,'Wednesday','19:00:00','08:00:00','2016-04-06 06:36:46','2016-04-06 06:36:46'),(274,'Thursday','19:00:00','08:00:00','2016-04-06 06:36:46','2016-04-06 06:36:46'),(275,'Friday','19:00:00','08:00:00','2016-04-06 06:36:46','2016-04-06 06:36:46');
/*!40000 ALTER TABLE `avail_general` ENABLE KEYS */;
UNLOCK TABLES;

--
-- Table structure for table `avail_specific`
--

DROP TABLE IF EXISTS `avail_specific`;
/*!40101 SET @saved_cs_client     = @@character_set_client */;
/*!40101 SET character_set_client = utf8 */;
CREATE TABLE `avail_specific` (
  `id` int(10) unsigned NOT NULL AUTO_INCREMENT,
  `start_date` date NOT NULL,
  `end_date` date NOT NULL,
  `start_time` time DEFAULT NULL,
  `end_time` time DEFAULT NULL,
  `all_day` tinyint(1) NOT NULL,
  `is_available` tinyint(1) NOT NULL,
  `created_at` timestamp NULL DEFAULT NULL,
  `updated_at` timestamp NULL DEFAULT NULL,
  PRIMARY KEY (`id`)
) ENGINE=InnoDB AUTO_INCREMENT=160 DEFAULT CHARSET=utf8 COLLATE=utf8_unicode_ci;
/*!40101 SET character_set_client = @saved_cs_client */;

--
-- Dumping data for table `avail_specific`
--

LOCK TABLES `avail_specific` WRITE;
/*!40000 ALTER TABLE `avail_specific` DISABLE KEYS */;
/*!40000 ALTER TABLE `avail_specific` ENABLE KEYS */;
UNLOCK TABLES;

--
-- Table structure for table `billable_rate`
--

DROP TABLE IF EXISTS `billable_rate`;
/*!40101 SET @saved_cs_client     = @@character_set_client */;
/*!40101 SET character_set_client = utf8 */;
CREATE TABLE `billable_rate` (
  `id` int(10) unsigned NOT NULL AUTO_INCREMENT,
  `created_at` timestamp NOT NULL DEFAULT '0000-00-00 00:00:00',
  `updated_at` timestamp NOT NULL DEFAULT '0000-00-00 00:00:00',
  `billable_rate` float(8,2) NOT NULL,
  `description` varchar(200) COLLATE utf8_unicode_ci DEFAULT NULL,
  `unit_type` enum('hour','day') COLLATE utf8_unicode_ci NOT NULL DEFAULT 'hour',
  PRIMARY KEY (`id`)
) ENGINE=InnoDB AUTO_INCREMENT=31 DEFAULT CHARSET=utf8 COLLATE=utf8_unicode_ci;
/*!40101 SET character_set_client = @saved_cs_client */;

--
-- Dumping data for table `billable_rate`
--

LOCK TABLES `billable_rate` WRITE;
/*!40000 ALTER TABLE `billable_rate` DISABLE KEYS */;
INSERT INTO `billable_rate` VALUES (30,'2016-01-10 07:10:31','2016-01-10 07:10:31',0.00,NULL,'hour');
/*!40000 ALTER TABLE `billable_rate` ENABLE KEYS */;
UNLOCK TABLES;

--
-- Table structure for table `campaign`
--

DROP TABLE IF EXISTS `campaign`;
/*!40101 SET @saved_cs_client     = @@character_set_client */;
/*!40101 SET character_set_client = utf8 */;
CREATE TABLE `campaign` (
  `id` int(10) unsigned NOT NULL AUTO_INCREMENT,
  `created_at` timestamp NOT NULL DEFAULT '0000-00-00 00:00:00',
  `updated_at` timestamp NOT NULL DEFAULT '0000-00-00 00:00:00',
  `name` varchar(255) COLLATE utf8_unicode_ci NOT NULL,
  `description` varchar(255) COLLATE utf8_unicode_ci NOT NULL,
  `organisation_id` int(10) unsigned NOT NULL,
  `partner_id` int(10) unsigned NOT NULL,
  PRIMARY KEY (`id`),
  KEY `campaign_organisation_id_foreign` (`organisation_id`),
  KEY `campaign_partner_id_foreign` (`partner_id`),
  CONSTRAINT `campaign_organisation_id_foreign` FOREIGN KEY (`organisation_id`) REFERENCES `organisation` (`id`),
  CONSTRAINT `campaign_partner_id_foreign` FOREIGN KEY (`partner_id`) REFERENCES `partner` (`id`)
) ENGINE=InnoDB AUTO_INCREMENT=9 DEFAULT CHARSET=utf8 COLLATE=utf8_unicode_ci;
/*!40101 SET character_set_client = @saved_cs_client */;

--
-- Dumping data for table `campaign`
--

LOCK TABLES `campaign` WRITE;
/*!40000 ALTER TABLE `campaign` DISABLE KEYS */;
INSERT INTO `campaign` VALUES (8,'0000-00-00 00:00:00','0000-00-00 00:00:00','Campaign','Campaign',23,7);
/*!40000 ALTER TABLE `campaign` ENABLE KEYS */;
UNLOCK TABLES;

--
-- Table structure for table `city`
--

DROP TABLE IF EXISTS `city`;
/*!40101 SET @saved_cs_client     = @@character_set_client */;
/*!40101 SET character_set_client = utf8 */;
CREATE TABLE `city` (
  `id` int(10) unsigned NOT NULL AUTO_INCREMENT,
  `city_name` varchar(45) COLLATE utf8_unicode_ci NOT NULL,
  `country_name` varchar(45) COLLATE utf8_unicode_ci NOT NULL,
  `created_at` timestamp NULL DEFAULT NULL,
  `updated_at` timestamp NULL DEFAULT NULL,
  PRIMARY KEY (`id`)
) ENGINE=InnoDB AUTO_INCREMENT=35 DEFAULT CHARSET=utf8 COLLATE=utf8_unicode_ci;
/*!40101 SET character_set_client = @saved_cs_client */;

--
-- Dumping data for table `city`
--

LOCK TABLES `city` WRITE;
/*!40000 ALTER TABLE `city` DISABLE KEYS */;
INSERT INTO `city` VALUES (1,'Melbourne','Australia',NULL,NULL),(31,'Melbourne','Australia','2016-01-10 06:42:00','2016-01-10 06:42:00'),(32,'Melbourne','Australia','2016-01-10 06:49:08','2016-01-10 06:49:08'),(33,'','Australia','2016-01-10 07:08:37','2016-01-10 07:08:37'),(34,'Sydney','Australia','2016-01-18 04:16:21','2016-01-18 04:16:21');
/*!40000 ALTER TABLE `city` ENABLE KEYS */;
UNLOCK TABLES;

--
-- Table structure for table `config_group`
--

DROP TABLE IF EXISTS `config_group`;
/*!40101 SET @saved_cs_client     = @@character_set_client */;
/*!40101 SET character_set_client = utf8 */;
CREATE TABLE `config_group` (
  `id` int(10) unsigned NOT NULL AUTO_INCREMENT,
  `created_at` timestamp NOT NULL DEFAULT '0000-00-00 00:00:00',
  `updated_at` timestamp NOT NULL DEFAULT '0000-00-00 00:00:00',
  `name` varchar(255) COLLATE utf8_unicode_ci NOT NULL,
  `description` varchar(255) COLLATE utf8_unicode_ci NOT NULL,
  PRIMARY KEY (`id`)
) ENGINE=InnoDB DEFAULT CHARSET=utf8 COLLATE=utf8_unicode_ci;
/*!40101 SET character_set_client = @saved_cs_client */;

--
-- Dumping data for table `config_group`
--

LOCK TABLES `config_group` WRITE;
/*!40000 ALTER TABLE `config_group` DISABLE KEYS */;
/*!40000 ALTER TABLE `config_group` ENABLE KEYS */;
UNLOCK TABLES;

--
-- Table structure for table `config_priority`
--

DROP TABLE IF EXISTS `config_priority`;
/*!40101 SET @saved_cs_client     = @@character_set_client */;
/*!40101 SET character_set_client = utf8 */;
CREATE TABLE `config_priority` (
  `id` int(10) unsigned NOT NULL AUTO_INCREMENT,
  `created_at` timestamp NOT NULL DEFAULT '0000-00-00 00:00:00',
  `updated_at` timestamp NOT NULL DEFAULT '0000-00-00 00:00:00',
  `priority` int(11) NOT NULL,
  `value` varchar(255) COLLATE utf8_unicode_ci NOT NULL,
  `configurable_type` varchar(255) COLLATE utf8_unicode_ci NOT NULL,
  `configurable_id` int(10) unsigned NOT NULL,
  `configuration_id` int(10) unsigned NOT NULL,
  `organisation_id` int(10) unsigned NOT NULL,
  PRIMARY KEY (`id`),
  KEY `config_priority_configuration_id_foreign` (`configuration_id`),
  KEY `config_priority_organisation_id_foreign` (`organisation_id`),
  CONSTRAINT `config_priority_configuration_id_foreign` FOREIGN KEY (`configuration_id`) REFERENCES `configuration` (`id`),
  CONSTRAINT `config_priority_organisation_id_foreign` FOREIGN KEY (`organisation_id`) REFERENCES `organisation` (`id`)
) ENGINE=InnoDB DEFAULT CHARSET=utf8 COLLATE=utf8_unicode_ci;
/*!40101 SET character_set_client = @saved_cs_client */;

--
-- Dumping data for table `config_priority`
--

LOCK TABLES `config_priority` WRITE;
/*!40000 ALTER TABLE `config_priority` DISABLE KEYS */;
/*!40000 ALTER TABLE `config_priority` ENABLE KEYS */;
UNLOCK TABLES;

--
-- Table structure for table `configuration`
--

DROP TABLE IF EXISTS `configuration`;
/*!40101 SET @saved_cs_client     = @@character_set_client */;
/*!40101 SET character_set_client = utf8 */;
CREATE TABLE `configuration` (
  `id` int(10) unsigned NOT NULL AUTO_INCREMENT,
  `created_at` timestamp NOT NULL DEFAULT '0000-00-00 00:00:00',
  `updated_at` timestamp NOT NULL DEFAULT '0000-00-00 00:00:00',
  `key` varchar(255) COLLATE utf8_unicode_ci NOT NULL,
  `default` varchar(255) COLLATE utf8_unicode_ci NOT NULL,
  `validation` varchar(255) COLLATE utf8_unicode_ci NOT NULL,
  PRIMARY KEY (`id`)
) ENGINE=InnoDB DEFAULT CHARSET=utf8 COLLATE=utf8_unicode_ci;
/*!40101 SET character_set_client = @saved_cs_client */;

--
-- Dumping data for table `configuration`
--

LOCK TABLES `configuration` WRITE;
/*!40000 ALTER TABLE `configuration` DISABLE KEYS */;
/*!40000 ALTER TABLE `configuration` ENABLE KEYS */;
UNLOCK TABLES;

--
-- Table structure for table `configuration_config_group`
--

DROP TABLE IF EXISTS `configuration_config_group`;
/*!40101 SET @saved_cs_client     = @@character_set_client */;
/*!40101 SET character_set_client = utf8 */;
CREATE TABLE `configuration_config_group` (
  `id` int(10) unsigned NOT NULL AUTO_INCREMENT,
  `created_at` timestamp NOT NULL DEFAULT '0000-00-00 00:00:00',
  `updated_at` timestamp NOT NULL DEFAULT '0000-00-00 00:00:00',
  `configuration_id` int(10) unsigned NOT NULL,
  `config_group_id` int(10) unsigned NOT NULL,
  PRIMARY KEY (`id`),
  KEY `configuration_config_group_configuration_id_foreign` (`configuration_id`),
  KEY `configuration_config_group_config_group_id_foreign` (`config_group_id`),
  CONSTRAINT `configuration_config_group_config_group_id_foreign` FOREIGN KEY (`config_group_id`) REFERENCES `config_group` (`id`),
  CONSTRAINT `configuration_config_group_configuration_id_foreign` FOREIGN KEY (`configuration_id`) REFERENCES `configuration` (`id`)
) ENGINE=InnoDB DEFAULT CHARSET=utf8 COLLATE=utf8_unicode_ci;
/*!40101 SET character_set_client = @saved_cs_client */;

--
-- Dumping data for table `configuration_config_group`
--

LOCK TABLES `configuration_config_group` WRITE;
/*!40000 ALTER TABLE `configuration_config_group` DISABLE KEYS */;
/*!40000 ALTER TABLE `configuration_config_group` ENABLE KEYS */;
UNLOCK TABLES;

--
-- Table structure for table `employment_rules_template`
--

DROP TABLE IF EXISTS `employment_rules_template`;
/*!40101 SET @saved_cs_client     = @@character_set_client */;
/*!40101 SET character_set_client = utf8 */;
CREATE TABLE `employment_rules_template` (
  `id` int(10) unsigned NOT NULL AUTO_INCREMENT,
  `created_at` timestamp NOT NULL DEFAULT '0000-00-00 00:00:00',
  `updated_at` timestamp NOT NULL DEFAULT '0000-00-00 00:00:00',
  `name` varchar(255) COLLATE utf8_unicode_ci NOT NULL,
  `organisation_id` int(10) unsigned NOT NULL,
  `min_shift_length` float(8,2) DEFAULT NULL,
  `max_shift_length` float(8,2) DEFAULT NULL,
  `min_hours_per_week` float(8,2) DEFAULT NULL,
  `max_hours_per_week` float(8,2) DEFAULT NULL,
  `min_time_between_breaks` float(8,2) DEFAULT NULL,
  `max_time_between_breaks` float(8,2) DEFAULT NULL,
  `min_shifts_per_week` float(8,2) DEFAULT NULL,
  `max_shifts_per_week` float(8,2) DEFAULT NULL,
  `min_time_between_shifts` float(8,2) DEFAULT NULL,
  `saturday_pay_multiplier` float(8,2) DEFAULT NULL,
  `sunday_pay_multiplier` float(8,2) DEFAULT NULL,
  `overtime_pay_multiplier` float(8,2) DEFAULT NULL,
  `hours_before_overtime_rate` float(8,2) DEFAULT NULL,
  PRIMARY KEY (`id`),
  KEY `employment_rules_template_organisation_id_foreign` (`organisation_id`),
  CONSTRAINT `employment_rules_template_organisation_id_foreign` FOREIGN KEY (`organisation_id`) REFERENCES `organisation` (`id`)
) ENGINE=InnoDB DEFAULT CHARSET=utf8 COLLATE=utf8_unicode_ci;
/*!40101 SET character_set_client = @saved_cs_client */;

--
-- Dumping data for table `employment_rules_template`
--

LOCK TABLES `employment_rules_template` WRITE;
/*!40000 ALTER TABLE `employment_rules_template` DISABLE KEYS */;
/*!40000 ALTER TABLE `employment_rules_template` ENABLE KEYS */;
UNLOCK TABLES;

--
-- Table structure for table `features`
--

DROP TABLE IF EXISTS `features`;
/*!40101 SET @saved_cs_client     = @@character_set_client */;
/*!40101 SET character_set_client = utf8 */;
CREATE TABLE `features` (
  `id` int(10) unsigned NOT NULL AUTO_INCREMENT,
  `created_at` timestamp NOT NULL DEFAULT '0000-00-00 00:00:00',
  `updated_at` timestamp NOT NULL DEFAULT '0000-00-00 00:00:00',
  `feature_key` varchar(255) COLLATE utf8_unicode_ci NOT NULL,
  `name` varchar(255) COLLATE utf8_unicode_ci NOT NULL,
  `description` varchar(255) COLLATE utf8_unicode_ci DEFAULT NULL,
  PRIMARY KEY (`id`)
) ENGINE=InnoDB AUTO_INCREMENT=14 DEFAULT CHARSET=utf8 COLLATE=utf8_unicode_ci;
/*!40101 SET character_set_client = @saved_cs_client */;

--
-- Dumping data for table `features`
--

LOCK TABLES `features` WRITE;
/*!40000 ALTER TABLE `features` DISABLE KEYS */;
INSERT INTO `features` VALUES (1,'2016-03-02 03:42:53','2016-03-02 03:42:53','timesheets','Timesheets','Timesheets description'),(2,'2016-03-02 03:42:53','2016-03-02 03:42:53','leave_requests','Leave Requests','Leave request description'),(3,'2016-03-02 03:42:53','2016-03-02 03:42:53','integrations','Integrations','Integrations description'),(4,'2016-03-02 03:42:53','2016-03-02 03:42:53','workstreams','Workstreams','Workstreams description'),(5,'2016-03-02 03:42:53','2016-03-02 03:42:53','roles','Roles','Roles description'),(6,'2016-03-02 03:42:53','2016-03-02 03:42:53','tasks','Tasks','Tasks description'),(7,'2016-03-02 03:42:53','2016-03-02 03:42:53','reports','Reports','Reports description'),(8,'2016-03-02 03:42:53','2016-03-02 03:42:53','realtime_performance','Realtime Performance','Realtime performance description'),(9,'2016-03-02 03:42:53','2016-03-02 03:42:53','realtime_adherence','Realtime Adherence','Realtime adherence description'),(10,'2016-03-02 03:42:53','2016-03-02 03:42:53','realtime_activity','Realtime Activity','Realtime activity description'),(11,'2016-03-02 03:42:53','2016-03-02 03:42:53','schedule','Schedule','Schedule description'),(12,'2016-03-02 03:42:53','2016-03-02 03:42:53','roster','Roster','Roster description'),(13,'2016-03-02 03:42:53','2016-03-02 03:42:53','forecast','Forecast','Forecast description');
/*!40000 ALTER TABLE `features` ENABLE KEYS */;
UNLOCK TABLES;

--
-- Table structure for table `forecast_method`
--

DROP TABLE IF EXISTS `forecast_method`;
/*!40101 SET @saved_cs_client     = @@character_set_client */;
/*!40101 SET character_set_client = utf8 */;
CREATE TABLE `forecast_method` (
  `id` int(10) unsigned NOT NULL AUTO_INCREMENT,
  `name` varchar(255) COLLATE utf8_unicode_ci NOT NULL,
  `created_at` timestamp NOT NULL DEFAULT '0000-00-00 00:00:00',
  `updated_at` timestamp NOT NULL DEFAULT '0000-00-00 00:00:00',
  PRIMARY KEY (`id`)
) ENGINE=InnoDB AUTO_INCREMENT=7 DEFAULT CHARSET=utf8 COLLATE=utf8_unicode_ci;
/*!40101 SET character_set_client = @saved_cs_client */;

--
-- Dumping data for table `forecast_method`
--

LOCK TABLES `forecast_method` WRITE;
/*!40000 ALTER TABLE `forecast_method` DISABLE KEYS */;
INSERT INTO `forecast_method` VALUES (1,'method1','0000-00-00 00:00:00','0000-00-00 00:00:00'),(2,'shorecast','0000-00-00 00:00:00','0000-00-00 00:00:00'),(3,'brendcast','0000-00-00 00:00:00','0000-00-00 00:00:00');
/*!40000 ALTER TABLE `forecast_method` ENABLE KEYS */;
UNLOCK TABLES;

--
-- Table structure for table `integrations`
--

DROP TABLE IF EXISTS `integrations`;
/*!40101 SET @saved_cs_client     = @@character_set_client */;
/*!40101 SET character_set_client = utf8 */;
CREATE TABLE `integrations` (
  `id` int(10) unsigned NOT NULL AUTO_INCREMENT,
  `created_at` timestamp NOT NULL DEFAULT '0000-00-00 00:00:00',
  `updated_at` timestamp NOT NULL DEFAULT '0000-00-00 00:00:00',
  `name` mediumtext COLLATE utf8_unicode_ci NOT NULL,
  `configuration` longtext COLLATE utf8_unicode_ci NOT NULL,
  PRIMARY KEY (`id`)
) ENGINE=InnoDB AUTO_INCREMENT=4 DEFAULT CHARSET=utf8 COLLATE=utf8_unicode_ci;
/*!40101 SET character_set_client = @saved_cs_client */;

--
-- Dumping data for table `integrations`
--

LOCK TABLES `integrations` WRITE;
/*!40000 ALTER TABLE `integrations` DISABLE KEYS */;
INSERT INTO `integrations` VALUES (1,'2014-01-22 13:34:50','2014-01-23 22:11:26','Xero','{}'),(2,'2014-04-01 14:55:22','2014-04-01 14:55:22','SoftPhone','{\"user_configurations\":[\"EmployeeAlias\"]}'),(3,'2014-04-01 14:55:22','2014-04-01 14:55:22','CTI','{\"user_configurations\":[\"EmployeeAlias\"]}');
/*!40000 ALTER TABLE `integrations` ENABLE KEYS */;
UNLOCK TABLES;

--
-- Table structure for table `invoice`
--

DROP TABLE IF EXISTS `invoice`;
/*!40101 SET @saved_cs_client     = @@character_set_client */;
/*!40101 SET character_set_client = utf8 */;
CREATE TABLE `invoice` (
  `id` int(10) unsigned NOT NULL AUTO_INCREMENT,
  `created_at` timestamp NOT NULL DEFAULT '0000-00-00 00:00:00',
  `updated_at` timestamp NOT NULL DEFAULT '0000-00-00 00:00:00',
  `invoice_template_id` int(10) unsigned NOT NULL,
  `organisation_id` int(10) unsigned NOT NULL,
  `start_date` date NOT NULL,
  `end_date` date NOT NULL,
  `issued_date` date NOT NULL,
  `reference` varchar(255) COLLATE utf8_unicode_ci NOT NULL,
  `status` varchar(255) COLLATE utf8_unicode_ci NOT NULL,
  `tax_included` tinyint(1) NOT NULL,
  `sent` tinyint(1) NOT NULL,
  PRIMARY KEY (`id`),
  KEY `invoice_invoice_template_id_foreign` (`invoice_template_id`),
  KEY `invoice_organisation_id_foreign` (`organisation_id`),
  CONSTRAINT `invoice_invoice_template_id_foreign` FOREIGN KEY (`invoice_template_id`) REFERENCES `invoice_template` (`id`),
  CONSTRAINT `invoice_organisation_id_foreign` FOREIGN KEY (`organisation_id`) REFERENCES `organisation` (`id`)
) ENGINE=InnoDB DEFAULT CHARSET=utf8 COLLATE=utf8_unicode_ci;
/*!40101 SET character_set_client = @saved_cs_client */;

--
-- Dumping data for table `invoice`
--

LOCK TABLES `invoice` WRITE;
/*!40000 ALTER TABLE `invoice` DISABLE KEYS */;
/*!40000 ALTER TABLE `invoice` ENABLE KEYS */;
UNLOCK TABLES;

--
-- Table structure for table `invoice_calendar`
--

DROP TABLE IF EXISTS `invoice_calendar`;
/*!40101 SET @saved_cs_client     = @@character_set_client */;
/*!40101 SET character_set_client = utf8 */;
CREATE TABLE `invoice_calendar` (
  `id` int(10) unsigned NOT NULL AUTO_INCREMENT,
  `created_at` timestamp NOT NULL DEFAULT '0000-00-00 00:00:00',
  `updated_at` timestamp NOT NULL DEFAULT '0000-00-00 00:00:00',
  `start_date` timestamp NOT NULL DEFAULT '0000-00-00 00:00:00',
  `period` enum('week','fortnight','four week','month') COLLATE utf8_unicode_ci NOT NULL,
  PRIMARY KEY (`id`)
) ENGINE=InnoDB DEFAULT CHARSET=utf8 COLLATE=utf8_unicode_ci;
/*!40101 SET character_set_client = @saved_cs_client */;

--
-- Dumping data for table `invoice_calendar`
--

LOCK TABLES `invoice_calendar` WRITE;
/*!40000 ALTER TABLE `invoice_calendar` DISABLE KEYS */;
/*!40000 ALTER TABLE `invoice_calendar` ENABLE KEYS */;
UNLOCK TABLES;

--
-- Table structure for table `invoice_item`
--

DROP TABLE IF EXISTS `invoice_item`;
/*!40101 SET @saved_cs_client     = @@character_set_client */;
/*!40101 SET character_set_client = utf8 */;
CREATE TABLE `invoice_item` (
  `id` int(10) unsigned NOT NULL AUTO_INCREMENT,
  `created_at` timestamp NOT NULL DEFAULT '0000-00-00 00:00:00',
  `updated_at` timestamp NOT NULL DEFAULT '0000-00-00 00:00:00',
  `invoice_id` int(10) unsigned NOT NULL,
  `user_id` int(10) unsigned NOT NULL,
  `billable_rate_id` int(10) unsigned NOT NULL,
  `invoice_item_template_id` int(10) unsigned NOT NULL,
  `quantity` float(8,2) NOT NULL,
  `description` varchar(255) COLLATE utf8_unicode_ci NOT NULL,
  PRIMARY KEY (`id`),
  KEY `invoice_item_invoice_id_foreign` (`invoice_id`),
  KEY `invoice_item_user_id_foreign` (`user_id`),
  KEY `invoice_item_billable_rate_id_foreign` (`billable_rate_id`),
  KEY `invoice_item_invoice_item_template_id_foreign` (`invoice_item_template_id`),
  CONSTRAINT `invoice_item_billable_rate_id_foreign` FOREIGN KEY (`billable_rate_id`) REFERENCES `billable_rate` (`id`),
  CONSTRAINT `invoice_item_invoice_id_foreign` FOREIGN KEY (`invoice_id`) REFERENCES `invoice` (`id`),
  CONSTRAINT `invoice_item_invoice_item_template_id_foreign` FOREIGN KEY (`invoice_item_template_id`) REFERENCES `invoice_item_template` (`id`),
  CONSTRAINT `invoice_item_user_id_foreign` FOREIGN KEY (`user_id`) REFERENCES `user` (`id`)
) ENGINE=InnoDB DEFAULT CHARSET=utf8 COLLATE=utf8_unicode_ci;
/*!40101 SET character_set_client = @saved_cs_client */;

--
-- Dumping data for table `invoice_item`
--

LOCK TABLES `invoice_item` WRITE;
/*!40000 ALTER TABLE `invoice_item` DISABLE KEYS */;
/*!40000 ALTER TABLE `invoice_item` ENABLE KEYS */;
UNLOCK TABLES;

--
-- Table structure for table `invoice_item_template`
--

DROP TABLE IF EXISTS `invoice_item_template`;
/*!40101 SET @saved_cs_client     = @@character_set_client */;
/*!40101 SET character_set_client = utf8 */;
CREATE TABLE `invoice_item_template` (
  `id` int(10) unsigned NOT NULL AUTO_INCREMENT,
  `created_at` timestamp NOT NULL DEFAULT '0000-00-00 00:00:00',
  `updated_at` timestamp NOT NULL DEFAULT '0000-00-00 00:00:00',
  `team_id` int(10) unsigned NOT NULL,
  `invoice_template_id` int(10) unsigned NOT NULL,
  `account` varchar(255) COLLATE utf8_unicode_ci NOT NULL,
  `tracking` varchar(255) COLLATE utf8_unicode_ci NOT NULL,
  `description_template` varchar(255) COLLATE utf8_unicode_ci NOT NULL,
  `tax_rate` varchar(255) COLLATE utf8_unicode_ci DEFAULT NULL,
  PRIMARY KEY (`id`),
  KEY `invoice_item_template_team_id_foreign` (`team_id`),
  KEY `invoice_item_template_invoice_template_id_foreign` (`invoice_template_id`),
  CONSTRAINT `invoice_item_template_invoice_template_id_foreign` FOREIGN KEY (`invoice_template_id`) REFERENCES `invoice_template` (`id`),
  CONSTRAINT `invoice_item_template_team_id_foreign` FOREIGN KEY (`team_id`) REFERENCES `team` (`id`)
) ENGINE=InnoDB DEFAULT CHARSET=utf8 COLLATE=utf8_unicode_ci;
/*!40101 SET character_set_client = @saved_cs_client */;

--
-- Dumping data for table `invoice_item_template`
--

LOCK TABLES `invoice_item_template` WRITE;
/*!40000 ALTER TABLE `invoice_item_template` DISABLE KEYS */;
/*!40000 ALTER TABLE `invoice_item_template` ENABLE KEYS */;
UNLOCK TABLES;

--
-- Table structure for table `invoice_template`
--

DROP TABLE IF EXISTS `invoice_template`;
/*!40101 SET @saved_cs_client     = @@character_set_client */;
/*!40101 SET character_set_client = utf8 */;
CREATE TABLE `invoice_template` (
  `id` int(10) unsigned NOT NULL AUTO_INCREMENT,
  `created_at` timestamp NOT NULL DEFAULT '0000-00-00 00:00:00',
  `updated_at` timestamp NOT NULL DEFAULT '0000-00-00 00:00:00',
  `invoice_calendar_id` int(10) unsigned NOT NULL,
  `organisation_id` int(10) unsigned NOT NULL,
  `integration_id` int(10) unsigned NOT NULL,
  `branding_theme` varchar(255) COLLATE utf8_unicode_ci NOT NULL,
  `contact` varchar(255) COLLATE utf8_unicode_ci NOT NULL,
  `tax_included` tinyint(1) NOT NULL,
  `reference_template` varchar(255) COLLATE utf8_unicode_ci NOT NULL,
  `status` enum('draft','pending approval','approved') COLLATE utf8_unicode_ci NOT NULL,
  `name` varchar(255) COLLATE utf8_unicode_ci NOT NULL,
  `issued_date_offset` int(11) NOT NULL,
  `next_run_date` timestamp NOT NULL DEFAULT '0000-00-00 00:00:00',
  PRIMARY KEY (`id`),
  KEY `invoice_template_invoice_calendar_id_foreign` (`invoice_calendar_id`),
  KEY `invoice_template_organisation_id_foreign` (`organisation_id`),
  KEY `invoice_template_integration_id_foreign` (`integration_id`),
  CONSTRAINT `invoice_template_integration_id_foreign` FOREIGN KEY (`integration_id`) REFERENCES `integrations` (`id`),
  CONSTRAINT `invoice_template_invoice_calendar_id_foreign` FOREIGN KEY (`invoice_calendar_id`) REFERENCES `invoice_calendar` (`id`),
  CONSTRAINT `invoice_template_organisation_id_foreign` FOREIGN KEY (`organisation_id`) REFERENCES `organisation` (`id`)
) ENGINE=InnoDB DEFAULT CHARSET=utf8 COLLATE=utf8_unicode_ci;
/*!40101 SET character_set_client = @saved_cs_client */;

--
-- Dumping data for table `invoice_template`
--

LOCK TABLES `invoice_template` WRITE;
/*!40000 ALTER TABLE `invoice_template` DISABLE KEYS */;
/*!40000 ALTER TABLE `invoice_template` ENABLE KEYS */;
UNLOCK TABLES;

--
-- Table structure for table `message`
--

DROP TABLE IF EXISTS `message`;
/*!40101 SET @saved_cs_client     = @@character_set_client */;
/*!40101 SET character_set_client = utf8 */;
CREATE TABLE `message` (
  `id` int(10) unsigned NOT NULL AUTO_INCREMENT,
  `sent_by` int(10) unsigned NOT NULL,
  `recipient_id` int(10) unsigned NOT NULL,
  `subject` varchar(45) COLLATE utf8_unicode_ci NOT NULL,
  `content` varchar(500) COLLATE utf8_unicode_ci NOT NULL,
  `created_at` timestamp NULL DEFAULT NULL,
  `updated_at` timestamp NULL DEFAULT NULL,
  PRIMARY KEY (`id`),
  KEY `message_sent_by_foreign` (`sent_by`),
  KEY `message_recipient_id_foreign` (`recipient_id`),
  CONSTRAINT `message_recipient_id_foreign` FOREIGN KEY (`recipient_id`) REFERENCES `user` (`id`),
  CONSTRAINT `message_sent_by_foreign` FOREIGN KEY (`sent_by`) REFERENCES `user` (`id`)
) ENGINE=InnoDB AUTO_INCREMENT=5 DEFAULT CHARSET=utf8 COLLATE=utf8_unicode_ci;
/*!40101 SET character_set_client = @saved_cs_client */;

--
-- Dumping data for table `message`
--

LOCK TABLES `message` WRITE;
/*!40000 ALTER TABLE `message` DISABLE KEYS */;
/*!40000 ALTER TABLE `message` ENABLE KEYS */;
UNLOCK TABLES;

--
-- Table structure for table `message_notification_preference`
--

DROP TABLE IF EXISTS `message_notification_preference`;
/*!40101 SET @saved_cs_client     = @@character_set_client */;
/*!40101 SET character_set_client = utf8 */;
CREATE TABLE `message_notification_preference` (
  `id` int(10) unsigned NOT NULL AUTO_INCREMENT,
  `name` varchar(45) COLLATE utf8_unicode_ci NOT NULL,
  `description` varchar(200) COLLATE utf8_unicode_ci DEFAULT NULL,
  `created_at` timestamp NULL DEFAULT NULL,
  `updated_at` timestamp NULL DEFAULT NULL,
  PRIMARY KEY (`id`)
) ENGINE=InnoDB AUTO_INCREMENT=4 DEFAULT CHARSET=utf8 COLLATE=utf8_unicode_ci;
/*!40101 SET character_set_client = @saved_cs_client */;

--
-- Dumping data for table `message_notification_preference`
--

LOCK TABLES `message_notification_preference` WRITE;
/*!40000 ALTER TABLE `message_notification_preference` DISABLE KEYS */;
INSERT INTO `message_notification_preference` VALUES (1,'testpreference',NULL,NULL,NULL),(2,'testpreference',NULL,'2016-01-10 06:42:00','2016-01-10 06:42:00'),(3,'testpreference',NULL,'2016-01-10 06:49:08','2016-01-10 06:49:08');
/*!40000 ALTER TABLE `message_notification_preference` ENABLE KEYS */;
UNLOCK TABLES;

--
-- Table structure for table `migrations`
--

DROP TABLE IF EXISTS `migrations`;
/*!40101 SET @saved_cs_client     = @@character_set_client */;
/*!40101 SET character_set_client = utf8 */;
CREATE TABLE `migrations` (
  `migration` varchar(255) COLLATE utf8_unicode_ci NOT NULL,
  `batch` int(11) NOT NULL
) ENGINE=InnoDB DEFAULT CHARSET=utf8 COLLATE=utf8_unicode_ci;
/*!40101 SET character_set_client = @saved_cs_client */;

--
-- Dumping data for table `migrations`
--

LOCK TABLES `migrations` WRITE;
/*!40000 ALTER TABLE `migrations` DISABLE KEYS */;
INSERT INTO `migrations` VALUES ('2016_02_09_223125_create_adherence_exception_table',1),('2016_02_09_223125_create_avail_general_table',1),('2016_02_09_223125_create_avail_specific_table',1),('2016_02_09_223125_create_billable_rate_table',1),('2016_02_09_223125_create_campaign_table',1),('2016_02_09_223125_create_city_table',1),('2016_02_09_223125_create_config_group_table',1),('2016_02_09_223125_create_config_priority_table',1),('2016_02_09_223125_create_configuration_config_group_table',1),('2016_02_09_223125_create_configuration_table',1),('2016_02_09_223125_create_employment_rules_template_table',1),('2016_02_09_223125_create_forecast_method_table',1),('2016_02_09_223125_create_integrations_table',1),('2016_02_09_223125_create_invoice_calendar_table',1),('2016_02_09_223125_create_invoice_item_table',1),('2016_02_09_223125_create_invoice_item_template_table',1),('2016_02_09_223125_create_invoice_table',1),('2016_02_09_223125_create_invoice_template_table',1),('2016_02_09_223125_create_message_notification_preference_table',1),('2016_02_09_223125_create_message_table',1),('2016_02_09_223125_create_notification_preference_table',1),('2016_02_09_223125_create_org_avail_gen_table',1),('2016_02_09_223125_create_org_avail_spec_table',1),('2016_02_09_223125_create_org_integration_config_option_table',1),('2016_02_09_223125_create_org_integration_config_table',1),('2016_02_09_223125_create_organisation_integrations_table',1),('2016_02_09_223125_create_organisation_table',1),('2016_02_09_223125_create_partner_table',1),('2016_02_09_223125_create_password_reminders_table',1),('2016_02_09_223125_create_pay_rate_table',1),('2016_02_09_223125_create_payment_info_table',1),('2016_02_09_223125_create_plan_table',1),('2016_02_09_223125_create_role_table',1),('2016_02_09_223125_create_roster_break_table',1),('2016_02_09_223125_create_roster_comments_table',1),('2016_02_09_223125_create_roster_editable_by_table',1),('2016_02_09_223125_create_roster_table',1),('2016_02_09_223125_create_rostered_shift_history_table',1),('2016_02_09_223125_create_rostered_shift_modified_table',1),('2016_02_09_223125_create_rostered_shift_table',1),('2016_02_09_223125_create_schedule_table',1),('2016_02_09_223125_create_scheduled_shift_table',1),('2016_02_09_223125_create_shift_role_table',1),('2016_02_09_223125_create_shift_tasks_history_table',1),('2016_02_09_223125_create_shift_tasks_table',1),('2016_02_09_223125_create_site_table',1),('2016_02_09_223125_create_subtasks_table',1),('2016_02_09_223125_create_tasks_table',1),('2016_02_09_223125_create_team_avail_gen_table',1),('2016_02_09_223125_create_team_avail_spec_table',1),('2016_02_09_223125_create_team_table',1),('2016_02_09_223125_create_timesheet_break_table',1),('2016_02_09_223125_create_timesheet_integrations_table',1),('2016_02_09_223125_create_timesheet_shift_table',1),('2016_02_09_223125_create_timesheet_table',1),('2016_02_09_223125_create_user_avail_gen_table',1),('2016_02_09_223125_create_user_avail_spec_table',1),('2016_02_09_223125_create_user_billable_rate_table',1),('2016_02_09_223125_create_user_event_table',1),('2016_02_09_223125_create_user_integrations_table',1),('2016_02_09_223125_create_user_pay_rate_table',1),('2016_02_09_223125_create_user_role_table',1),('2016_02_09_223125_create_user_table',1),('2016_02_09_223125_create_workstreams_table',1),('2016_02_09_223128_add_foreign_keys_to_adherence_exception_table',1),('2016_02_09_223128_add_foreign_keys_to_campaign_table',1),('2016_02_09_223128_add_foreign_keys_to_config_priority_table',1),('2016_02_09_223128_add_foreign_keys_to_configuration_config_group_table',1),('2016_02_09_223128_add_foreign_keys_to_employment_rules_template_table',1),('2016_02_09_223128_add_foreign_keys_to_invoice_item_table',1),('2016_02_09_223128_add_foreign_keys_to_invoice_item_template_table',1),('2016_02_09_223128_add_foreign_keys_to_invoice_table',1),('2016_02_09_223128_add_foreign_keys_to_invoice_template_table',1),('2016_02_09_223128_add_foreign_keys_to_message_table',1),('2016_02_09_223128_add_foreign_keys_to_org_avail_gen_table',1),('2016_02_09_223128_add_foreign_keys_to_org_avail_spec_table',1),('2016_02_09_223128_add_foreign_keys_to_org_integration_config_option_table',1),('2016_02_09_223128_add_foreign_keys_to_org_integration_config_table',1),('2016_02_09_223128_add_foreign_keys_to_organisation_integrations_table',1),('2016_02_09_223128_add_foreign_keys_to_organisation_table',1),('2016_02_09_223128_add_foreign_keys_to_partner_table',1),('2016_02_09_223128_add_foreign_keys_to_role_table',1),('2016_02_09_223128_add_foreign_keys_to_roster_break_table',1),('2016_02_09_223128_add_foreign_keys_to_roster_comments_table',1),('2016_02_09_223128_add_foreign_keys_to_roster_editable_by_table',1),('2016_02_09_223128_add_foreign_keys_to_roster_table',1),('2016_02_09_223128_add_foreign_keys_to_rostered_shift_history_table',1),('2016_02_09_223128_add_foreign_keys_to_rostered_shift_modified_table',1),('2016_02_09_223128_add_foreign_keys_to_rostered_shift_table',1),('2016_02_09_223128_add_foreign_keys_to_schedule_table',1),('2016_02_09_223128_add_foreign_keys_to_scheduled_shift_table',1),('2016_02_09_223128_add_foreign_keys_to_shift_role_table',1),('2016_02_09_223128_add_foreign_keys_to_shift_tasks_history_table',1),('2016_02_09_223128_add_foreign_keys_to_shift_tasks_table',1),('2016_02_09_223128_add_foreign_keys_to_site_table',1),('2016_02_09_223128_add_foreign_keys_to_subtasks_table',1),('2016_02_09_223128_add_foreign_keys_to_tasks_table',1),('2016_02_09_223128_add_foreign_keys_to_team_avail_gen_table',1),('2016_02_09_223128_add_foreign_keys_to_team_avail_spec_table',1),('2016_02_09_223128_add_foreign_keys_to_team_table',1),('2016_02_09_223128_add_foreign_keys_to_timesheet_break_table',1),('2016_02_09_223128_add_foreign_keys_to_timesheet_integrations_table',1),('2016_02_09_223128_add_foreign_keys_to_timesheet_shift_table',1),('2016_02_09_223128_add_foreign_keys_to_timesheet_table',1),('2016_02_09_223128_add_foreign_keys_to_user_avail_gen_table',1),('2016_02_09_223128_add_foreign_keys_to_user_avail_spec_table',1),('2016_02_09_223128_add_foreign_keys_to_user_billable_rate_table',1),('2016_02_09_223128_add_foreign_keys_to_user_event_table',1),('2016_02_09_223128_add_foreign_keys_to_user_integrations_table',1),('2016_02_09_223128_add_foreign_keys_to_user_pay_rate_table',1),('2016_02_09_223128_add_foreign_keys_to_user_role_table',1),('2016_02_09_223128_add_foreign_keys_to_user_table',1),('2016_02_09_223128_add_foreign_keys_to_workstreams_table',1),('2016_02_15_232408_add_timezone_to_organisation_table',2),('2016_02_26_040213_create_features_table',3),('2016_02_26_040244_create_org_features_table',3),('2016_03_02_041705_modify_org_feature_table',4),('2016_03_03_045241_create_revision_table',4),('2016_03_03_045309_create_revision_shift_table',4),('2016_03_31_042720_add_team_id_to_revisions_table',5);
/*!40000 ALTER TABLE `migrations` ENABLE KEYS */;
UNLOCK TABLES;

--
-- Table structure for table `notification_preference`
--

DROP TABLE IF EXISTS `notification_preference`;
/*!40101 SET @saved_cs_client     = @@character_set_client */;
/*!40101 SET character_set_client = utf8 */;
CREATE TABLE `notification_preference` (
  `id` int(10) unsigned NOT NULL AUTO_INCREMENT,
  `name` varchar(45) COLLATE utf8_unicode_ci NOT NULL,
  `description` varchar(200) COLLATE utf8_unicode_ci DEFAULT NULL,
  `created_at` timestamp NULL DEFAULT NULL,
  `updated_at` timestamp NULL DEFAULT NULL,
  PRIMARY KEY (`id`)
) ENGINE=InnoDB AUTO_INCREMENT=4 DEFAULT CHARSET=utf8 COLLATE=utf8_unicode_ci;
/*!40101 SET character_set_client = @saved_cs_client */;

--
-- Dumping data for table `notification_preference`
--

LOCK TABLES `notification_preference` WRITE;
/*!40000 ALTER TABLE `notification_preference` DISABLE KEYS */;
INSERT INTO `notification_preference` VALUES (1,'testpreference',NULL,NULL,NULL),(2,'testpreference',NULL,'2016-01-10 06:42:00','2016-01-10 06:42:00'),(3,'testpreference',NULL,'2016-01-10 06:49:08','2016-01-10 06:49:08');
/*!40000 ALTER TABLE `notification_preference` ENABLE KEYS */;
UNLOCK TABLES;

--
-- Table structure for table `org_avail_gen`
--

DROP TABLE IF EXISTS `org_avail_gen`;
/*!40101 SET @saved_cs_client     = @@character_set_client */;
/*!40101 SET character_set_client = utf8 */;
CREATE TABLE `org_avail_gen` (
  `organisation_id` int(10) unsigned NOT NULL,
  `availability_general_id` int(10) unsigned NOT NULL,
  `created_at` timestamp NULL DEFAULT NULL,
  `updated_at` timestamp NULL DEFAULT NULL,
  KEY `org_avail_gen_organisation_id_foreign` (`organisation_id`),
  KEY `org_avail_gen_availability_general_id_foreign` (`availability_general_id`),
  CONSTRAINT `org_avail_gen_availability_general_id_foreign` FOREIGN KEY (`availability_general_id`) REFERENCES `avail_general` (`id`),
  CONSTRAINT `org_avail_gen_organisation_id_foreign` FOREIGN KEY (`organisation_id`) REFERENCES `organisation` (`id`)
) ENGINE=InnoDB DEFAULT CHARSET=utf8 COLLATE=utf8_unicode_ci;
/*!40101 SET character_set_client = @saved_cs_client */;

--
-- Dumping data for table `org_avail_gen`
--

LOCK TABLES `org_avail_gen` WRITE;
/*!40000 ALTER TABLE `org_avail_gen` DISABLE KEYS */;
INSERT INTO `org_avail_gen` VALUES (23,271,'2016-04-06 06:36:46','2016-04-06 06:36:46'),(23,272,'2016-04-06 06:36:46','2016-04-06 06:36:46'),(23,273,'2016-04-06 06:36:46','2016-04-06 06:36:46'),(23,274,'2016-04-06 06:36:46','2016-04-06 06:36:46'),(23,275,'2016-04-06 06:36:46','2016-04-06 06:36:46'),(23,207,'2016-04-06 06:36:46','2016-04-06 06:36:46'),(23,208,'2016-04-06 06:36:46','2016-04-06 06:36:46');
/*!40000 ALTER TABLE `org_avail_gen` ENABLE KEYS */;
UNLOCK TABLES;

--
-- Table structure for table `org_avail_spec`
--

DROP TABLE IF EXISTS `org_avail_spec`;
/*!40101 SET @saved_cs_client     = @@character_set_client */;
/*!40101 SET character_set_client = utf8 */;
CREATE TABLE `org_avail_spec` (
  `organisation_id` int(10) unsigned NOT NULL,
  `availability_specific_id` int(10) unsigned NOT NULL,
  `notes` varchar(200) COLLATE utf8_unicode_ci NOT NULL,
  `created_at` timestamp NULL DEFAULT NULL,
  `updated_at` timestamp NULL DEFAULT NULL,
  KEY `org_avail_spec_organisation_id_foreign` (`organisation_id`),
  KEY `org_avail_spec_availability_specific_id_foreign` (`availability_specific_id`),
  CONSTRAINT `org_avail_spec_availability_specific_id_foreign` FOREIGN KEY (`availability_specific_id`) REFERENCES `avail_specific` (`id`),
  CONSTRAINT `org_avail_spec_organisation_id_foreign` FOREIGN KEY (`organisation_id`) REFERENCES `organisation` (`id`)
) ENGINE=InnoDB DEFAULT CHARSET=utf8 COLLATE=utf8_unicode_ci;
/*!40101 SET character_set_client = @saved_cs_client */;

--
-- Dumping data for table `org_avail_spec`
--

LOCK TABLES `org_avail_spec` WRITE;
/*!40000 ALTER TABLE `org_avail_spec` DISABLE KEYS */;
/*!40000 ALTER TABLE `org_avail_spec` ENABLE KEYS */;
UNLOCK TABLES;

--
-- Table structure for table `org_features`
--

DROP TABLE IF EXISTS `org_features`;
/*!40101 SET @saved_cs_client     = @@character_set_client */;
/*!40101 SET character_set_client = utf8 */;
CREATE TABLE `org_features` (
  `id` int(10) unsigned NOT NULL AUTO_INCREMENT,
  `created_at` timestamp NOT NULL DEFAULT '0000-00-00 00:00:00',
  `updated_at` timestamp NOT NULL DEFAULT '0000-00-00 00:00:00',
  `organisation_id` int(10) unsigned NOT NULL,
  `feature_id` int(10) unsigned NOT NULL,
  `enabled` tinyint(1) NOT NULL DEFAULT '1',
  PRIMARY KEY (`id`),
  KEY `org_features_organisation_id_foreign` (`organisation_id`),
  KEY `org_features_feature_id_foreign` (`feature_id`),
  CONSTRAINT `org_features_feature_id_foreign` FOREIGN KEY (`feature_id`) REFERENCES `features` (`id`),
  CONSTRAINT `org_features_organisation_id_foreign` FOREIGN KEY (`organisation_id`) REFERENCES `organisation` (`id`)
) ENGINE=InnoDB AUTO_INCREMENT=9 DEFAULT CHARSET=utf8 COLLATE=utf8_unicode_ci;
/*!40101 SET character_set_client = @saved_cs_client */;

--
-- Dumping data for table `org_features`
--

LOCK TABLES `org_features` WRITE;
/*!40000 ALTER TABLE `org_features` DISABLE KEYS */;
INSERT INTO `org_features` VALUES (1,'0000-00-00 00:00:00','0000-00-00 00:00:00',23,1,0),(2,'0000-00-00 00:00:00','0000-00-00 00:00:00',23,2,0),(3,'0000-00-00 00:00:00','0000-00-00 00:00:00',23,7,0),(4,'0000-00-00 00:00:00','0000-00-00 00:00:00',23,8,1),(5,'0000-00-00 00:00:00','0000-00-00 00:00:00',23,9,1),(6,'0000-00-00 00:00:00','0000-00-00 00:00:00',23,10,1),(7,'0000-00-00 00:00:00','0000-00-00 00:00:00',23,3,0),(8,'0000-00-00 00:00:00','0000-00-00 00:00:00',23,13,0);
/*!40000 ALTER TABLE `org_features` ENABLE KEYS */;
UNLOCK TABLES;

--
-- Table structure for table `org_integration_config`
--

DROP TABLE IF EXISTS `org_integration_config`;
/*!40101 SET @saved_cs_client     = @@character_set_client */;
/*!40101 SET character_set_client = utf8 */;
CREATE TABLE `org_integration_config` (
  `id` int(10) unsigned NOT NULL AUTO_INCREMENT,
  `created_at` timestamp NOT NULL DEFAULT '0000-00-00 00:00:00',
  `updated_at` timestamp NOT NULL DEFAULT '0000-00-00 00:00:00',
  `organisation_integrations_id` int(10) unsigned NOT NULL,
  `option_key` varchar(255) COLLATE utf8_unicode_ci NOT NULL,
  `value` varchar(255) COLLATE utf8_unicode_ci DEFAULT NULL,
  PRIMARY KEY (`id`),
  KEY `org_integration_config_organisation_integrations_id_foreign` (`organisation_integrations_id`),
  CONSTRAINT `org_integration_config_organisation_integrations_id_foreign` FOREIGN KEY (`organisation_integrations_id`) REFERENCES `organisation_integrations` (`id`)
) ENGINE=InnoDB AUTO_INCREMENT=6 DEFAULT CHARSET=utf8 COLLATE=utf8_unicode_ci;
/*!40101 SET character_set_client = @saved_cs_client */;

--
-- Dumping data for table `org_integration_config`
--

LOCK TABLES `org_integration_config` WRITE;
/*!40000 ALTER TABLE `org_integration_config` DISABLE KEYS */;
/*!40000 ALTER TABLE `org_integration_config` ENABLE KEYS */;
UNLOCK TABLES;

--
-- Table structure for table `org_integration_config_option`
--

DROP TABLE IF EXISTS `org_integration_config_option`;
/*!40101 SET @saved_cs_client     = @@character_set_client */;
/*!40101 SET character_set_client = utf8 */;
CREATE TABLE `org_integration_config_option` (
  `id` int(10) unsigned NOT NULL AUTO_INCREMENT,
  `created_at` timestamp NOT NULL DEFAULT '0000-00-00 00:00:00',
  `updated_at` timestamp NOT NULL DEFAULT '0000-00-00 00:00:00',
  `org_integration_config_id` int(10) unsigned NOT NULL,
  `identifier` varchar(255) COLLATE utf8_unicode_ci NOT NULL,
  `option` varchar(20000) COLLATE utf8_unicode_ci NOT NULL,
  PRIMARY KEY (`id`),
  KEY `org_integration_config_option_org_integration_config_id_foreign` (`org_integration_config_id`),
  CONSTRAINT `org_integration_config_option_org_integration_config_id_foreign` FOREIGN KEY (`org_integration_config_id`) REFERENCES `org_integration_config` (`id`)
) ENGINE=InnoDB AUTO_INCREMENT=1528 DEFAULT CHARSET=utf8 COLLATE=utf8_unicode_ci;
/*!40101 SET character_set_client = @saved_cs_client */;

--
-- Dumping data for table `org_integration_config_option`
--

LOCK TABLES `org_integration_config_option` WRITE;
/*!40000 ALTER TABLE `org_integration_config_option` DISABLE KEYS */;
/*!40000 ALTER TABLE `org_integration_config_option` ENABLE KEYS */;
UNLOCK TABLES;

--
-- Table structure for table `organisation`
--

DROP TABLE IF EXISTS `organisation`;
/*!40101 SET @saved_cs_client     = @@character_set_client */;
/*!40101 SET character_set_client = utf8 */;
CREATE TABLE `organisation` (
  `id` int(10) unsigned NOT NULL AUTO_INCREMENT,
  `name` varchar(100) COLLATE utf8_unicode_ci DEFAULT NULL,
  `business_registration` varchar(45) COLLATE utf8_unicode_ci DEFAULT NULL,
  `address` varchar(200) COLLATE utf8_unicode_ci DEFAULT NULL,
  `post_code` varchar(45) COLLATE utf8_unicode_ci DEFAULT NULL,
  `city_id` int(10) unsigned DEFAULT NULL,
  `phone` varchar(45) COLLATE utf8_unicode_ci DEFAULT NULL,
  `email` varchar(45) COLLATE utf8_unicode_ci DEFAULT NULL,
  `plan_id` int(10) unsigned NOT NULL,
  `payment_info_id` int(10) unsigned NOT NULL,
  `created_at` timestamp NULL DEFAULT NULL,
  `updated_at` timestamp NULL DEFAULT NULL,
  `api_token` varchar(128) COLLATE utf8_unicode_ci NOT NULL,
  `subdomain` varchar(50) COLLATE utf8_unicode_ci NOT NULL,
  `setup_wizard_complete` tinyint(1) NOT NULL DEFAULT '0',
  `timezone` varchar(200) COLLATE utf8_unicode_ci NOT NULL,
  PRIMARY KEY (`id`),
  KEY `organisation_payment_info_id_foreign` (`payment_info_id`),
  KEY `organisation_plan_id_foreign` (`plan_id`),
  KEY `organisation_city_id_foreign` (`city_id`),
  CONSTRAINT `organisation_city_id_foreign` FOREIGN KEY (`city_id`) REFERENCES `city` (`id`),
  CONSTRAINT `organisation_payment_info_id_foreign` FOREIGN KEY (`payment_info_id`) REFERENCES `plan` (`id`),
  CONSTRAINT `organisation_plan_id_foreign` FOREIGN KEY (`plan_id`) REFERENCES `payment_info` (`id`)
) ENGINE=InnoDB AUTO_INCREMENT=24 DEFAULT CHARSET=utf8 COLLATE=utf8_unicode_ci;
/*!40101 SET character_set_client = @saved_cs_client */;

--
-- Dumping data for table `organisation`
--

LOCK TABLES `organisation` WRITE;
/*!40000 ALTER TABLE `organisation` DISABLE KEYS */;
INSERT INTO `organisation` VALUES (23,'Perpetual Investments',NULL,'Angel Place, 123 Pitt St','2000',34,'0292299000','investments@perpetual.com.au',1,1,'2016-01-10 06:53:11','2016-02-24 00:13:09','JByNkhyyEeptNjRDK9gsIv4p1EKMEGgNIUbs3Ph8tMq8w9B77ioFTiuJm6WqC35KMV4FkaCUnsSZrUVn3AtMieWKas2ckvmxGg3r75CknU0UpV9iVsu4MGDmy5FZprMw','perpetual',1,'Australia/Sydney');
/*!40000 ALTER TABLE `organisation` ENABLE KEYS */;
UNLOCK TABLES;

--
-- Table structure for table `organisation_integrations`
--

DROP TABLE IF EXISTS `organisation_integrations`;
/*!40101 SET @saved_cs_client     = @@character_set_client */;
/*!40101 SET character_set_client = utf8 */;
CREATE TABLE `organisation_integrations` (
  `id` int(10) unsigned NOT NULL AUTO_INCREMENT,
  `created_at` timestamp NOT NULL DEFAULT '0000-00-00 00:00:00',
  `updated_at` timestamp NOT NULL DEFAULT '0000-00-00 00:00:00',
  `integration_id` int(10) unsigned NOT NULL,
  `organisation_id` int(10) unsigned NOT NULL,
  `configuration` longtext COLLATE utf8_unicode_ci NOT NULL,
  PRIMARY KEY (`id`),
  KEY `organisation_integrations_integration_id_foreign` (`integration_id`),
  KEY `organisation_integrations_organisation_id_foreign` (`organisation_id`),
  CONSTRAINT `organisation_integrations_integration_id_foreign` FOREIGN KEY (`integration_id`) REFERENCES `integrations` (`id`) ON DELETE CASCADE ON UPDATE CASCADE,
  CONSTRAINT `organisation_integrations_organisation_id_foreign` FOREIGN KEY (`organisation_id`) REFERENCES `organisation` (`id`) ON DELETE CASCADE ON UPDATE CASCADE
) ENGINE=InnoDB AUTO_INCREMENT=5 DEFAULT CHARSET=utf8 COLLATE=utf8_unicode_ci;
/*!40101 SET character_set_client = @saved_cs_client */;

--
-- Dumping data for table `organisation_integrations`
--

LOCK TABLES `organisation_integrations` WRITE;
/*!40000 ALTER TABLE `organisation_integrations` DISABLE KEYS */;
/*!40000 ALTER TABLE `organisation_integrations` ENABLE KEYS */;
UNLOCK TABLES;

--
-- Table structure for table `partner`
--

DROP TABLE IF EXISTS `partner`;
/*!40101 SET @saved_cs_client     = @@character_set_client */;
/*!40101 SET character_set_client = utf8 */;
CREATE TABLE `partner` (
  `id` int(10) unsigned NOT NULL AUTO_INCREMENT,
  `created_at` timestamp NOT NULL DEFAULT '0000-00-00 00:00:00',
  `updated_at` timestamp NOT NULL DEFAULT '0000-00-00 00:00:00',
  `name` varchar(255) COLLATE utf8_unicode_ci NOT NULL,
  `description` varchar(255) COLLATE utf8_unicode_ci NOT NULL,
  `organisation_id` int(10) unsigned NOT NULL,
  PRIMARY KEY (`id`),
  KEY `partner_organisation_id_foreign` (`organisation_id`),
  CONSTRAINT `partner_organisation_id_foreign` FOREIGN KEY (`organisation_id`) REFERENCES `organisation` (`id`)
) ENGINE=InnoDB AUTO_INCREMENT=8 DEFAULT CHARSET=utf8 COLLATE=utf8_unicode_ci;
/*!40101 SET character_set_client = @saved_cs_client */;

--
-- Dumping data for table `partner`
--

LOCK TABLES `partner` WRITE;
/*!40000 ALTER TABLE `partner` DISABLE KEYS */;
INSERT INTO `partner` VALUES (7,'0000-00-00 00:00:00','0000-00-00 00:00:00','Partner','Partner',23);
/*!40000 ALTER TABLE `partner` ENABLE KEYS */;
UNLOCK TABLES;

--
-- Table structure for table `password_reminders`
--

DROP TABLE IF EXISTS `password_reminders`;
/*!40101 SET @saved_cs_client     = @@character_set_client */;
/*!40101 SET character_set_client = utf8 */;
CREATE TABLE `password_reminders` (
  `email` varchar(255) COLLATE utf8_unicode_ci NOT NULL,
  `token` varchar(255) COLLATE utf8_unicode_ci NOT NULL,
  `created_at` timestamp NOT NULL DEFAULT '0000-00-00 00:00:00',
  KEY `password_reminders_email_index` (`email`),
  KEY `password_reminders_token_index` (`token`)
) ENGINE=InnoDB DEFAULT CHARSET=utf8 COLLATE=utf8_unicode_ci;
/*!40101 SET character_set_client = @saved_cs_client */;

--
-- Dumping data for table `password_reminders`
--

LOCK TABLES `password_reminders` WRITE;
/*!40000 ALTER TABLE `password_reminders` DISABLE KEYS */;
INSERT INTO `password_reminders` VALUES ('test@test.com','be34deb78aeae7a36fa9cec8be705d8950ed8298','2016-01-10 07:54:23'),('test@tes2t.com','02b395fd20ce3a6c6ab602566f1ed7768bb1cdc8','2016-01-10 08:11:01'),('dev@qk.com.au','04038ba0f53251400ccf1db4273223ce4e2070bd','2016-01-12 10:07:09'),('barry.yallop@perpetual.com.au','afdf2243ab1243af49f5da382437b4b3d90e8d47','2016-01-29 03:49:25'),('support@rapportcms.com.au','47acc1360c907c61fbae9627fa50729f32e987cf','2016-02-23 22:32:32'),('laura.maxwell@perpetual.com.au','ff93e706ce5ed377bfd2da91e75f888055d16887b133ea0aa234d9f8158e7769','2016-02-24 03:43:33'),('wendy.chan@perpetual.com.au','bffeb147c5d9120b32177b4dd24633ca4eb250082fdd13b3aa6b4f699ad6d111','2016-02-24 03:49:05'),('aalia.hassan@perpetual.com.au','f277c3126beb4c9fb7d8f44e9b5f1c1f6d08ba59c476a44875ac6fc24bef827a','2016-03-30 00:02:55'),('barton.lynch@perpetual.com.au','532d7c362ffc8742fe4b709b2d8864b8a470bd131450583b3038c6771f537ef9','2016-03-30 00:03:02'),('daniel.simpson@perpetual.com.au','80f2f075a493cb2763bf300b5b547b872409b66540071429f0c4b4371a688df4','2016-03-30 00:03:05'),('gajanan.mahendra-rajah@perpetual.com.au','4a203829cdc8aedf9c214db39647cf94e953ff76d4a6aaa82fa11669a68fb302','2016-03-30 00:03:14'),('gerardo.garcia@perpetual.com.au','5b96b365cbe71c8210e127da57487b709289be11b1ab400c1bf2c588ddd296c4','2016-03-30 00:03:18'),('jack.montgomery@perpetual.com.au','a2b3dc889a2b4e2302382582fb62fc26bcb15dcd839986fbf8a81ab83c3fba1b','2016-03-30 00:03:22'),('pav.sivaneeswaran@perpetual.com','1321949a736396a7e31f29f993ecd15b7ee8b31f2b66c4369fde06fbc15ca313','2016-03-30 00:03:39'),('tristan.hsu@perpetual.com.au','242b8eaa2f7ff1ff0582dd07d1d07b8c3d6b973a2978c0a4eafadc26f0081fa4','2016-03-30 00:03:44'),('barbara.lea@perpatual.com.au','8a5578008fe1766127717bef12a29b2ce896ac850e9ccee0d2953cecc5f842c1','2016-03-30 02:48:43'),('carolyn.tran@perpetual.com.au','b83a5e568f16e9626d757eac9a2af1ecd10d0ad55c0babdbe888364d17ec4333','2016-03-30 02:48:50'),('daniel.wilken@perpetual.com.au','82b16954c59895c541a686f999b6988c09f3d40f9c074881b5ab6213beb5baaa','2016-03-30 02:48:53'),('helynn.moon@perpetual.com.au','b43eeda2a135cef2a9cc8bbf333770b0dbec142e899f2f687cde802e03bc3edc','2016-03-30 02:48:57'),('jan.sharkey@perpetual.com.au','ca8124f830c66acb492689596039c154240f47d3868961b084e9ca01c296ccc6','2016-03-30 02:49:03'),('noreen.buhain@perpetual.com.au','078ae92350277c3791243ef9072606411135e37ed40dc9ae3eb6d65915306d68','2016-03-30 02:49:06'),('sandra.misilele@perpetual.com.au','30cab7e6dbf3320fa845e734697df1278568aeeae875dbfca9144c0bde30bd56','2016-03-30 02:49:09'),('tiate.tan@perpetual.com.au','5ea597109af0a640a9abf5e5adb0ec4b24f2dbd7f41d9277783a894ce1410383','2016-03-30 02:49:12'),('wendy.chen@perpetual.com.au','8055f2cb1076cbf8c7f1a1cb92e68ee945cf4a52ddd83966f16014508e295365','2016-03-30 02:49:15'),('kenley.chan@perpetual.com.au','459b7932712b930aa2bdadaaaa17d3096556dd3652b126f035c5a0f3f29b8618','2016-03-30 03:09:10');
/*!40000 ALTER TABLE `password_reminders` ENABLE KEYS */;
UNLOCK TABLES;

--
-- Table structure for table `pay_rate`
--

DROP TABLE IF EXISTS `pay_rate`;
/*!40101 SET @saved_cs_client     = @@character_set_client */;
/*!40101 SET character_set_client = utf8 */;
CREATE TABLE `pay_rate` (
  `id` int(10) unsigned NOT NULL AUTO_INCREMENT,
  `pay_rate` float(8,2) NOT NULL,
  `description` varchar(200) COLLATE utf8_unicode_ci DEFAULT NULL,
  `created_at` timestamp NULL DEFAULT NULL,
  `updated_at` timestamp NULL DEFAULT NULL,
  `unit_type` enum('hour','day') COLLATE utf8_unicode_ci NOT NULL DEFAULT 'hour',
  PRIMARY KEY (`id`)
) ENGINE=InnoDB AUTO_INCREMENT=199 DEFAULT CHARSET=utf8 COLLATE=utf8_unicode_ci;
/*!40101 SET character_set_client = @saved_cs_client */;

--
-- Dumping data for table `pay_rate`
--

LOCK TABLES `pay_rate` WRITE;
/*!40000 ALTER TABLE `pay_rate` DISABLE KEYS */;
INSERT INTO `pay_rate` VALUES (194,0.00,NULL,'2016-01-10 07:10:31','2016-01-10 07:10:31','hour'),(195,0.00,NULL,'2016-01-28 23:45:58','2016-01-28 23:45:58',''),(196,1000000.00,NULL,'2016-01-28 23:46:59','2016-01-28 23:46:59',''),(197,1000.00,NULL,'2016-01-28 23:47:11','2016-01-28 23:47:11',''),(198,1.00,NULL,'2016-01-28 23:47:14','2016-01-28 23:47:14','');
/*!40000 ALTER TABLE `pay_rate` ENABLE KEYS */;
UNLOCK TABLES;

--
-- Table structure for table `payment_info`
--

DROP TABLE IF EXISTS `payment_info`;
/*!40101 SET @saved_cs_client     = @@character_set_client */;
/*!40101 SET character_set_client = utf8 */;
CREATE TABLE `payment_info` (
  `id` int(10) unsigned NOT NULL AUTO_INCREMENT,
  `created_at` timestamp NULL DEFAULT NULL,
  `updated_at` timestamp NULL DEFAULT NULL,
  PRIMARY KEY (`id`)
) ENGINE=InnoDB AUTO_INCREMENT=4 DEFAULT CHARSET=utf8 COLLATE=utf8_unicode_ci;
/*!40101 SET character_set_client = @saved_cs_client */;

--
-- Dumping data for table `payment_info`
--

LOCK TABLES `payment_info` WRITE;
/*!40000 ALTER TABLE `payment_info` DISABLE KEYS */;
INSERT INTO `payment_info` VALUES (1,NULL,NULL),(2,'2016-01-10 06:42:00','2016-01-10 06:42:00'),(3,'2016-01-10 06:49:08','2016-01-10 06:49:08');
/*!40000 ALTER TABLE `payment_info` ENABLE KEYS */;
UNLOCK TABLES;

--
-- Table structure for table `plan`
--

DROP TABLE IF EXISTS `plan`;
/*!40101 SET @saved_cs_client     = @@character_set_client */;
/*!40101 SET character_set_client = utf8 */;
CREATE TABLE `plan` (
  `id` int(10) unsigned NOT NULL AUTO_INCREMENT,
  `name` varchar(45) COLLATE utf8_unicode_ci NOT NULL,
  `created_at` timestamp NULL DEFAULT NULL,
  `updated_at` timestamp NULL DEFAULT NULL,
  PRIMARY KEY (`id`)
) ENGINE=InnoDB AUTO_INCREMENT=4 DEFAULT CHARSET=utf8 COLLATE=utf8_unicode_ci;
/*!40101 SET character_set_client = @saved_cs_client */;

--
-- Dumping data for table `plan`
--

LOCK TABLES `plan` WRITE;
/*!40000 ALTER TABLE `plan` DISABLE KEYS */;
INSERT INTO `plan` VALUES (1,'testplan',NULL,NULL),(2,'testplan','2016-01-10 06:42:00','2016-01-10 06:42:00'),(3,'testplan','2016-01-10 06:49:08','2016-01-10 06:49:08');
/*!40000 ALTER TABLE `plan` ENABLE KEYS */;
UNLOCK TABLES;

--
-- Table structure for table `revision_shifts`
--

DROP TABLE IF EXISTS `revision_shifts`;
/*!40101 SET @saved_cs_client     = @@character_set_client */;
/*!40101 SET character_set_client = utf8 */;
CREATE TABLE `revision_shifts` (
  `id` int(10) unsigned NOT NULL AUTO_INCREMENT,
  `created_at` timestamp NOT NULL DEFAULT '0000-00-00 00:00:00',
  `updated_at` timestamp NOT NULL DEFAULT '0000-00-00 00:00:00',
  `roster_id` int(10) unsigned DEFAULT NULL,
  `shift_id` int(10) unsigned DEFAULT NULL,
  `old_user_id` int(10) unsigned DEFAULT NULL,
  `old_date` date DEFAULT NULL,
  `old_start_time` datetime DEFAULT NULL,
  `old_end_time` datetime DEFAULT NULL,
  `new_user_id` int(10) unsigned DEFAULT NULL,
  `new_date` date DEFAULT NULL,
  `new_start_time` datetime DEFAULT NULL,
  `new_end_time` datetime DEFAULT NULL,
  `shift_task_id` int(10) unsigned DEFAULT NULL,
  `task_id` int(10) unsigned DEFAULT NULL,
  `old_shift_task_start_time` datetime DEFAULT NULL,
  `old_shift_task_end_time` datetime DEFAULT NULL,
  `new_shift_task_start_time` datetime DEFAULT NULL,
  `new_shift_task_end_time` datetime DEFAULT NULL,
  `revision_id` int(10) unsigned NOT NULL,
  `status` int(11) NOT NULL,
  PRIMARY KEY (`id`),
  KEY `revision_shifts_old_user_id_foreign` (`old_user_id`),
  KEY `revision_shifts_new_user_id_foreign` (`new_user_id`),
  KEY `revision_shifts_task_id_foreign` (`task_id`),
  KEY `revision_shifts_revision_id_foreign` (`revision_id`),
  CONSTRAINT `revision_shifts_new_user_id_foreign` FOREIGN KEY (`new_user_id`) REFERENCES `user` (`id`),
  CONSTRAINT `revision_shifts_old_user_id_foreign` FOREIGN KEY (`old_user_id`) REFERENCES `user` (`id`),
  CONSTRAINT `revision_shifts_revision_id_foreign` FOREIGN KEY (`revision_id`) REFERENCES `revisions` (`id`),
  CONSTRAINT `revision_shifts_task_id_foreign` FOREIGN KEY (`task_id`) REFERENCES `tasks` (`id`)
) ENGINE=InnoDB AUTO_INCREMENT=7 DEFAULT CHARSET=utf8 COLLATE=utf8_unicode_ci;
/*!40101 SET character_set_client = @saved_cs_client */;

--
-- Dumping data for table `revision_shifts`
--

LOCK TABLES `revision_shifts` WRITE;
/*!40000 ALTER TABLE `revision_shifts` DISABLE KEYS */;
INSERT INTO `revision_shifts` VALUES (1,'2016-03-21 22:53:58','2016-03-21 22:53:58',647,7342,173,'2016-03-21','2016-03-20 22:30:00','2016-03-21 07:00:00',NULL,NULL,NULL,NULL,NULL,NULL,NULL,NULL,NULL,NULL,1,103),(2,'2016-03-21 22:53:58','2016-03-21 22:53:58',647,7347,174,'2016-03-21','2016-03-20 22:30:00','2016-03-21 07:00:00',NULL,NULL,NULL,NULL,NULL,NULL,NULL,NULL,NULL,NULL,1,103),(3,'2016-06-23 07:03:07','2016-06-23 07:03:07',711,8872,NULL,NULL,NULL,NULL,205,'2016-06-22','2016-06-21 21:45:00','2016-06-22 05:45:00',NULL,NULL,NULL,NULL,NULL,NULL,2,104),(4,'2016-06-23 07:03:18','2016-06-23 07:03:18',711,8872,205,'2016-06-22','2016-06-21 21:45:00','2016-06-22 05:45:00',NULL,NULL,'2016-06-22 01:15:00',NULL,NULL,NULL,NULL,NULL,NULL,NULL,3,105),(5,'2016-06-24 00:49:41','2016-06-24 00:49:41',711,8893,NULL,NULL,NULL,NULL,205,'2016-06-24','2016-06-24 00:50:00','2016-06-24 01:05:00',NULL,NULL,NULL,NULL,NULL,NULL,4,104),(6,'2016-06-24 00:49:51','2016-06-24 00:49:51',711,8893,205,'2016-06-24','2016-06-24 00:50:00','2016-06-24 01:05:00',NULL,NULL,NULL,'2016-06-24 08:00:00',NULL,NULL,NULL,NULL,NULL,NULL,5,105);
/*!40000 ALTER TABLE `revision_shifts` ENABLE KEYS */;
UNLOCK TABLES;

--
-- Table structure for table `revisions`
--

DROP TABLE IF EXISTS `revisions`;
/*!40101 SET @saved_cs_client     = @@character_set_client */;
/*!40101 SET character_set_client = utf8 */;
CREATE TABLE `revisions` (
  `id` int(10) unsigned NOT NULL AUTO_INCREMENT,
  `created_at` timestamp NOT NULL DEFAULT '0000-00-00 00:00:00',
  `updated_at` timestamp NOT NULL DEFAULT '0000-00-00 00:00:00',
  `date_start` date NOT NULL,
  `date_end` date NOT NULL,
  `modified_by` int(10) unsigned NOT NULL,
  `organisation_id` int(10) unsigned NOT NULL,
  `team_id` int(10) unsigned NOT NULL,
  PRIMARY KEY (`id`),
  KEY `revisions_modified_by_foreign` (`modified_by`),
  CONSTRAINT `revisions_modified_by_foreign` FOREIGN KEY (`modified_by`) REFERENCES `user` (`id`)
) ENGINE=InnoDB AUTO_INCREMENT=6 DEFAULT CHARSET=utf8 COLLATE=utf8_unicode_ci;
/*!40101 SET character_set_client = @saved_cs_client */;

--
-- Dumping data for table `revisions`
--

LOCK TABLES `revisions` WRITE;
/*!40000 ALTER TABLE `revisions` DISABLE KEYS */;
INSERT INTO `revisions` VALUES (1,'2016-03-21 22:53:58','2016-03-21 22:53:58','2016-03-21','2016-03-21',159,23,0),(2,'2016-06-23 07:03:07','2016-06-23 07:03:07','2016-06-22','2016-06-22',205,23,36),(3,'2016-06-23 07:03:18','2016-06-23 07:03:18','2016-06-22','2016-06-22',205,23,36),(4,'2016-06-24 00:49:41','2016-06-24 00:49:41','2016-06-20','2016-06-26',205,23,36),(5,'2016-06-24 00:49:51','2016-06-24 00:49:51','2016-06-20','2016-06-26',205,23,36);
/*!40000 ALTER TABLE `revisions` ENABLE KEYS */;
UNLOCK TABLES;

--
-- Table structure for table `role`
--

DROP TABLE IF EXISTS `role`;
/*!40101 SET @saved_cs_client     = @@character_set_client */;
/*!40101 SET character_set_client = utf8 */;
CREATE TABLE `role` (
  `id` int(10) unsigned NOT NULL AUTO_INCREMENT,
  `organisation_id` int(10) unsigned NOT NULL,
  `name` varchar(100) COLLATE utf8_unicode_ci NOT NULL,
  `description` varchar(200) COLLATE utf8_unicode_ci NOT NULL,
  `created_at` timestamp NULL DEFAULT NULL,
  `updated_at` timestamp NULL DEFAULT NULL,
  PRIMARY KEY (`id`),
  KEY `role_organisation_id_foreign` (`organisation_id`),
  CONSTRAINT `role_organisation_id_foreign` FOREIGN KEY (`organisation_id`) REFERENCES `organisation` (`id`)
) ENGINE=InnoDB AUTO_INCREMENT=11 DEFAULT CHARSET=utf8 COLLATE=utf8_unicode_ci;
/*!40101 SET character_set_client = @saved_cs_client */;

--
-- Dumping data for table `role`
--

LOCK TABLES `role` WRITE;
/*!40000 ALTER TABLE `role` DISABLE KEYS */;
INSERT INTO `role` VALUES (5,23,'Management','Management',NULL,NULL),(6,23,'Consultant','Consultant','2016-01-28 22:15:36','2016-01-28 22:15:36'),(7,23,'SME','Team Senior - subject matter expert/quality','2016-01-28 22:15:36','2016-02-15 23:35:53'),(8,23,'Nurture','General Advice Consultant','2016-01-29 03:48:04','2016-02-15 23:35:53'),(9,23,'P1','Perpetual One','2016-01-29 03:48:04','2016-02-15 23:36:34');
/*!40000 ALTER TABLE `role` ENABLE KEYS */;
UNLOCK TABLES;

--
-- Table structure for table `roster`
--

DROP TABLE IF EXISTS `roster`;
/*!40101 SET @saved_cs_client     = @@character_set_client */;
/*!40101 SET character_set_client = utf8 */;
CREATE TABLE `roster` (
  `id` int(10) unsigned NOT NULL AUTO_INCREMENT,
  `team_id` int(10) unsigned NOT NULL,
  `date_start` date NOT NULL,
  `date_ending` date NOT NULL,
  `roster_stage` enum('pending','submitted','approved','released','denied') COLLATE utf8_unicode_ci DEFAULT NULL,
  `created_at` timestamp NULL DEFAULT NULL,
  `updated_at` timestamp NULL DEFAULT NULL,
  `notes` mediumtext COLLATE utf8_unicode_ci NOT NULL,
  PRIMARY KEY (`id`),
  KEY `roster_team_id_foreign` (`team_id`),
  CONSTRAINT `roster_team_id_foreign` FOREIGN KEY (`team_id`) REFERENCES `team` (`id`)
) ENGINE=InnoDB AUTO_INCREMENT=721 DEFAULT CHARSET=utf8 COLLATE=utf8_unicode_ci;
/*!40101 SET character_set_client = @saved_cs_client */;

--
-- Dumping data for table `roster`
--

LOCK TABLES `roster` WRITE;
/*!40000 ALTER TABLE `roster` DISABLE KEYS */;
INSERT INTO `roster` VALUES (616,36,'2016-01-11','2016-01-17','released','2016-01-16 23:01:38','2016-01-16 23:39:36',''),(617,36,'2016-01-04','2016-01-10','pending','2016-01-16 23:01:50','2016-01-16 23:01:50',''),(618,36,'2015-11-09','2015-11-15','pending','2016-01-16 23:01:56','2016-01-16 23:01:56',''),(619,36,'2016-01-18','2016-01-24','pending','2016-01-16 23:24:51','2016-01-16 23:24:51',''),(620,36,'2016-01-25','2016-01-31','pending','2016-01-16 23:24:54','2016-01-16 23:24:54',''),(621,36,'2016-02-01','2016-02-07','pending','2016-01-16 23:24:55','2016-01-16 23:24:55',''),(622,36,'2016-02-08','2016-02-14','pending','2016-01-16 23:24:56','2016-01-16 23:24:56',''),(623,45,'2016-01-18','2016-01-24','pending','2016-01-18 03:48:27','2016-01-18 03:48:27',''),(624,45,'2016-01-18','2016-01-24','pending','2016-01-18 04:21:16','2016-01-18 04:21:16',''),(625,41,'2016-01-18','2016-01-24','pending','2016-01-18 04:22:26','2016-01-18 04:22:26',''),(626,40,'2016-01-18','2016-01-24','pending','2016-01-18 04:49:10','2016-01-18 04:49:10',''),(627,45,'2016-01-18','2016-01-24','pending','2016-01-18 04:49:27','2016-01-18 04:49:27',''),(628,45,'2016-01-25','2016-01-31','released','2016-01-28 21:52:33','2016-01-28 21:55:12',''),(629,45,'2016-02-01','2016-02-07','released','2016-01-28 21:52:41','2016-01-28 21:53:25',''),(630,45,'2016-02-08','2016-02-14','released','2016-01-28 21:53:29','2016-01-28 21:53:48',''),(631,45,'2016-02-15','2016-02-21','released','2016-01-28 21:53:52','2016-01-28 21:54:05',''),(632,45,'2016-02-22','2016-02-28','released','2016-01-28 21:54:30','2016-01-29 03:55:34',''),(633,45,'2016-02-29','2016-03-06','pending','2016-01-28 21:54:31','2016-01-28 21:54:31',''),(634,45,'2016-01-11','2016-01-17','pending','2016-01-28 21:54:37','2016-01-28 21:54:37',''),(635,45,'2016-01-04','2016-01-10','pending','2016-01-28 21:54:38','2016-01-28 21:54:38',''),(636,45,'2015-12-28','2016-01-03','pending','2016-01-28 21:54:38','2016-01-28 21:54:38',''),(637,45,'2015-12-21','2015-12-27','pending','2016-01-28 21:54:38','2016-01-28 21:54:38',''),(638,45,'2015-12-14','2015-12-20','pending','2016-01-28 21:54:39','2016-01-28 21:54:39',''),(639,45,'2015-12-07','2015-12-13','pending','2016-01-28 21:54:39','2016-01-28 21:54:39',''),(640,45,'2015-11-30','2015-12-06','pending','2016-01-28 21:54:39','2016-01-28 21:54:39',''),(641,45,'2015-11-23','2015-11-29','pending','2016-01-28 21:54:49','2016-01-28 21:54:49',''),(642,36,'2016-02-22','2016-02-28','pending','2016-01-28 21:56:15','2016-01-28 21:56:15',''),(643,36,'2016-02-15','2016-02-21','pending','2016-01-28 21:56:18','2016-01-28 21:56:18',''),(644,45,'2016-03-07','2016-03-13','pending','2016-01-28 21:57:06','2016-01-28 21:57:06',''),(645,40,'2016-01-25','2016-01-31','released','2016-01-28 23:47:29','2016-01-28 23:48:37',''),(646,45,'2016-03-14','2016-03-20','pending','2016-01-28 23:49:53','2016-01-28 23:49:53',''),(647,45,'2016-03-21','2016-03-27','released','2016-01-28 23:49:54','2016-03-02 22:12:15',''),(648,45,'2016-02-08','2016-02-14','pending','2016-01-28 23:50:18','2016-01-28 23:50:18',''),(649,45,'2016-02-01','2016-02-07','pending','2016-01-29 00:10:55','2016-01-29 00:10:55',''),(650,40,'2016-02-01','2016-02-07','pending','2016-01-29 00:34:35','2016-01-29 00:34:35',''),(651,45,'2016-02-22','2016-02-28','pending','2016-02-02 05:17:36','2016-02-02 05:17:36',''),(652,45,'2016-02-15','2016-02-21','pending','2016-02-02 05:17:37','2016-02-02 05:17:37',''),(653,45,'2016-02-29','2016-03-06','pending','2016-02-02 05:17:39','2016-02-02 05:17:39',''),(654,45,'2016-03-07','2016-03-13','pending','2016-02-02 05:17:40','2016-02-02 05:17:40',''),(655,45,'2016-02-01','2016-02-07','released','2016-02-02 05:45:36','2016-02-02 05:50:21',''),(656,45,'2016-02-15','2016-02-21','pending','2016-02-02 05:51:08','2016-02-02 05:51:08',''),(657,45,'2016-02-22','2016-02-28','pending','2016-02-02 05:51:09','2016-02-02 05:51:09',''),(658,36,'2016-02-29','2016-03-06','pending','2016-02-28 21:37:05','2016-02-28 21:37:05',''),(659,44,'2016-03-07','2016-03-13','pending','2016-02-29 23:28:34','2016-02-29 23:28:34',''),(660,36,'2016-03-07','2016-03-13','pending','2016-03-02 01:30:13','2016-03-02 01:30:13',''),(661,36,'2016-03-14','2016-03-20','pending','2016-03-02 22:12:55','2016-03-02 22:12:55',''),(662,36,'2016-03-21','2016-03-27','pending','2016-03-02 22:12:55','2016-03-02 22:12:55',''),(663,36,'2016-03-28','2016-04-03','pending','2016-03-02 22:12:56','2016-03-02 22:12:56',''),(664,45,'2016-03-28','2016-04-03','released','2016-03-02 22:13:00','2016-03-30 01:16:59',''),(665,36,'2016-04-04','2016-04-10','pending','2016-03-02 22:15:09','2016-03-02 22:15:09',''),(666,45,'2016-04-04','2016-04-10','pending','2016-03-03 01:25:10','2016-03-03 01:25:10',''),(667,45,'2016-04-11','2016-04-17','pending','2016-03-03 01:59:55','2016-03-03 01:59:55',''),(668,44,'2016-02-29','2016-03-06','pending','2016-03-03 04:01:43','2016-03-03 04:01:43',''),(669,44,'2016-03-14','2016-03-20','pending','2016-03-03 04:14:21','2016-03-03 04:14:21',''),(670,44,'2016-03-21','2016-03-27','pending','2016-03-03 04:14:27','2016-03-03 04:14:27',''),(671,40,'2016-03-14','2016-03-20','pending','2016-03-17 02:26:50','2016-03-17 02:26:50',''),(672,40,'2016-03-07','2016-03-13','pending','2016-03-17 02:26:53','2016-03-17 02:26:53',''),(673,40,'2016-02-29','2016-03-06','pending','2016-03-17 02:26:54','2016-03-17 02:26:54',''),(674,40,'2016-02-22','2016-02-28','pending','2016-03-17 02:26:55','2016-03-17 02:26:55',''),(675,41,'2016-03-21','2016-03-27','pending','2016-03-21 02:49:41','2016-03-21 02:49:41',''),(676,40,'2016-03-21','2016-03-27','pending','2016-03-21 02:49:44','2016-03-21 02:49:44',''),(677,36,'2016-04-11','2016-04-17','pending','2016-03-30 01:02:52','2016-03-30 01:02:52',''),(678,44,'2016-04-11','2016-04-17','pending','2016-03-30 01:02:58','2016-03-30 01:02:58',''),(679,40,'2016-03-28','2016-04-03','pending','2016-03-30 02:24:36','2016-03-30 02:24:36',''),(680,44,'2016-03-28','2016-04-03','pending','2016-03-30 02:24:45','2016-03-30 02:24:45',''),(681,45,'2016-04-18','2016-04-24','pending','2016-04-21 23:40:15','2016-04-21 23:40:15',''),(682,45,'2016-04-25','2016-05-01','pending','2016-04-21 23:40:20','2016-04-21 23:40:20',''),(683,36,'2016-04-25','2016-05-01','pending','2016-04-26 23:29:37','2016-04-26 23:29:37',''),(684,40,'2016-04-18','2016-04-24','pending','2016-04-28 02:00:21','2016-04-28 02:00:21',''),(685,36,'2016-04-18','2016-04-24','pending','2016-04-28 05:06:06','2016-04-28 05:06:06',''),(686,36,'2016-05-02','2016-05-08','pending','2016-05-04 05:50:25','2016-05-04 05:50:25',''),(687,45,'2016-05-09','2016-05-15','pending','2016-05-04 05:50:54','2016-05-04 05:50:54',''),(688,36,'2016-05-09','2016-05-15','pending','2016-05-13 04:12:04','2016-05-13 04:12:04',''),(689,36,'2016-05-16','2016-05-22','pending','2016-05-18 23:41:31','2016-05-18 23:41:31',''),(690,36,'2016-05-23','2016-05-29','pending','2016-05-18 23:41:59','2016-05-18 23:41:59',''),(691,45,'2016-05-16','2016-05-22','pending','2016-05-19 02:45:38','2016-05-19 02:45:38',''),(692,45,'2016-05-02','2016-05-08','pending','2016-05-19 02:45:47','2016-05-19 02:45:47',''),(693,40,'2016-05-16','2016-05-22','pending','2016-05-19 06:16:25','2016-05-19 06:16:25',''),(694,44,'2016-05-16','2016-05-22','pending','2016-05-19 06:34:34','2016-05-19 06:34:34',''),(695,45,'2016-05-23','2016-05-29','pending','2016-05-19 06:35:42','2016-05-19 06:35:42',''),(696,45,'2016-05-30','2016-06-05','pending','2016-05-19 06:36:08','2016-05-19 06:36:08',''),(697,44,'2016-05-23','2016-05-29','pending','2016-05-20 00:24:16','2016-05-20 00:24:16',''),(698,44,'2016-05-09','2016-05-15','pending','2016-05-20 00:24:19','2016-05-20 00:24:19',''),(699,40,'2016-05-23','2016-05-29','pending','2016-05-26 02:48:05','2016-05-26 02:48:05',''),(700,36,'2016-05-30','2016-06-05','pending','2016-05-30 00:02:03','2016-05-30 00:02:03',''),(701,44,'2016-05-30','2016-06-05','pending','2016-05-30 00:02:03','2016-05-30 00:02:03',''),(702,40,'2016-05-30','2016-06-05','pending','2016-06-02 06:03:16','2016-06-02 06:03:16',''),(703,44,'2016-06-06','2016-06-12','pending','2016-06-06 00:02:34','2016-06-06 00:02:34',''),(704,45,'2016-06-06','2016-06-12','pending','2016-06-06 00:02:34','2016-06-06 00:02:34',''),(705,36,'2016-06-06','2016-06-12','pending','2016-06-06 02:04:43','2016-06-06 02:04:43',''),(706,44,'2016-06-13','2016-06-19','pending','2016-06-13 15:13:26','2016-06-13 15:13:26',''),(707,45,'2016-06-13','2016-06-19','pending','2016-06-13 21:05:31','2016-06-13 21:05:31',''),(708,36,'2016-06-13','2016-06-19','pending','2016-06-13 23:01:57','2016-06-13 23:01:57',''),(709,44,'2016-06-20','2016-06-26','pending','2016-06-20 00:25:15','2016-06-20 00:25:15',''),(710,45,'2016-06-20','2016-06-26','pending','2016-06-20 05:00:49','2016-06-20 05:00:49',''),(711,36,'2016-06-20','2016-06-26','released','2016-06-20 07:20:07','2016-06-23 07:02:32',''),(712,36,'2016-06-27','2016-07-03','pending','2016-06-23 02:15:41','2016-06-23 02:15:41',''),(713,40,'2016-06-27','2016-07-03','pending','2016-06-23 02:15:47','2016-06-23 02:15:47',''),(714,40,'2016-06-20','2016-06-26','pending','2016-06-23 02:16:36','2016-06-23 02:16:36',''),(715,45,'2016-06-27','2016-07-03','pending','2016-06-27 00:00:40','2016-06-27 00:00:40',''),(716,44,'2016-06-27','2016-07-03','pending','2016-06-27 00:15:14','2016-06-27 00:15:14',''),(717,44,'2016-07-04','2016-07-10','pending','2016-07-04 00:35:13','2016-07-04 00:35:13',''),(718,36,'2016-07-04','2016-07-10','pending','2016-07-04 00:35:29','2016-07-04 00:35:29',''),(719,45,'2016-07-04','2016-07-10','pending','2016-07-04 04:45:14','2016-07-04 04:45:14',''),(720,40,'2016-07-04','2016-07-10','pending','2016-07-04 10:57:04','2016-07-04 10:57:04','');
/*!40000 ALTER TABLE `roster` ENABLE KEYS */;
UNLOCK TABLES;

--
-- Table structure for table `roster_break`
--

DROP TABLE IF EXISTS `roster_break`;
/*!40101 SET @saved_cs_client     = @@character_set_client */;
/*!40101 SET character_set_client = utf8 */;
CREATE TABLE `roster_break` (
  `id` int(10) unsigned NOT NULL AUTO_INCREMENT,
  `rostered_shift_id` int(10) unsigned NOT NULL,
  `start_time` timestamp NULL DEFAULT NULL,
  `finish_time` timestamp NULL DEFAULT NULL,
  `break_length` int(11) DEFAULT NULL,
  `created_at` timestamp NULL DEFAULT NULL,
  `updated_at` timestamp NULL DEFAULT NULL,
  PRIMARY KEY (`id`),
  KEY `roster_break_rostered_shift_id_foreign` (`rostered_shift_id`),
  CONSTRAINT `roster_break_rostered_shift_id_foreign` FOREIGN KEY (`rostered_shift_id`) REFERENCES `rostered_shift` (`id`)
) ENGINE=InnoDB DEFAULT CHARSET=utf8 COLLATE=utf8_unicode_ci;
/*!40101 SET character_set_client = @saved_cs_client */;

--
-- Dumping data for table `roster_break`
--

LOCK TABLES `roster_break` WRITE;
/*!40000 ALTER TABLE `roster_break` DISABLE KEYS */;
/*!40000 ALTER TABLE `roster_break` ENABLE KEYS */;
UNLOCK TABLES;

--
-- Table structure for table `roster_comments`
--

DROP TABLE IF EXISTS `roster_comments`;
/*!40101 SET @saved_cs_client     = @@character_set_client */;
/*!40101 SET character_set_client = utf8 */;
CREATE TABLE `roster_comments` (
  `id` int(10) unsigned NOT NULL AUTO_INCREMENT,
  `user_id` int(10) unsigned NOT NULL,
  `roster_id` int(10) unsigned NOT NULL,
  `comment` text COLLATE utf8_unicode_ci,
  `created_at` timestamp NULL DEFAULT NULL,
  `updated_at` timestamp NULL DEFAULT NULL,
  PRIMARY KEY (`id`),
  KEY `roster_comments_user_id_foreign` (`user_id`),
  KEY `roster_comments_roster_id_foreign` (`roster_id`),
  CONSTRAINT `roster_comments_roster_id_foreign` FOREIGN KEY (`roster_id`) REFERENCES `roster` (`id`),
  CONSTRAINT `roster_comments_user_id_foreign` FOREIGN KEY (`user_id`) REFERENCES `user` (`id`)
) ENGINE=InnoDB DEFAULT CHARSET=utf8 COLLATE=utf8_unicode_ci;
/*!40101 SET character_set_client = @saved_cs_client */;

--
-- Dumping data for table `roster_comments`
--

LOCK TABLES `roster_comments` WRITE;
/*!40000 ALTER TABLE `roster_comments` DISABLE KEYS */;
/*!40000 ALTER TABLE `roster_comments` ENABLE KEYS */;
UNLOCK TABLES;

--
-- Table structure for table `roster_editable_by`
--

DROP TABLE IF EXISTS `roster_editable_by`;
/*!40101 SET @saved_cs_client     = @@character_set_client */;
/*!40101 SET character_set_client = utf8 */;
CREATE TABLE `roster_editable_by` (
  `user_id` int(10) unsigned NOT NULL,
  `roster_id` int(10) unsigned NOT NULL,
  `created_at` timestamp NULL DEFAULT NULL,
  `updated_at` timestamp NULL DEFAULT NULL,
  KEY `roster_editable_by_roster_id_foreign` (`roster_id`),
  KEY `roster_editable_by_user_id_foreign` (`user_id`),
  CONSTRAINT `roster_editable_by_roster_id_foreign` FOREIGN KEY (`roster_id`) REFERENCES `roster` (`id`),
  CONSTRAINT `roster_editable_by_user_id_foreign` FOREIGN KEY (`user_id`) REFERENCES `user` (`id`)
) ENGINE=InnoDB DEFAULT CHARSET=utf8 COLLATE=utf8_unicode_ci;
/*!40101 SET character_set_client = @saved_cs_client */;

--
-- Dumping data for table `roster_editable_by`
--

LOCK TABLES `roster_editable_by` WRITE;
/*!40000 ALTER TABLE `roster_editable_by` DISABLE KEYS */;
/*!40000 ALTER TABLE `roster_editable_by` ENABLE KEYS */;
UNLOCK TABLES;

--
-- Table structure for table `rostered_shift`
--

DROP TABLE IF EXISTS `rostered_shift`;
/*!40101 SET @saved_cs_client     = @@character_set_client */;
/*!40101 SET character_set_client = utf8 */;
CREATE TABLE `rostered_shift` (
  `id` int(10) unsigned NOT NULL AUTO_INCREMENT,
  `roster_id` int(10) unsigned NOT NULL,
  `user_id` int(10) unsigned NOT NULL,
  `date` date NOT NULL,
  `rostered_start_time` timestamp NOT NULL DEFAULT '0000-00-00 00:00:00',
  `rostered_end_time` timestamp NOT NULL DEFAULT '0000-00-00 00:00:00',
  `start_time` timestamp NULL DEFAULT NULL,
  `end_time` timestamp NULL DEFAULT NULL,
  `notes` varchar(200) COLLATE utf8_unicode_ci DEFAULT NULL,
  `created_at` timestamp NULL DEFAULT NULL,
  `updated_at` timestamp NULL DEFAULT NULL,
  PRIMARY KEY (`id`),
  KEY `rostered_shift_roster_id_foreign` (`roster_id`),
  KEY `rostered_shift_user_id_foreign` (`user_id`),
  CONSTRAINT `rostered_shift_roster_id_foreign` FOREIGN KEY (`roster_id`) REFERENCES `roster` (`id`),
  CONSTRAINT `rostered_shift_user_id_foreign` FOREIGN KEY (`user_id`) REFERENCES `user` (`id`)
) ENGINE=InnoDB AUTO_INCREMENT=9161 DEFAULT CHARSET=utf8 COLLATE=utf8_unicode_ci;
/*!40101 SET character_set_client = @saved_cs_client */;

--
-- Dumping data for table `rostered_shift`
--

LOCK TABLES `rostered_shift` WRITE;
/*!40000 ALTER TABLE `rostered_shift` DISABLE KEYS */;
INSERT INTO `rostered_shift` VALUES (6263,621,159,'2016-02-01','2016-01-31 22:00:00','2016-02-01 06:00:00',NULL,NULL,'','2016-01-17 10:02:10','2016-01-17 10:02:10'),(6264,625,172,'2016-01-18','2016-01-17 21:30:00','2016-01-18 06:00:00',NULL,NULL,'','2016-01-18 04:23:24','2016-01-18 04:23:24'),(6265,629,168,'2016-02-01','2016-01-31 21:00:00','2016-02-01 07:00:00',NULL,NULL,'','2016-01-28 21:53:25','2016-02-02 05:48:42'),(6271,629,168,'2016-02-07','2016-02-06 22:00:00','2016-02-07 07:00:00',NULL,NULL,'','2016-01-28 21:53:25','2016-01-28 21:53:25'),(6272,630,168,'2016-02-08','2016-02-07 22:00:00','2016-02-08 07:00:00',NULL,NULL,'','2016-01-28 21:53:48','2016-01-28 21:53:48'),(6278,630,168,'2016-02-14','2016-02-13 22:00:00','2016-02-14 05:00:00',NULL,NULL,'','2016-01-28 21:53:48','2016-01-28 21:53:48'),(6279,631,168,'2016-02-15','2016-02-14 23:00:00','2016-02-15 04:00:00',NULL,NULL,'','2016-01-28 21:54:05','2016-01-28 21:54:05'),(6285,631,168,'2016-02-21','2016-02-20 23:00:00','2016-02-21 04:00:00',NULL,NULL,'','2016-01-28 21:54:05','2016-01-28 21:54:05'),(6286,628,168,'2016-01-25','2016-01-24 22:00:00','2016-01-25 04:00:00',NULL,NULL,'','2016-01-28 21:55:07','2016-01-28 21:55:07'),(6292,628,168,'2016-01-31','2016-01-30 22:00:00','2016-01-31 04:00:00',NULL,NULL,'','2016-01-28 21:55:07','2016-01-28 21:55:07'),(6293,628,173,'2016-01-25','2016-01-24 22:00:00','2016-01-25 06:30:00',NULL,NULL,'','2016-01-28 23:43:46','2016-01-28 23:43:46'),(6298,629,173,'2016-02-01','2016-01-31 21:00:00','2016-02-01 07:00:00',NULL,NULL,'','2016-01-28 23:44:28','2016-02-02 05:48:42'),(6303,630,173,'2016-02-08','2016-02-07 22:00:00','2016-02-08 04:00:00',NULL,NULL,'','2016-01-28 23:44:51','2016-01-28 23:44:51'),(6308,645,171,'2016-01-25','2016-01-24 21:30:00','2016-01-25 06:00:00',NULL,NULL,'','2016-01-28 23:48:37','2016-01-29 00:36:17'),(6309,645,171,'2016-01-26','2016-01-25 21:30:00','2016-01-26 06:00:00',NULL,NULL,'','2016-01-28 23:48:37','2016-01-29 00:36:17'),(6310,645,171,'2016-01-27','2016-01-26 21:30:00','2016-01-27 06:30:00',NULL,NULL,'','2016-01-28 23:48:37','2016-01-29 03:44:17'),(6311,645,171,'2016-01-28','2016-01-27 21:30:00','2016-01-28 06:00:00',NULL,NULL,'','2016-01-28 23:48:37','2016-01-29 00:36:17'),(6312,645,171,'2016-01-29','2016-01-28 21:30:00','2016-01-29 06:30:00',NULL,NULL,'','2016-01-28 23:48:37','2016-01-29 03:43:32'),(6313,628,174,'2016-01-25','2016-01-24 22:00:00','2016-01-25 06:00:00',NULL,NULL,'','2016-01-29 00:05:23','2016-01-29 00:05:23'),(6318,629,174,'2016-02-01','2016-01-31 23:00:00','2016-02-01 07:00:00',NULL,NULL,'','2016-01-29 00:05:51','2016-01-29 00:05:51'),(6323,630,174,'2016-02-08','2016-02-07 23:00:00','2016-02-08 07:00:00',NULL,NULL,'','2016-01-29 00:06:03','2016-01-29 00:06:03'),(6328,650,171,'2016-02-01','2016-02-01 00:11:00','2016-02-01 01:12:00',NULL,NULL,'','2016-01-29 03:44:45','2016-01-29 03:44:45'),(6336,632,173,'2016-02-22','2016-02-21 22:30:00','2016-02-22 07:00:00',NULL,NULL,'','2016-01-29 03:55:30','2016-03-03 01:37:28'),(6341,632,174,'2016-02-22','2016-02-21 20:30:00','2016-02-22 05:00:00',NULL,NULL,'','2016-01-29 03:55:30','2016-03-03 01:37:28'),(6346,629,176,'2016-02-01','2016-01-31 21:30:00','2016-02-01 06:00:00',NULL,NULL,'','2016-02-02 05:23:19','2016-02-02 05:23:19'),(6351,655,170,'2016-02-01','2016-01-31 21:00:00','2016-02-01 07:00:00',NULL,NULL,'','2016-02-02 05:50:12','2016-02-02 05:50:12'),(6352,655,170,'2016-02-02','2016-02-01 21:30:00','2016-02-02 06:30:00',NULL,NULL,'','2016-02-02 05:50:12','2016-02-02 05:50:12'),(6353,632,178,'2016-02-22','2016-02-21 20:30:00','2016-02-22 05:00:00',NULL,NULL,'','2016-02-25 23:54:38','2016-03-03 01:37:28'),(6358,632,180,'2016-02-22','2016-02-21 19:45:00','2016-02-22 04:25:00',NULL,NULL,'','2016-02-25 23:54:38','2016-03-03 01:37:28'),(6363,632,181,'2016-02-22','2016-02-21 20:30:00','2016-02-22 05:00:00',NULL,NULL,'','2016-02-25 23:54:38','2016-03-03 01:37:28'),(6368,632,183,'2016-02-22','2016-02-21 19:30:00','2016-02-22 04:00:00',NULL,NULL,'','2016-02-25 23:54:38','2016-03-03 01:37:28'),(6374,642,159,'2016-02-22','2016-02-22 09:00:00','2016-02-22 17:00:00',NULL,NULL,'','2016-02-26 04:28:56','2016-02-26 04:28:56'),(6375,633,173,'2016-02-29','2016-02-28 22:30:00','2016-02-29 07:00:00',NULL,NULL,'','2016-02-28 21:41:02','2016-03-03 01:13:42'),(6376,633,173,'2016-03-01','2016-03-01 09:30:00','2016-03-01 18:00:00',NULL,NULL,'','2016-02-28 21:41:02','2016-02-29 23:31:21'),(6377,633,173,'2016-03-02','2016-03-01 22:30:00','2016-03-02 07:00:00',NULL,NULL,'','2016-02-28 21:41:02','2016-03-03 01:13:42'),(6378,633,173,'2016-03-03','2016-03-02 22:30:00','2016-03-03 07:00:00',NULL,NULL,'','2016-02-28 21:41:02','2016-03-03 04:01:03'),(6379,633,173,'2016-03-04','2016-03-03 22:30:00','2016-03-04 07:00:00',NULL,NULL,'','2016-02-28 21:41:02','2016-03-02 22:04:09'),(6380,633,174,'2016-02-29','2016-02-28 22:30:00','2016-02-29 07:00:00',NULL,NULL,'','2016-02-28 21:43:39','2016-03-03 02:20:51'),(6382,633,174,'2016-03-02','2016-03-01 22:30:00','2016-03-02 07:00:00',NULL,NULL,'','2016-02-28 21:43:39','2016-03-03 01:13:42'),(6383,633,174,'2016-03-03','2016-03-02 22:30:00','2016-03-03 07:00:00',NULL,NULL,'','2016-02-28 21:43:39','2016-03-03 04:01:03'),(6384,633,174,'2016-03-04','2016-03-03 22:30:00','2016-03-04 07:00:00',NULL,NULL,'','2016-02-28 21:43:39','2016-03-03 02:20:51'),(6385,633,178,'2016-02-29','2016-02-28 22:30:00','2016-02-29 07:00:00',NULL,NULL,'','2016-02-28 21:43:39','2016-03-03 02:20:51'),(6387,633,178,'2016-03-02','2016-03-01 22:30:00','2016-03-02 07:00:00',NULL,NULL,'','2016-02-28 21:43:39','2016-03-03 02:20:51'),(6388,633,178,'2016-03-03','2016-03-02 22:30:00','2016-03-03 07:00:00',NULL,NULL,'','2016-02-28 21:43:39','2016-03-03 04:01:03'),(6389,633,178,'2016-03-04','2016-03-03 22:30:00','2016-03-04 07:00:00',NULL,NULL,'','2016-02-28 21:43:39','2016-03-03 02:20:51'),(6390,633,180,'2016-02-29','2016-02-28 21:45:00','2016-02-29 06:15:00',NULL,NULL,'','2016-02-28 21:43:39','2016-03-03 02:20:51'),(6391,633,180,'2016-03-01','2016-03-01 08:45:00','2016-03-01 17:15:00',NULL,NULL,'','2016-02-28 21:43:39','2016-03-03 02:20:51'),(6392,633,180,'2016-03-02','2016-03-01 21:45:00','2016-03-02 06:15:00',NULL,NULL,'','2016-02-28 21:43:39','2016-03-03 02:20:51'),(6393,633,180,'2016-03-03','2016-03-02 21:45:00','2016-03-03 06:15:00',NULL,NULL,'','2016-02-28 21:43:39','2016-03-03 04:01:03'),(6394,633,180,'2016-03-04','2016-03-03 21:45:00','2016-03-04 06:15:00',NULL,NULL,'','2016-02-28 21:43:39','2016-03-03 02:20:51'),(6395,633,181,'2016-02-29','2016-02-28 22:00:00','2016-02-29 06:30:00',NULL,NULL,'','2016-02-28 21:43:39','2016-03-03 02:20:51'),(6396,633,181,'2016-03-01','2016-03-01 09:30:00','2016-03-01 18:00:00',NULL,NULL,'','2016-02-28 21:43:39','2016-03-03 02:20:51'),(6397,633,181,'2016-03-02','2016-03-01 22:00:00','2016-03-02 06:30:00',NULL,NULL,'','2016-02-28 21:43:39','2016-03-03 02:20:51'),(6398,633,181,'2016-03-03','2016-03-02 22:00:00','2016-03-03 06:30:00',NULL,NULL,'','2016-02-28 21:43:39','2016-03-03 04:01:03'),(6399,633,181,'2016-03-04','2016-03-03 22:30:00','2016-03-04 07:00:00',NULL,NULL,'','2016-02-28 21:43:39','2016-03-03 02:20:51'),(6400,633,183,'2016-02-29','2016-02-28 21:30:00','2016-02-29 06:00:00',NULL,NULL,'','2016-02-28 21:43:39','2016-03-03 02:20:51'),(6401,633,183,'2016-03-01','2016-03-01 08:30:00','2016-03-01 17:00:00',NULL,NULL,'','2016-02-28 21:43:39','2016-03-03 02:20:51'),(6402,633,183,'2016-03-02','2016-03-01 21:30:00','2016-03-02 06:00:00',NULL,NULL,'','2016-02-28 21:43:39','2016-03-03 02:20:51'),(6403,633,183,'2016-03-03','2016-03-02 21:30:00','2016-03-03 06:00:00',NULL,NULL,'','2016-02-28 21:43:39','2016-03-03 04:01:03'),(6404,633,183,'2016-03-04','2016-03-03 21:30:00','2016-03-04 06:00:00',NULL,NULL,'','2016-02-28 21:43:39','2016-03-03 02:20:51'),(6405,633,177,'2016-02-29','2016-02-28 22:00:00','2016-02-29 06:30:00',NULL,NULL,'','2016-02-29 21:49:08','2016-03-03 01:13:42'),(6407,633,177,'2016-03-02','2016-03-01 22:00:00','2016-03-02 06:30:00',NULL,NULL,'','2016-02-29 21:49:08','2016-03-03 01:13:42'),(6408,633,177,'2016-03-03','2016-03-02 22:00:00','2016-03-03 06:30:00',NULL,NULL,'','2016-02-29 21:49:08','2016-03-03 04:01:03'),(6409,633,177,'2016-03-04','2016-03-03 22:00:00','2016-03-04 06:30:00',NULL,NULL,'','2016-02-29 21:49:08','2016-03-02 22:04:09'),(6410,633,186,'2016-02-29','2016-02-28 22:15:00','2016-02-29 06:45:00',NULL,NULL,'','2016-02-29 21:49:08','2016-03-03 01:14:46'),(6411,633,186,'2016-03-01','2016-03-01 09:15:00','2016-03-01 17:45:00',NULL,NULL,'','2016-02-29 21:49:08','2016-03-02 02:08:16'),(6412,633,186,'2016-03-02','2016-03-01 22:15:00','2016-03-02 06:45:00',NULL,NULL,'','2016-02-29 21:49:09','2016-03-03 01:14:46'),(6413,633,186,'2016-03-03','2016-03-02 22:15:00','2016-03-03 06:45:00',NULL,NULL,'','2016-02-29 21:49:09','2016-03-03 04:01:03'),(6414,633,186,'2016-03-04','2016-03-03 22:15:00','2016-03-04 06:45:00',NULL,NULL,'','2016-02-29 21:49:09','2016-03-02 22:04:09'),(6415,633,187,'2016-02-29','2016-02-28 22:30:00','2016-02-29 07:00:00',NULL,NULL,'','2016-02-29 21:49:09','2016-03-03 01:16:56'),(6416,633,187,'2016-03-01','2016-03-01 09:30:00','2016-03-01 18:00:00',NULL,NULL,'','2016-02-29 21:49:09','2016-03-02 02:08:16'),(6417,633,187,'2016-03-02','2016-03-01 22:30:00','2016-03-02 07:00:00',NULL,NULL,'','2016-02-29 21:49:09','2016-03-03 01:16:56'),(6418,633,187,'2016-03-03','2016-03-02 22:30:00','2016-03-03 07:00:00',NULL,NULL,'','2016-02-29 21:49:09','2016-03-03 04:01:03'),(6419,633,187,'2016-03-04','2016-03-03 22:30:00','2016-03-04 07:00:00',NULL,NULL,'','2016-02-29 21:49:09','2016-03-02 22:04:09'),(6420,633,188,'2016-02-29','2016-02-28 21:00:00','2016-02-29 05:30:00',NULL,NULL,'','2016-02-29 21:49:09','2016-03-03 02:20:51'),(6421,633,188,'2016-03-01','2016-03-01 08:00:00','2016-03-01 16:30:00',NULL,NULL,'','2016-02-29 21:49:09','2016-03-03 02:20:51'),(6422,633,188,'2016-03-02','2016-03-01 21:00:00','2016-03-02 05:30:00',NULL,NULL,'','2016-02-29 21:49:09','2016-03-03 02:20:51'),(6423,633,188,'2016-03-03','2016-03-02 22:00:00','2016-03-03 06:30:00',NULL,NULL,'','2016-02-29 21:49:09','2016-03-03 04:01:03'),(6424,633,188,'2016-03-04','2016-03-03 21:00:00','2016-03-04 05:30:00',NULL,NULL,'','2016-02-29 21:49:09','2016-03-03 02:20:51'),(6425,633,189,'2016-02-29','2016-02-28 22:00:00','2016-02-29 06:30:00',NULL,NULL,'','2016-02-29 21:49:09','2016-03-03 02:20:51'),(6426,633,189,'2016-03-01','2016-03-01 09:00:00','2016-03-01 17:30:00',NULL,NULL,'','2016-02-29 21:49:09','2016-03-03 02:20:51'),(6427,633,189,'2016-03-02','2016-03-01 22:00:00','2016-03-02 06:30:00',NULL,NULL,'','2016-02-29 21:49:09','2016-03-03 02:20:51'),(6428,633,189,'2016-03-03','2016-03-02 22:00:00','2016-03-03 06:30:00',NULL,NULL,'','2016-02-29 21:49:09','2016-03-03 04:01:03'),(6429,633,189,'2016-03-04','2016-03-03 22:00:00','2016-03-04 06:30:00',NULL,NULL,'','2016-02-29 21:49:09','2016-03-03 02:20:51'),(6430,633,190,'2016-02-29','2016-02-28 22:00:00','2016-02-29 06:00:00',NULL,NULL,'','2016-02-29 21:49:09','2016-03-03 02:20:51'),(6431,633,190,'2016-03-01','2016-03-01 09:00:00','2016-03-01 17:00:00',NULL,NULL,'','2016-02-29 21:49:09','2016-03-03 02:20:51'),(6432,633,190,'2016-03-02','2016-03-01 22:00:00','2016-03-02 06:00:00',NULL,NULL,'','2016-02-29 21:49:09','2016-03-03 02:20:51'),(6433,633,190,'2016-03-03','2016-03-02 22:00:00','2016-03-03 06:00:00',NULL,NULL,'','2016-02-29 21:49:09','2016-03-03 04:01:03'),(6434,633,190,'2016-03-04','2016-03-03 22:00:00','2016-03-04 06:00:00',NULL,NULL,'','2016-02-29 21:49:09','2016-03-03 02:20:51'),(6435,633,191,'2016-02-29','2016-02-28 21:45:00','2016-02-29 06:15:00',NULL,NULL,'','2016-02-29 21:49:09','2016-03-03 02:20:51'),(6436,633,191,'2016-03-01','2016-03-01 08:45:00','2016-03-01 17:15:00',NULL,NULL,'','2016-02-29 21:49:09','2016-03-03 02:20:51'),(6437,633,191,'2016-03-02','2016-03-01 21:45:00','2016-03-02 06:15:00',NULL,NULL,'','2016-02-29 21:49:09','2016-03-03 02:20:51'),(6438,633,191,'2016-03-03','2016-03-02 21:45:00','2016-03-03 06:15:00',NULL,NULL,'','2016-02-29 21:49:09','2016-03-03 04:01:03'),(6439,633,191,'2016-03-04','2016-03-03 21:45:00','2016-03-04 06:15:00',NULL,NULL,'','2016-02-29 21:49:09','2016-03-03 02:20:51'),(6440,633,192,'2016-02-29','2016-02-28 22:15:00','2016-02-29 06:45:00',NULL,NULL,'','2016-02-29 21:49:09','2016-03-03 02:20:51'),(6441,633,192,'2016-03-01','2016-03-01 09:15:00','2016-03-01 17:45:00',NULL,NULL,'','2016-02-29 21:49:09','2016-03-03 02:20:51'),(6442,633,192,'2016-03-02','2016-03-01 22:15:00','2016-03-02 06:45:00',NULL,NULL,'','2016-02-29 21:49:09','2016-03-03 02:20:51'),(6443,633,192,'2016-03-03','2016-03-02 22:15:00','2016-03-03 06:45:00',NULL,NULL,'','2016-02-29 21:49:09','2016-03-03 04:01:03'),(6444,633,192,'2016-03-04','2016-03-03 22:15:00','2016-03-04 06:45:00',NULL,NULL,'','2016-02-29 21:49:09','2016-03-03 02:20:51'),(6445,633,193,'2016-02-29','2016-02-28 21:45:00','2016-02-29 06:15:00',NULL,NULL,'','2016-02-29 21:49:09','2016-03-03 02:20:51'),(6446,633,193,'2016-03-01','2016-03-01 08:45:00','2016-03-01 17:15:00',NULL,NULL,'','2016-02-29 21:49:09','2016-03-03 02:20:51'),(6447,633,193,'2016-03-02','2016-03-01 21:45:00','2016-03-02 06:15:00',NULL,NULL,'','2016-02-29 21:49:09','2016-03-03 02:20:51'),(6448,633,193,'2016-03-03','2016-03-02 21:45:00','2016-03-03 06:15:00',NULL,NULL,'','2016-02-29 21:49:09','2016-03-03 04:01:03'),(6449,633,193,'2016-03-04','2016-03-03 21:45:00','2016-03-04 06:15:00',NULL,NULL,'','2016-02-29 21:49:09','2016-03-03 02:20:51'),(6450,633,194,'2016-02-29','2016-02-28 21:30:00','2016-02-29 06:00:00',NULL,NULL,'','2016-02-29 21:49:09','2016-03-03 01:16:57'),(6451,633,194,'2016-03-01','2016-03-01 08:30:00','2016-03-01 17:00:00',NULL,NULL,'','2016-02-29 21:49:09','2016-03-02 02:08:16'),(6452,633,194,'2016-03-02','2016-03-01 21:30:00','2016-03-02 06:00:00',NULL,NULL,'','2016-02-29 21:49:09','2016-03-03 01:16:57'),(6453,633,194,'2016-03-03','2016-03-02 21:30:00','2016-03-03 06:00:00',NULL,NULL,'','2016-02-29 21:49:09','2016-03-03 04:01:03'),(6454,633,194,'2016-03-04','2016-03-03 21:30:00','2016-03-04 06:00:00',NULL,NULL,'','2016-02-29 21:49:09','2016-03-02 22:04:09'),(6455,633,195,'2016-02-29','2016-02-28 21:30:00','2016-02-29 06:00:00',NULL,NULL,'','2016-02-29 21:49:09','2016-03-03 01:16:57'),(6456,633,195,'2016-03-01','2016-03-01 08:30:00','2016-03-01 17:00:00',NULL,NULL,'','2016-02-29 21:49:09','2016-03-02 02:08:16'),(6457,633,195,'2016-03-02','2016-03-01 21:30:00','2016-03-02 06:00:00',NULL,NULL,'','2016-02-29 21:49:09','2016-03-03 01:16:57'),(6458,633,195,'2016-03-03','2016-03-02 21:30:00','2016-03-03 06:00:00',NULL,NULL,'','2016-02-29 21:49:09','2016-03-03 04:01:03'),(6459,633,195,'2016-03-04','2016-03-03 21:30:00','2016-03-04 06:00:00',NULL,NULL,'','2016-02-29 21:49:09','2016-03-02 22:04:09'),(6460,633,196,'2016-02-29','2016-02-28 21:30:00','2016-02-29 06:00:00',NULL,NULL,'','2016-02-29 21:49:09','2016-03-03 02:20:51'),(6461,633,196,'2016-03-01','2016-03-01 08:30:00','2016-03-01 17:00:00',NULL,NULL,'','2016-02-29 21:49:09','2016-03-03 02:20:51'),(6462,633,196,'2016-03-02','2016-03-01 21:30:00','2016-03-02 06:00:00',NULL,NULL,'','2016-02-29 21:49:09','2016-03-03 02:20:51'),(6464,633,196,'2016-03-04','2016-03-03 21:30:00','2016-03-04 06:00:00',NULL,NULL,'','2016-02-29 21:49:09','2016-03-03 02:20:51'),(6609,633,173,'2016-03-01','2016-02-29 22:30:00','2016-03-01 07:00:00',NULL,NULL,'','2016-02-29 23:31:21','2016-03-03 01:13:42'),(6610,633,174,'2016-03-01','2016-02-29 22:30:00','2016-03-01 07:00:00',NULL,NULL,'','2016-02-29 23:31:47','2016-03-03 02:20:51'),(6611,633,177,'2016-03-01','2016-02-29 22:00:00','2016-03-01 06:30:00',NULL,NULL,'','2016-02-29 23:31:47','2016-03-03 01:13:42'),(6612,633,180,'2016-03-01','2016-02-29 21:45:00','2016-03-01 06:15:00',NULL,NULL,'','2016-03-02 01:39:46','2016-03-03 02:20:51'),(6689,633,178,'2016-03-01','2016-02-29 22:30:00','2016-03-01 07:00:00',NULL,NULL,'','2016-03-02 02:08:16','2016-03-03 02:20:51'),(6690,633,181,'2016-03-01','2016-02-29 22:00:00','2016-03-01 06:30:00',NULL,NULL,'','2016-03-02 02:08:16','2016-03-03 02:20:51'),(6691,633,183,'2016-03-01','2016-02-29 21:30:00','2016-03-01 06:00:00',NULL,NULL,'','2016-03-02 02:08:16','2016-03-03 02:20:51'),(6692,633,186,'2016-03-01','2016-02-29 22:15:00','2016-03-01 06:45:00',NULL,NULL,'','2016-03-02 02:08:16','2016-03-03 01:14:46'),(6693,633,187,'2016-03-01','2016-02-29 22:30:00','2016-03-01 07:00:00',NULL,NULL,'','2016-03-02 02:08:16','2016-03-03 01:16:56'),(6694,633,188,'2016-03-01','2016-02-29 21:00:00','2016-03-01 05:30:00',NULL,NULL,'','2016-03-02 02:08:16','2016-03-03 02:20:51'),(6695,633,189,'2016-03-01','2016-02-29 22:00:00','2016-03-01 06:30:00',NULL,NULL,'','2016-03-02 02:08:16','2016-03-03 02:20:51'),(6696,633,190,'2016-03-01','2016-02-29 22:00:00','2016-03-01 06:00:00',NULL,NULL,'','2016-03-02 02:08:16','2016-03-03 02:20:51'),(6697,633,191,'2016-03-01','2016-02-29 21:45:00','2016-03-01 06:15:00',NULL,NULL,'','2016-03-02 02:08:16','2016-03-03 02:20:51'),(6698,633,192,'2016-03-01','2016-02-29 22:15:00','2016-03-01 06:45:00',NULL,NULL,'','2016-03-02 02:08:16','2016-03-03 02:20:51'),(6699,633,193,'2016-03-01','2016-02-29 21:45:00','2016-03-01 06:15:00',NULL,NULL,'','2016-03-02 02:08:16','2016-03-03 02:20:51'),(6700,633,194,'2016-03-01','2016-02-29 21:30:00','2016-03-01 06:00:00',NULL,NULL,'','2016-03-02 02:08:16','2016-03-03 01:16:57'),(6701,633,195,'2016-03-01','2016-02-29 21:30:00','2016-03-01 06:00:00',NULL,NULL,'','2016-03-02 02:08:16','2016-03-03 01:16:57'),(6702,633,196,'2016-03-01','2016-02-29 21:30:00','2016-03-01 06:00:00',NULL,NULL,'','2016-03-02 02:08:16','2016-03-03 02:20:51'),(6883,647,173,'2016-03-21','2016-03-20 22:00:00','2016-03-21 06:30:00',NULL,NULL,'','2016-03-02 22:11:47','2016-03-21 22:53:57'),(6888,647,174,'2016-03-21','2016-03-20 22:30:00','2016-03-21 07:00:00',NULL,NULL,'','2016-03-02 22:11:47','2016-03-21 22:53:57'),(6913,658,170,'2016-03-03','2016-03-02 21:45:00','2016-03-03 05:45:00',NULL,NULL,NULL,'2016-03-02 23:09:26','2016-03-03 01:42:46'),(6914,658,166,'2016-03-03','2016-03-02 21:45:00','2016-03-03 05:45:00',NULL,NULL,NULL,'2016-03-02 23:09:26','2016-03-03 01:42:46'),(6915,658,159,'2016-03-03','2016-03-02 21:30:00','2016-03-03 05:30:00',NULL,NULL,NULL,'2016-03-02 23:09:26','2016-03-03 01:42:46'),(6916,658,159,'2016-03-03','2016-03-02 22:30:00','2016-03-03 06:30:00',NULL,NULL,NULL,'2016-03-02 23:11:04','2016-03-03 01:42:46'),(6917,658,205,'2016-03-03','2016-03-02 22:30:00','2016-03-03 06:30:00',NULL,NULL,NULL,'2016-03-02 23:11:04','2016-03-03 01:42:46'),(6918,644,173,'2016-03-07','2016-03-06 22:30:00','2016-03-07 07:00:00',NULL,NULL,'','2016-03-03 01:17:30','2016-03-03 01:17:30'),(6919,644,173,'2016-03-08','2016-03-07 22:30:00','2016-03-08 07:00:00',NULL,NULL,'','2016-03-03 01:17:30','2016-03-03 01:17:30'),(6920,644,173,'2016-03-09','2016-03-08 22:30:00','2016-03-09 07:00:00',NULL,NULL,'','2016-03-03 01:17:30','2016-03-03 01:17:30'),(6921,644,173,'2016-03-10','2016-03-09 22:30:00','2016-03-10 07:00:00',NULL,NULL,'','2016-03-03 01:17:30','2016-03-03 01:17:30'),(6922,644,173,'2016-03-11','2016-03-10 22:30:00','2016-03-11 07:00:00',NULL,NULL,'','2016-03-03 01:17:30','2016-03-03 01:17:30'),(6923,644,174,'2016-03-07','2016-03-06 22:30:00','2016-03-07 07:00:00',NULL,NULL,'','2016-03-03 01:17:30','2016-03-03 01:17:30'),(6924,644,174,'2016-03-08','2016-03-07 22:30:00','2016-03-08 07:00:00',NULL,NULL,'','2016-03-03 01:17:30','2016-03-03 01:17:30'),(6925,644,174,'2016-03-09','2016-03-08 22:30:00','2016-03-09 07:00:00',NULL,NULL,'','2016-03-03 01:17:30','2016-03-03 01:17:30'),(6926,644,174,'2016-03-10','2016-03-09 22:30:00','2016-03-10 07:00:00',NULL,NULL,'','2016-03-03 01:17:30','2016-03-03 01:17:30'),(6927,644,174,'2016-03-11','2016-03-10 22:30:00','2016-03-11 07:00:00',NULL,NULL,'','2016-03-03 01:17:30','2016-03-03 01:17:30'),(6928,644,177,'2016-03-07','2016-03-06 22:00:00','2016-03-07 06:30:00',NULL,NULL,'','2016-03-03 01:17:30','2016-03-03 01:17:30'),(6929,644,177,'2016-03-08','2016-03-07 22:00:00','2016-03-08 06:30:00',NULL,NULL,'','2016-03-03 01:17:30','2016-03-03 01:17:30'),(6930,644,177,'2016-03-09','2016-03-08 22:00:00','2016-03-09 06:30:00',NULL,NULL,'','2016-03-03 01:17:30','2016-03-03 01:17:30'),(6931,644,177,'2016-03-10','2016-03-09 22:00:00','2016-03-10 06:30:00',NULL,NULL,'','2016-03-03 01:17:30','2016-03-03 01:17:30'),(6932,644,177,'2016-03-11','2016-03-10 22:00:00','2016-03-11 06:30:00',NULL,NULL,'','2016-03-03 01:17:30','2016-03-03 01:17:30'),(6933,644,178,'2016-03-07','2016-03-06 22:30:00','2016-03-07 07:00:00',NULL,NULL,'','2016-03-03 01:17:30','2016-03-03 01:17:30'),(6934,644,178,'2016-03-08','2016-03-07 22:30:00','2016-03-08 07:00:00',NULL,NULL,'','2016-03-03 01:17:30','2016-03-03 01:17:30'),(6935,644,178,'2016-03-09','2016-03-08 22:30:00','2016-03-09 07:00:00',NULL,NULL,'','2016-03-03 01:17:30','2016-03-03 01:17:30'),(6936,644,178,'2016-03-10','2016-03-09 22:30:00','2016-03-10 07:00:00',NULL,NULL,'','2016-03-03 01:17:30','2016-03-03 01:17:30'),(6937,644,178,'2016-03-11','2016-03-10 22:30:00','2016-03-11 07:00:00',NULL,NULL,'','2016-03-03 01:17:30','2016-03-03 01:17:30'),(6938,644,180,'2016-03-07','2016-03-06 21:45:00','2016-03-07 06:15:00',NULL,NULL,'','2016-03-03 01:17:30','2016-03-03 01:17:30'),(6939,644,180,'2016-03-08','2016-03-07 21:45:00','2016-03-08 06:15:00',NULL,NULL,'','2016-03-03 01:17:30','2016-03-03 01:17:30'),(6940,644,180,'2016-03-09','2016-03-08 21:45:00','2016-03-09 06:15:00',NULL,NULL,'','2016-03-03 01:17:30','2016-03-03 01:17:30'),(6941,644,180,'2016-03-10','2016-03-09 21:45:00','2016-03-10 06:15:00',NULL,NULL,'','2016-03-03 01:17:30','2016-03-03 01:17:30'),(6942,644,180,'2016-03-11','2016-03-10 21:45:00','2016-03-11 06:15:00',NULL,NULL,'','2016-03-03 01:17:30','2016-03-03 01:17:30'),(6943,644,181,'2016-03-07','2016-03-06 22:00:00','2016-03-07 06:30:00',NULL,NULL,'','2016-03-03 01:17:30','2016-03-03 01:17:30'),(6944,644,181,'2016-03-08','2016-03-07 22:00:00','2016-03-08 06:30:00',NULL,NULL,'','2016-03-03 01:17:30','2016-03-03 01:17:30'),(6945,644,181,'2016-03-09','2016-03-08 22:00:00','2016-03-09 06:30:00',NULL,NULL,'','2016-03-03 01:17:30','2016-03-03 01:17:30'),(6946,644,181,'2016-03-10','2016-03-09 22:00:00','2016-03-10 06:30:00',NULL,NULL,'','2016-03-03 01:17:30','2016-03-03 01:17:30'),(6947,644,181,'2016-03-11','2016-03-10 22:30:00','2016-03-11 07:00:00',NULL,NULL,'','2016-03-03 01:17:30','2016-03-03 01:17:30'),(6948,644,183,'2016-03-07','2016-03-06 21:30:00','2016-03-07 06:00:00',NULL,NULL,'','2016-03-03 01:17:30','2016-03-03 01:17:30'),(6949,644,183,'2016-03-08','2016-03-07 21:30:00','2016-03-08 06:00:00',NULL,NULL,'','2016-03-03 01:17:30','2016-03-03 01:17:30'),(6950,644,183,'2016-03-09','2016-03-08 21:30:00','2016-03-09 06:00:00',NULL,NULL,'','2016-03-03 01:17:30','2016-03-03 01:17:30'),(6951,644,183,'2016-03-10','2016-03-09 21:30:00','2016-03-10 06:00:00',NULL,NULL,'','2016-03-03 01:17:30','2016-03-03 01:17:30'),(6952,644,183,'2016-03-11','2016-03-10 21:30:00','2016-03-11 06:00:00',NULL,NULL,'','2016-03-03 01:17:30','2016-03-03 01:17:30'),(6953,644,186,'2016-03-07','2016-03-06 22:15:00','2016-03-07 06:45:00',NULL,NULL,'','2016-03-03 01:17:30','2016-03-03 01:17:30'),(6954,644,186,'2016-03-08','2016-03-07 22:15:00','2016-03-08 06:45:00',NULL,NULL,'','2016-03-03 01:17:30','2016-03-03 01:17:30'),(6955,644,186,'2016-03-09','2016-03-08 22:15:00','2016-03-09 06:45:00',NULL,NULL,'','2016-03-03 01:17:30','2016-03-03 01:17:30'),(6956,644,186,'2016-03-10','2016-03-09 22:15:00','2016-03-10 06:45:00',NULL,NULL,'','2016-03-03 01:17:30','2016-03-03 01:17:30'),(6957,644,186,'2016-03-11','2016-03-10 22:15:00','2016-03-11 06:45:00',NULL,NULL,'','2016-03-03 01:17:30','2016-03-03 01:17:30'),(6958,644,187,'2016-03-07','2016-03-06 22:30:00','2016-03-07 07:00:00',NULL,NULL,'','2016-03-03 01:17:30','2016-03-03 01:17:30'),(6959,644,187,'2016-03-08','2016-03-07 22:30:00','2016-03-08 07:00:00',NULL,NULL,'','2016-03-03 01:17:30','2016-03-03 01:17:30'),(6960,644,187,'2016-03-09','2016-03-08 22:30:00','2016-03-09 07:00:00',NULL,NULL,'','2016-03-03 01:17:30','2016-03-03 01:17:30'),(6961,644,187,'2016-03-10','2016-03-09 22:30:00','2016-03-10 07:00:00',NULL,NULL,'','2016-03-03 01:17:30','2016-03-03 01:17:30'),(6962,644,187,'2016-03-11','2016-03-10 22:30:00','2016-03-11 07:00:00',NULL,NULL,'','2016-03-03 01:17:30','2016-03-03 01:17:30'),(6963,644,188,'2016-03-07','2016-03-06 21:00:00','2016-03-07 05:30:00',NULL,NULL,'','2016-03-03 01:17:30','2016-03-03 01:17:30'),(6964,644,188,'2016-03-08','2016-03-07 21:00:00','2016-03-08 05:30:00',NULL,NULL,'','2016-03-03 01:17:30','2016-03-03 01:17:30'),(6965,644,188,'2016-03-09','2016-03-08 21:00:00','2016-03-09 05:30:00',NULL,NULL,'','2016-03-03 01:17:30','2016-03-03 01:17:30'),(6966,644,188,'2016-03-10','2016-03-09 21:00:00','2016-03-10 05:30:00',NULL,NULL,'','2016-03-03 01:17:30','2016-03-03 01:17:30'),(6967,644,188,'2016-03-11','2016-03-10 21:00:00','2016-03-11 05:30:00',NULL,NULL,'','2016-03-03 01:17:30','2016-03-03 01:17:30'),(6968,644,189,'2016-03-07','2016-03-06 22:00:00','2016-03-07 06:30:00',NULL,NULL,'','2016-03-03 01:17:30','2016-03-03 01:17:30'),(6969,644,189,'2016-03-08','2016-03-07 22:00:00','2016-03-08 06:30:00',NULL,NULL,'','2016-03-03 01:17:30','2016-03-03 01:17:30'),(6970,644,189,'2016-03-09','2016-03-08 22:00:00','2016-03-09 06:30:00',NULL,NULL,'','2016-03-03 01:17:30','2016-03-03 01:17:30'),(6971,644,189,'2016-03-10','2016-03-09 22:00:00','2016-03-10 06:30:00',NULL,NULL,'','2016-03-03 01:17:30','2016-03-03 01:17:30'),(6972,644,189,'2016-03-11','2016-03-10 22:00:00','2016-03-11 06:30:00',NULL,NULL,'','2016-03-03 01:17:30','2016-03-03 01:17:30'),(6973,644,190,'2016-03-07','2016-03-06 22:00:00','2016-03-07 06:00:00',NULL,NULL,'','2016-03-03 01:17:30','2016-03-03 01:17:30'),(6974,644,190,'2016-03-08','2016-03-07 22:00:00','2016-03-08 06:00:00',NULL,NULL,'','2016-03-03 01:17:30','2016-03-03 01:17:30'),(6975,644,190,'2016-03-09','2016-03-08 22:00:00','2016-03-09 06:00:00',NULL,NULL,'','2016-03-03 01:17:30','2016-03-03 01:17:30'),(6976,644,190,'2016-03-10','2016-03-09 22:00:00','2016-03-10 06:00:00',NULL,NULL,'','2016-03-03 01:17:30','2016-03-03 01:17:30'),(6977,644,190,'2016-03-11','2016-03-10 22:00:00','2016-03-11 06:00:00',NULL,NULL,'','2016-03-03 01:17:30','2016-03-03 01:17:30'),(6978,644,191,'2016-03-07','2016-03-06 21:45:00','2016-03-07 06:15:00',NULL,NULL,'','2016-03-03 01:17:30','2016-03-03 01:17:30'),(6979,644,191,'2016-03-08','2016-03-07 21:45:00','2016-03-08 06:15:00',NULL,NULL,'','2016-03-03 01:17:30','2016-03-03 01:17:30'),(6980,644,191,'2016-03-09','2016-03-08 21:45:00','2016-03-09 06:15:00',NULL,NULL,'','2016-03-03 01:17:30','2016-03-03 01:17:30'),(6981,644,191,'2016-03-10','2016-03-09 21:45:00','2016-03-10 06:15:00',NULL,NULL,'','2016-03-03 01:17:30','2016-03-03 01:17:30'),(6982,644,191,'2016-03-11','2016-03-10 21:45:00','2016-03-11 06:15:00',NULL,NULL,'','2016-03-03 01:17:30','2016-03-03 01:17:30'),(6983,644,192,'2016-03-07','2016-03-06 22:15:00','2016-03-07 06:45:00',NULL,NULL,'','2016-03-03 01:17:30','2016-03-03 01:17:30'),(6984,644,192,'2016-03-08','2016-03-07 22:15:00','2016-03-08 06:45:00',NULL,NULL,'','2016-03-03 01:17:30','2016-03-03 01:17:30'),(6985,644,192,'2016-03-09','2016-03-08 22:15:00','2016-03-09 06:45:00',NULL,NULL,'','2016-03-03 01:17:30','2016-03-03 01:17:30'),(6986,644,192,'2016-03-10','2016-03-09 22:15:00','2016-03-10 06:45:00',NULL,NULL,'','2016-03-03 01:17:30','2016-03-03 01:17:30'),(6987,644,192,'2016-03-11','2016-03-10 22:15:00','2016-03-11 06:45:00',NULL,NULL,'','2016-03-03 01:17:30','2016-03-03 01:17:30'),(6988,644,193,'2016-03-07','2016-03-06 21:45:00','2016-03-07 06:15:00',NULL,NULL,'','2016-03-03 01:17:30','2016-03-03 01:17:30'),(6989,644,193,'2016-03-08','2016-03-07 21:45:00','2016-03-08 06:15:00',NULL,NULL,'','2016-03-03 01:17:30','2016-03-03 01:17:30'),(6990,644,193,'2016-03-09','2016-03-08 21:45:00','2016-03-09 06:15:00',NULL,NULL,'','2016-03-03 01:17:30','2016-03-03 01:17:30'),(6991,644,193,'2016-03-10','2016-03-09 21:45:00','2016-03-10 06:15:00',NULL,NULL,'','2016-03-03 01:17:30','2016-03-03 01:17:30'),(6992,644,193,'2016-03-11','2016-03-10 21:45:00','2016-03-11 06:15:00',NULL,NULL,'','2016-03-03 01:17:30','2016-03-03 01:17:30'),(6993,644,194,'2016-03-07','2016-03-06 21:30:00','2016-03-07 06:00:00',NULL,NULL,'','2016-03-03 01:17:30','2016-03-03 01:17:30'),(6994,644,194,'2016-03-08','2016-03-07 21:30:00','2016-03-08 06:00:00',NULL,NULL,'','2016-03-03 01:17:30','2016-03-03 01:17:30'),(6995,644,194,'2016-03-09','2016-03-08 21:30:00','2016-03-09 06:00:00',NULL,NULL,'','2016-03-03 01:17:30','2016-03-03 01:17:30'),(6996,644,194,'2016-03-10','2016-03-09 21:30:00','2016-03-10 06:00:00',NULL,NULL,'','2016-03-03 01:17:30','2016-03-03 01:17:30'),(6997,644,194,'2016-03-11','2016-03-10 21:30:00','2016-03-11 06:00:00',NULL,NULL,'','2016-03-03 01:17:30','2016-03-03 01:17:30'),(6998,644,195,'2016-03-07','2016-03-06 21:30:00','2016-03-07 06:00:00',NULL,NULL,'','2016-03-03 01:17:30','2016-03-03 01:17:30'),(6999,644,195,'2016-03-08','2016-03-07 21:30:00','2016-03-08 06:00:00',NULL,NULL,'','2016-03-03 01:17:30','2016-03-03 01:17:30'),(7000,644,195,'2016-03-09','2016-03-08 21:30:00','2016-03-09 06:00:00',NULL,NULL,'','2016-03-03 01:17:30','2016-03-03 01:17:30'),(7001,644,195,'2016-03-10','2016-03-09 21:30:00','2016-03-10 06:00:00',NULL,NULL,'','2016-03-03 01:17:30','2016-03-03 01:17:30'),(7002,644,195,'2016-03-11','2016-03-10 21:30:00','2016-03-11 06:00:00',NULL,NULL,'','2016-03-03 01:17:30','2016-03-03 01:17:30'),(7003,644,196,'2016-03-07','2016-03-06 21:30:00','2016-03-07 06:00:00',NULL,NULL,'','2016-03-03 01:17:30','2016-03-03 01:17:30'),(7004,644,196,'2016-03-08','2016-03-07 21:30:00','2016-03-08 06:00:00',NULL,NULL,'','2016-03-03 01:17:30','2016-03-03 01:17:30'),(7005,644,196,'2016-03-09','2016-03-08 21:30:00','2016-03-09 06:00:00',NULL,NULL,'','2016-03-03 01:17:30','2016-03-03 01:17:30'),(7006,644,196,'2016-03-10','2016-03-09 21:30:00','2016-03-10 06:00:00',NULL,NULL,'','2016-03-03 01:17:30','2016-03-03 01:17:30'),(7007,644,196,'2016-03-11','2016-03-10 21:30:00','2016-03-11 06:00:00',NULL,NULL,'','2016-03-03 01:17:30','2016-03-03 01:17:30'),(7008,646,173,'2016-03-14','2016-03-13 22:30:00','2016-03-14 07:00:00',NULL,NULL,'','2016-03-03 01:17:36','2016-03-03 01:17:36'),(7009,646,173,'2016-03-15','2016-03-14 22:30:00','2016-03-15 07:00:00',NULL,NULL,'','2016-03-03 01:17:36','2016-03-03 01:17:36'),(7010,646,173,'2016-03-16','2016-03-15 22:30:00','2016-03-16 07:00:00',NULL,NULL,'','2016-03-03 01:17:36','2016-03-03 01:17:36'),(7011,646,173,'2016-03-17','2016-03-16 22:30:00','2016-03-17 07:00:00',NULL,NULL,'','2016-03-03 01:17:36','2016-03-03 01:17:36'),(7012,646,173,'2016-03-18','2016-03-17 22:30:00','2016-03-18 07:00:00',NULL,NULL,'','2016-03-03 01:17:36','2016-03-03 01:17:36'),(7013,646,174,'2016-03-14','2016-03-13 22:30:00','2016-03-14 07:00:00',NULL,NULL,'','2016-03-03 01:17:36','2016-03-03 01:17:36'),(7014,646,174,'2016-03-15','2016-03-14 22:30:00','2016-03-15 07:00:00',NULL,NULL,'','2016-03-03 01:17:36','2016-03-03 01:17:36'),(7015,646,174,'2016-03-16','2016-03-15 22:30:00','2016-03-16 07:00:00',NULL,NULL,'','2016-03-03 01:17:36','2016-03-03 01:17:36'),(7016,646,174,'2016-03-17','2016-03-16 22:30:00','2016-03-17 07:00:00',NULL,NULL,'','2016-03-03 01:17:36','2016-03-03 01:17:36'),(7017,646,174,'2016-03-18','2016-03-17 22:30:00','2016-03-18 07:00:00',NULL,NULL,'','2016-03-03 01:17:36','2016-03-03 01:17:36'),(7018,646,177,'2016-03-14','2016-03-13 22:00:00','2016-03-14 06:30:00',NULL,NULL,'','2016-03-03 01:17:36','2016-03-03 01:17:36'),(7019,646,177,'2016-03-15','2016-03-14 22:00:00','2016-03-15 06:30:00',NULL,NULL,'','2016-03-03 01:17:36','2016-03-03 01:17:36'),(7020,646,177,'2016-03-16','2016-03-15 22:00:00','2016-03-16 06:30:00',NULL,NULL,'','2016-03-03 01:17:36','2016-03-03 01:17:36'),(7021,646,177,'2016-03-17','2016-03-16 22:00:00','2016-03-17 06:30:00',NULL,NULL,'','2016-03-03 01:17:36','2016-03-03 01:17:36'),(7022,646,177,'2016-03-18','2016-03-17 22:00:00','2016-03-18 06:30:00',NULL,NULL,'','2016-03-03 01:17:36','2016-03-03 01:17:36'),(7023,646,178,'2016-03-14','2016-03-13 22:30:00','2016-03-14 07:00:00',NULL,NULL,'','2016-03-03 01:17:36','2016-03-03 01:17:36'),(7024,646,178,'2016-03-15','2016-03-14 22:30:00','2016-03-15 07:00:00',NULL,NULL,'','2016-03-03 01:17:36','2016-03-03 01:17:36'),(7025,646,178,'2016-03-16','2016-03-15 22:30:00','2016-03-16 07:00:00',NULL,NULL,'','2016-03-03 01:17:36','2016-03-03 01:17:36'),(7026,646,178,'2016-03-17','2016-03-16 22:30:00','2016-03-17 07:00:00',NULL,NULL,'','2016-03-03 01:17:36','2016-03-03 01:17:36'),(7027,646,178,'2016-03-18','2016-03-17 22:30:00','2016-03-18 07:00:00',NULL,NULL,'','2016-03-03 01:17:36','2016-03-03 01:17:36'),(7028,646,180,'2016-03-14','2016-03-13 21:45:00','2016-03-14 06:15:00',NULL,NULL,'','2016-03-03 01:17:36','2016-03-03 01:17:36'),(7029,646,180,'2016-03-15','2016-03-14 21:45:00','2016-03-15 06:15:00',NULL,NULL,'','2016-03-03 01:17:36','2016-03-03 01:17:36'),(7030,646,180,'2016-03-16','2016-03-15 21:45:00','2016-03-16 06:15:00',NULL,NULL,'','2016-03-03 01:17:36','2016-03-03 01:17:36'),(7031,646,180,'2016-03-17','2016-03-16 21:45:00','2016-03-17 06:15:00',NULL,NULL,'','2016-03-03 01:17:36','2016-03-03 01:17:36'),(7032,646,180,'2016-03-18','2016-03-17 21:45:00','2016-03-18 06:15:00',NULL,NULL,'','2016-03-03 01:17:36','2016-03-03 01:17:36'),(7033,646,181,'2016-03-14','2016-03-13 22:00:00','2016-03-14 06:30:00',NULL,NULL,'','2016-03-03 01:17:36','2016-03-03 01:17:36'),(7034,646,181,'2016-03-15','2016-03-14 22:00:00','2016-03-15 06:30:00',NULL,NULL,'','2016-03-03 01:17:36','2016-03-03 01:17:36'),(7035,646,181,'2016-03-16','2016-03-15 22:00:00','2016-03-16 06:30:00',NULL,NULL,'','2016-03-03 01:17:36','2016-03-03 01:17:36'),(7036,646,181,'2016-03-17','2016-03-16 22:00:00','2016-03-17 06:30:00',NULL,NULL,'','2016-03-03 01:17:36','2016-03-03 01:17:36'),(7037,646,181,'2016-03-18','2016-03-17 22:30:00','2016-03-18 07:00:00',NULL,NULL,'','2016-03-03 01:17:36','2016-03-03 01:17:36'),(7038,646,183,'2016-03-14','2016-03-13 21:30:00','2016-03-14 06:00:00',NULL,NULL,'','2016-03-03 01:17:36','2016-03-03 01:17:36'),(7039,646,183,'2016-03-15','2016-03-14 21:30:00','2016-03-15 06:00:00',NULL,NULL,'','2016-03-03 01:17:36','2016-03-03 01:17:36'),(7040,646,183,'2016-03-16','2016-03-15 21:30:00','2016-03-16 06:00:00',NULL,NULL,'','2016-03-03 01:17:36','2016-03-03 01:17:36'),(7041,646,183,'2016-03-17','2016-03-16 21:30:00','2016-03-17 06:00:00',NULL,NULL,'','2016-03-03 01:17:36','2016-03-03 01:17:36'),(7042,646,183,'2016-03-18','2016-03-17 21:30:00','2016-03-18 06:00:00',NULL,NULL,'','2016-03-03 01:17:36','2016-03-03 01:17:36'),(7043,646,186,'2016-03-14','2016-03-13 22:15:00','2016-03-14 06:45:00',NULL,NULL,'','2016-03-03 01:17:36','2016-03-03 01:17:36'),(7044,646,186,'2016-03-15','2016-03-14 22:15:00','2016-03-15 06:45:00',NULL,NULL,'','2016-03-03 01:17:36','2016-03-03 01:17:36'),(7045,646,186,'2016-03-16','2016-03-15 22:15:00','2016-03-16 06:45:00',NULL,NULL,'','2016-03-03 01:17:36','2016-03-03 01:17:36'),(7046,646,186,'2016-03-17','2016-03-16 22:15:00','2016-03-17 06:45:00',NULL,NULL,'','2016-03-03 01:17:36','2016-03-03 01:17:36'),(7047,646,186,'2016-03-18','2016-03-17 22:15:00','2016-03-18 06:45:00',NULL,NULL,'','2016-03-03 01:17:36','2016-03-03 01:17:36'),(7048,646,187,'2016-03-14','2016-03-13 22:30:00','2016-03-14 07:00:00',NULL,NULL,'','2016-03-03 01:17:36','2016-03-03 01:17:36'),(7049,646,187,'2016-03-15','2016-03-14 22:30:00','2016-03-15 07:00:00',NULL,NULL,'','2016-03-03 01:17:36','2016-03-03 01:17:36'),(7050,646,187,'2016-03-16','2016-03-15 22:30:00','2016-03-16 07:00:00',NULL,NULL,'','2016-03-03 01:17:36','2016-03-03 01:17:36'),(7051,646,187,'2016-03-17','2016-03-16 22:30:00','2016-03-17 07:00:00',NULL,NULL,'','2016-03-03 01:17:36','2016-03-03 01:17:36'),(7052,646,187,'2016-03-18','2016-03-17 22:30:00','2016-03-18 07:00:00',NULL,NULL,'','2016-03-03 01:17:36','2016-03-03 01:17:36'),(7053,646,188,'2016-03-14','2016-03-13 21:00:00','2016-03-14 05:30:00',NULL,NULL,'','2016-03-03 01:17:36','2016-03-03 01:17:36'),(7054,646,188,'2016-03-15','2016-03-14 21:00:00','2016-03-15 05:30:00',NULL,NULL,'','2016-03-03 01:17:36','2016-03-03 01:17:36'),(7055,646,188,'2016-03-16','2016-03-15 21:00:00','2016-03-16 05:30:00',NULL,NULL,'','2016-03-03 01:17:36','2016-03-03 01:17:36'),(7056,646,188,'2016-03-17','2016-03-16 21:00:00','2016-03-17 05:30:00',NULL,NULL,'','2016-03-03 01:17:36','2016-03-03 01:17:36'),(7057,646,188,'2016-03-18','2016-03-17 21:00:00','2016-03-18 05:30:00',NULL,NULL,'','2016-03-03 01:17:36','2016-03-03 01:17:36'),(7058,646,189,'2016-03-14','2016-03-13 22:00:00','2016-03-14 06:30:00',NULL,NULL,'','2016-03-03 01:17:36','2016-03-03 01:17:36'),(7059,646,189,'2016-03-15','2016-03-14 22:00:00','2016-03-15 06:30:00',NULL,NULL,'','2016-03-03 01:17:36','2016-03-03 01:17:36'),(7060,646,189,'2016-03-16','2016-03-15 22:00:00','2016-03-16 06:30:00',NULL,NULL,'','2016-03-03 01:17:36','2016-03-03 01:17:36'),(7061,646,189,'2016-03-17','2016-03-16 22:00:00','2016-03-17 06:30:00',NULL,NULL,'','2016-03-03 01:17:36','2016-03-03 01:17:36'),(7062,646,189,'2016-03-18','2016-03-17 22:00:00','2016-03-18 06:30:00',NULL,NULL,'','2016-03-03 01:17:36','2016-03-03 01:17:36'),(7063,646,190,'2016-03-14','2016-03-13 22:00:00','2016-03-14 06:00:00',NULL,NULL,'','2016-03-03 01:17:36','2016-03-03 01:17:36'),(7064,646,190,'2016-03-15','2016-03-14 22:00:00','2016-03-15 06:00:00',NULL,NULL,'','2016-03-03 01:17:36','2016-03-03 01:17:36'),(7065,646,190,'2016-03-16','2016-03-15 22:00:00','2016-03-16 06:00:00',NULL,NULL,'','2016-03-03 01:17:36','2016-03-03 01:17:36'),(7066,646,190,'2016-03-17','2016-03-16 22:00:00','2016-03-17 06:00:00',NULL,NULL,'','2016-03-03 01:17:36','2016-03-03 01:17:36'),(7067,646,190,'2016-03-18','2016-03-17 22:00:00','2016-03-18 06:00:00',NULL,NULL,'','2016-03-03 01:17:36','2016-03-03 01:17:36'),(7068,646,191,'2016-03-14','2016-03-13 21:45:00','2016-03-14 06:15:00',NULL,NULL,'','2016-03-03 01:17:36','2016-03-03 01:17:36'),(7069,646,191,'2016-03-15','2016-03-14 21:45:00','2016-03-15 06:15:00',NULL,NULL,'','2016-03-03 01:17:36','2016-03-03 01:17:36'),(7070,646,191,'2016-03-16','2016-03-15 21:45:00','2016-03-16 06:15:00',NULL,NULL,'','2016-03-03 01:17:36','2016-03-03 01:17:36'),(7071,646,191,'2016-03-17','2016-03-16 21:45:00','2016-03-17 06:15:00',NULL,NULL,'','2016-03-03 01:17:36','2016-03-03 01:17:36'),(7072,646,191,'2016-03-18','2016-03-17 21:45:00','2016-03-18 06:15:00',NULL,NULL,'','2016-03-03 01:17:36','2016-03-03 01:17:36'),(7073,646,192,'2016-03-14','2016-03-13 22:15:00','2016-03-14 06:45:00',NULL,NULL,'','2016-03-03 01:17:36','2016-03-03 01:17:36'),(7074,646,192,'2016-03-15','2016-03-14 22:15:00','2016-03-15 06:45:00',NULL,NULL,'','2016-03-03 01:17:36','2016-03-03 01:17:36'),(7075,646,192,'2016-03-16','2016-03-15 22:15:00','2016-03-16 06:45:00',NULL,NULL,'','2016-03-03 01:17:36','2016-03-03 01:17:36'),(7076,646,192,'2016-03-17','2016-03-16 22:15:00','2016-03-17 06:45:00',NULL,NULL,'','2016-03-03 01:17:36','2016-03-03 01:17:36'),(7077,646,192,'2016-03-18','2016-03-17 22:15:00','2016-03-18 06:45:00',NULL,NULL,'','2016-03-03 01:17:36','2016-03-03 01:17:36'),(7078,646,193,'2016-03-14','2016-03-13 21:45:00','2016-03-14 06:15:00',NULL,NULL,'','2016-03-03 01:17:36','2016-03-03 01:17:36'),(7079,646,193,'2016-03-15','2016-03-14 21:45:00','2016-03-15 06:15:00',NULL,NULL,'','2016-03-03 01:17:36','2016-03-03 01:17:36'),(7080,646,193,'2016-03-16','2016-03-15 21:45:00','2016-03-16 06:15:00',NULL,NULL,'','2016-03-03 01:17:36','2016-03-03 01:17:36'),(7081,646,193,'2016-03-17','2016-03-16 21:45:00','2016-03-17 06:15:00',NULL,NULL,'','2016-03-03 01:17:36','2016-03-03 01:17:36'),(7082,646,193,'2016-03-18','2016-03-17 21:45:00','2016-03-18 06:15:00',NULL,NULL,'','2016-03-03 01:17:36','2016-03-03 01:17:36'),(7083,646,194,'2016-03-14','2016-03-13 21:30:00','2016-03-14 06:00:00',NULL,NULL,'','2016-03-03 01:17:36','2016-03-03 01:17:36'),(7084,646,194,'2016-03-15','2016-03-14 21:30:00','2016-03-15 06:00:00',NULL,NULL,'','2016-03-03 01:17:36','2016-03-03 01:17:36'),(7085,646,194,'2016-03-16','2016-03-15 21:30:00','2016-03-16 06:00:00',NULL,NULL,'','2016-03-03 01:17:36','2016-03-03 01:17:36'),(7086,646,194,'2016-03-17','2016-03-16 21:30:00','2016-03-17 06:00:00',NULL,NULL,'','2016-03-03 01:17:36','2016-03-03 01:17:36'),(7087,646,194,'2016-03-18','2016-03-17 21:30:00','2016-03-18 06:00:00',NULL,NULL,'','2016-03-03 01:17:36','2016-03-03 01:17:36'),(7088,646,195,'2016-03-14','2016-03-13 21:30:00','2016-03-14 06:00:00',NULL,NULL,'','2016-03-03 01:17:36','2016-03-03 01:17:36'),(7089,646,195,'2016-03-15','2016-03-14 21:30:00','2016-03-15 06:00:00',NULL,NULL,'','2016-03-03 01:17:36','2016-03-03 01:17:36'),(7090,646,195,'2016-03-16','2016-03-15 21:30:00','2016-03-16 06:00:00',NULL,NULL,'','2016-03-03 01:17:36','2016-03-03 01:17:36'),(7091,646,195,'2016-03-17','2016-03-16 21:30:00','2016-03-17 06:00:00',NULL,NULL,'','2016-03-03 01:17:36','2016-03-03 01:17:36'),(7092,646,195,'2016-03-18','2016-03-17 21:30:00','2016-03-18 06:00:00',NULL,NULL,'','2016-03-03 01:17:36','2016-03-03 01:17:36'),(7093,646,196,'2016-03-14','2016-03-13 21:30:00','2016-03-14 06:00:00',NULL,NULL,'','2016-03-03 01:17:36','2016-03-03 01:17:36'),(7094,646,196,'2016-03-15','2016-03-14 21:30:00','2016-03-15 06:00:00',NULL,NULL,'','2016-03-03 01:17:36','2016-03-03 01:17:36'),(7095,646,196,'2016-03-16','2016-03-15 21:30:00','2016-03-16 06:00:00',NULL,NULL,'','2016-03-03 01:17:36','2016-03-03 01:17:36'),(7096,646,196,'2016-03-17','2016-03-16 21:30:00','2016-03-17 06:00:00',NULL,NULL,'','2016-03-03 01:17:36','2016-03-03 01:17:36'),(7097,646,196,'2016-03-18','2016-03-17 21:30:00','2016-03-18 06:00:00',NULL,NULL,'','2016-03-03 01:17:36','2016-03-03 01:17:36'),(7114,658,160,'2016-03-03','2016-03-02 22:00:00','2016-03-03 06:00:00',NULL,NULL,NULL,'2016-03-03 01:42:46','2016-03-03 01:42:46'),(7116,642,168,'2016-02-22','2016-02-21 22:00:00','2016-02-22 06:00:00',NULL,NULL,'','2016-03-03 02:39:10','2016-03-03 02:39:10'),(7117,642,168,'2016-02-23','2016-02-22 22:00:00','2016-02-23 06:00:00',NULL,NULL,'','2016-03-03 02:39:10','2016-03-03 02:39:10'),(7118,642,168,'2016-02-24','2016-02-23 22:00:00','2016-02-24 06:00:00',NULL,NULL,'','2016-03-03 02:39:10','2016-03-03 02:39:10'),(7119,642,168,'2016-02-25','2016-02-24 22:00:00','2016-02-25 06:00:00',NULL,NULL,'','2016-03-03 02:39:10','2016-03-03 02:39:10'),(7120,642,168,'2016-02-26','2016-02-25 22:00:00','2016-02-26 06:00:00',NULL,NULL,'','2016-03-03 02:39:10','2016-03-03 02:39:10'),(7121,633,196,'2016-03-03','2016-03-02 21:30:00','2016-03-03 06:00:00',NULL,NULL,'','2016-03-03 03:05:33','2016-03-03 04:01:03'),(7122,668,176,'2016-02-29','2016-02-28 21:30:00','2016-02-29 06:00:00',NULL,NULL,'','2016-03-03 04:12:22','2016-03-03 04:12:22'),(7123,668,176,'2016-03-01','2016-02-29 21:30:00','2016-03-01 06:00:00',NULL,NULL,'','2016-03-03 04:12:22','2016-03-03 04:12:22'),(7124,668,176,'2016-03-02','2016-03-01 21:30:00','2016-03-02 06:00:00',NULL,NULL,'','2016-03-03 04:12:22','2016-03-03 04:12:22'),(7125,668,176,'2016-03-03','2016-03-02 21:30:00','2016-03-03 06:00:00',NULL,NULL,'','2016-03-03 04:12:22','2016-03-03 04:12:22'),(7126,668,176,'2016-03-04','2016-03-03 21:30:00','2016-03-04 06:00:00',NULL,NULL,'','2016-03-03 04:12:22','2016-03-03 04:12:22'),(7127,668,182,'2016-02-29','2016-02-28 22:00:00','2016-02-29 06:30:00',NULL,NULL,'','2016-03-03 04:12:22','2016-03-03 04:12:22'),(7128,668,182,'2016-03-01','2016-02-29 22:00:00','2016-03-01 06:30:00',NULL,NULL,'','2016-03-03 04:12:22','2016-03-03 04:12:22'),(7129,668,182,'2016-03-02','2016-03-01 22:00:00','2016-03-02 06:30:00',NULL,NULL,'','2016-03-03 04:12:22','2016-03-03 04:12:22'),(7130,668,182,'2016-03-03','2016-03-02 22:00:00','2016-03-03 06:30:00',NULL,NULL,'','2016-03-03 04:12:22','2016-03-03 04:12:22'),(7131,668,182,'2016-03-04','2016-03-03 22:00:00','2016-03-04 06:30:00',NULL,NULL,'','2016-03-03 04:12:22','2016-03-03 04:12:22'),(7132,668,184,'2016-02-29','2016-02-28 21:30:00','2016-02-29 06:00:00',NULL,NULL,'','2016-03-03 04:12:22','2016-03-03 04:12:22'),(7133,668,184,'2016-03-01','2016-02-29 21:30:00','2016-03-01 06:00:00',NULL,NULL,'','2016-03-03 04:12:22','2016-03-03 04:12:22'),(7134,668,184,'2016-03-02','2016-03-01 21:30:00','2016-03-02 06:00:00',NULL,NULL,'','2016-03-03 04:12:22','2016-03-03 04:12:22'),(7135,668,184,'2016-03-03','2016-03-02 21:30:00','2016-03-03 06:00:00',NULL,NULL,'','2016-03-03 04:12:22','2016-03-03 04:12:22'),(7136,668,184,'2016-03-04','2016-03-03 21:30:00','2016-03-04 06:00:00',NULL,NULL,'','2016-03-03 04:12:22','2016-03-03 04:12:22'),(7137,668,197,'2016-02-29','2016-02-28 21:45:00','2016-02-29 06:15:00',NULL,NULL,'','2016-03-03 04:12:22','2016-03-03 04:12:22'),(7138,668,197,'2016-03-01','2016-02-29 21:45:00','2016-03-01 06:15:00',NULL,NULL,'','2016-03-03 04:12:22','2016-03-03 04:12:22'),(7139,668,197,'2016-03-02','2016-03-01 21:45:00','2016-03-02 06:15:00',NULL,NULL,'','2016-03-03 04:12:22','2016-03-03 04:12:22'),(7140,668,197,'2016-03-03','2016-03-02 21:45:00','2016-03-03 06:15:00',NULL,NULL,'','2016-03-03 04:12:22','2016-03-03 04:12:22'),(7141,668,197,'2016-03-04','2016-03-03 21:45:00','2016-03-04 06:15:00',NULL,NULL,'','2016-03-03 04:12:22','2016-03-03 04:12:22'),(7142,668,198,'2016-02-29','2016-02-28 21:30:00','2016-02-29 06:00:00',NULL,NULL,'','2016-03-03 04:12:22','2016-03-03 04:12:22'),(7143,668,198,'2016-03-01','2016-02-29 21:30:00','2016-03-01 06:00:00',NULL,NULL,'','2016-03-03 04:12:22','2016-03-03 04:12:22'),(7144,668,198,'2016-03-02','2016-03-01 21:30:00','2016-03-02 06:00:00',NULL,NULL,'','2016-03-03 04:12:22','2016-03-03 04:12:22'),(7145,668,198,'2016-03-03','2016-03-02 21:30:00','2016-03-03 06:00:00',NULL,NULL,'','2016-03-03 04:12:22','2016-03-03 04:12:22'),(7146,668,198,'2016-03-04','2016-03-03 21:30:00','2016-03-04 06:00:00',NULL,NULL,'','2016-03-03 04:12:22','2016-03-03 04:12:22'),(7147,668,199,'2016-02-29','2016-02-28 20:00:00','2016-02-29 05:00:00',NULL,NULL,'','2016-03-03 04:12:22','2016-03-03 04:12:22'),(7148,668,199,'2016-03-01','2016-02-29 20:00:00','2016-03-01 05:00:00',NULL,NULL,'','2016-03-03 04:12:22','2016-03-03 04:12:22'),(7149,668,199,'2016-03-02','2016-03-01 20:00:00','2016-03-02 05:00:00',NULL,NULL,'','2016-03-03 04:12:22','2016-03-03 04:12:22'),(7150,668,199,'2016-03-03','2016-03-02 20:00:00','2016-03-03 05:00:00',NULL,NULL,'','2016-03-03 04:12:22','2016-03-03 04:12:22'),(7151,668,199,'2016-03-04','2016-03-03 20:00:00','2016-03-04 03:00:00',NULL,NULL,'','2016-03-03 04:12:22','2016-03-03 04:12:22'),(7152,668,200,'2016-02-29','2016-02-28 21:30:00','2016-02-29 06:00:00',NULL,NULL,'','2016-03-03 04:12:22','2016-03-03 04:12:22'),(7153,668,200,'2016-03-01','2016-02-29 21:30:00','2016-03-01 06:00:00',NULL,NULL,'','2016-03-03 04:12:22','2016-03-03 04:12:22'),(7154,668,200,'2016-03-02','2016-03-01 21:30:00','2016-03-02 06:00:00',NULL,NULL,'','2016-03-03 04:12:22','2016-03-03 04:12:22'),(7155,668,200,'2016-03-03','2016-03-02 21:30:00','2016-03-03 06:00:00',NULL,NULL,'','2016-03-03 04:12:22','2016-03-03 04:12:22'),(7156,668,200,'2016-03-04','2016-03-03 21:30:00','2016-03-04 06:00:00',NULL,NULL,'','2016-03-03 04:12:22','2016-03-03 04:12:22'),(7157,668,201,'2016-02-29','2016-02-28 21:30:00','2016-02-29 04:00:00',NULL,NULL,'','2016-03-03 04:12:22','2016-03-03 04:12:22'),(7158,668,201,'2016-03-01','2016-02-29 21:30:00','2016-03-01 04:00:00',NULL,NULL,'','2016-03-03 04:12:22','2016-03-03 04:12:22'),(7159,668,201,'2016-03-02','2016-03-01 21:30:00','2016-03-02 04:00:00',NULL,NULL,'','2016-03-03 04:12:22','2016-03-03 04:12:22'),(7160,668,201,'2016-03-03','2016-03-02 21:30:00','2016-03-03 04:00:00',NULL,NULL,'','2016-03-03 04:12:22','2016-03-03 04:12:22'),(7161,668,201,'2016-03-04','2016-03-03 21:30:00','2016-03-04 04:00:00',NULL,NULL,'','2016-03-03 04:12:22','2016-03-03 04:12:22'),(7162,668,202,'2016-02-29','2016-02-28 22:00:00','2016-02-29 06:30:00',NULL,NULL,'','2016-03-03 04:12:22','2016-03-03 04:12:22'),(7163,668,202,'2016-03-01','2016-02-29 22:00:00','2016-03-01 06:30:00',NULL,NULL,'','2016-03-03 04:12:22','2016-03-03 04:12:22'),(7164,668,202,'2016-03-02','2016-03-01 22:00:00','2016-03-02 06:30:00',NULL,NULL,'','2016-03-03 04:12:22','2016-03-03 04:12:22'),(7165,668,202,'2016-03-03','2016-03-02 22:00:00','2016-03-03 06:30:00',NULL,NULL,'','2016-03-03 04:12:22','2016-03-03 04:12:22'),(7166,668,202,'2016-03-04','2016-03-03 22:00:00','2016-03-04 06:30:00',NULL,NULL,'','2016-03-03 04:12:22','2016-03-03 04:12:22'),(7167,668,203,'2016-02-29','2016-02-28 23:00:00','2016-02-29 03:15:00',NULL,NULL,'','2016-03-03 04:12:22','2016-03-03 04:12:22'),(7168,668,203,'2016-03-01','2016-02-29 23:00:00','2016-03-01 03:15:00',NULL,NULL,'','2016-03-03 04:12:22','2016-03-03 04:12:22'),(7169,668,203,'2016-03-02','2016-03-01 23:00:00','2016-03-02 03:15:00',NULL,NULL,'','2016-03-03 04:12:22','2016-03-03 04:12:22'),(7170,668,203,'2016-03-03','2016-03-02 23:00:00','2016-03-03 03:15:00',NULL,NULL,'','2016-03-03 04:12:22','2016-03-03 04:12:22'),(7171,668,203,'2016-03-04','2016-03-03 23:00:00','2016-03-04 03:15:00',NULL,NULL,'','2016-03-03 04:12:22','2016-03-03 04:12:22'),(7172,668,204,'2016-02-29','2016-02-28 21:30:00','2016-02-29 06:00:00',NULL,NULL,'','2016-03-03 04:12:22','2016-03-03 04:12:22'),(7173,668,204,'2016-03-01','2016-02-29 21:30:00','2016-03-01 06:00:00',NULL,NULL,'','2016-03-03 04:12:22','2016-03-03 04:12:22'),(7174,668,204,'2016-03-02','2016-03-01 21:30:00','2016-03-02 06:00:00',NULL,NULL,'','2016-03-03 04:12:22','2016-03-03 04:12:22'),(7175,668,204,'2016-03-03','2016-03-02 21:30:00','2016-03-03 06:00:00',NULL,NULL,'','2016-03-03 04:12:22','2016-03-03 04:12:22'),(7176,668,204,'2016-03-04','2016-03-03 21:30:00','2016-03-04 06:00:00',NULL,NULL,'','2016-03-03 04:12:22','2016-03-03 04:12:22'),(7177,659,176,'2016-03-07','2016-03-06 21:30:00','2016-03-07 06:00:00',NULL,NULL,'','2016-03-03 04:14:12','2016-03-03 04:14:12'),(7178,659,176,'2016-03-08','2016-03-07 21:30:00','2016-03-08 06:00:00',NULL,NULL,'','2016-03-03 04:14:12','2016-03-03 04:14:12'),(7179,659,176,'2016-03-09','2016-03-08 21:30:00','2016-03-09 06:00:00',NULL,NULL,'','2016-03-03 04:14:12','2016-03-03 04:14:12'),(7180,659,176,'2016-03-10','2016-03-09 21:30:00','2016-03-10 06:00:00',NULL,NULL,'','2016-03-03 04:14:12','2016-03-03 04:14:12'),(7181,659,176,'2016-03-11','2016-03-10 21:30:00','2016-03-11 06:00:00',NULL,NULL,'','2016-03-03 04:14:12','2016-03-03 04:14:12'),(7182,659,182,'2016-03-07','2016-03-06 22:00:00','2016-03-07 06:30:00',NULL,NULL,'','2016-03-03 04:14:12','2016-03-03 04:14:12'),(7183,659,182,'2016-03-08','2016-03-07 22:00:00','2016-03-08 06:30:00',NULL,NULL,'','2016-03-03 04:14:12','2016-03-03 04:14:12'),(7184,659,182,'2016-03-09','2016-03-08 22:00:00','2016-03-09 06:30:00',NULL,NULL,'','2016-03-03 04:14:12','2016-03-03 04:14:12'),(7185,659,182,'2016-03-10','2016-03-09 22:00:00','2016-03-10 06:30:00',NULL,NULL,'','2016-03-03 04:14:12','2016-03-03 04:14:12'),(7186,659,182,'2016-03-11','2016-03-10 22:00:00','2016-03-11 06:30:00',NULL,NULL,'','2016-03-03 04:14:12','2016-03-03 04:14:12'),(7187,659,184,'2016-03-07','2016-03-06 21:30:00','2016-03-07 06:00:00',NULL,NULL,'','2016-03-03 04:14:12','2016-03-03 04:14:12'),(7188,659,184,'2016-03-08','2016-03-07 21:30:00','2016-03-08 06:00:00',NULL,NULL,'','2016-03-03 04:14:12','2016-03-03 04:14:12'),(7189,659,184,'2016-03-09','2016-03-08 21:30:00','2016-03-09 06:00:00',NULL,NULL,'','2016-03-03 04:14:12','2016-03-03 04:14:12'),(7190,659,184,'2016-03-10','2016-03-09 21:30:00','2016-03-10 06:00:00',NULL,NULL,'','2016-03-03 04:14:12','2016-03-03 04:14:12'),(7191,659,184,'2016-03-11','2016-03-10 21:30:00','2016-03-11 06:00:00',NULL,NULL,'','2016-03-03 04:14:12','2016-03-03 04:14:12'),(7192,659,197,'2016-03-07','2016-03-06 21:45:00','2016-03-07 06:15:00',NULL,NULL,'','2016-03-03 04:14:12','2016-03-03 04:14:12'),(7193,659,197,'2016-03-08','2016-03-07 21:45:00','2016-03-08 06:15:00',NULL,NULL,'','2016-03-03 04:14:12','2016-03-03 04:14:12'),(7194,659,197,'2016-03-09','2016-03-08 21:45:00','2016-03-09 06:15:00',NULL,NULL,'','2016-03-03 04:14:12','2016-03-03 04:14:12'),(7195,659,197,'2016-03-10','2016-03-09 21:45:00','2016-03-10 06:15:00',NULL,NULL,'','2016-03-03 04:14:12','2016-03-03 04:14:12'),(7196,659,197,'2016-03-11','2016-03-10 21:45:00','2016-03-11 06:15:00',NULL,NULL,'','2016-03-03 04:14:12','2016-03-03 04:14:12'),(7197,659,198,'2016-03-07','2016-03-06 21:30:00','2016-03-07 06:00:00',NULL,NULL,'','2016-03-03 04:14:12','2016-03-03 04:14:12'),(7198,659,198,'2016-03-08','2016-03-07 21:30:00','2016-03-08 06:00:00',NULL,NULL,'','2016-03-03 04:14:12','2016-03-03 04:14:12'),(7199,659,198,'2016-03-09','2016-03-08 21:30:00','2016-03-09 06:00:00',NULL,NULL,'','2016-03-03 04:14:12','2016-03-03 04:14:12'),(7200,659,198,'2016-03-10','2016-03-09 21:30:00','2016-03-10 06:00:00',NULL,NULL,'','2016-03-03 04:14:12','2016-03-03 04:14:12'),(7201,659,198,'2016-03-11','2016-03-10 21:30:00','2016-03-11 06:00:00',NULL,NULL,'','2016-03-03 04:14:12','2016-03-03 04:14:12'),(7202,659,199,'2016-03-07','2016-03-06 20:00:00','2016-03-07 05:00:00',NULL,NULL,'','2016-03-03 04:14:12','2016-03-03 04:14:12'),(7203,659,199,'2016-03-08','2016-03-07 20:00:00','2016-03-08 05:00:00',NULL,NULL,'','2016-03-03 04:14:12','2016-03-03 04:14:12'),(7204,659,199,'2016-03-09','2016-03-08 20:00:00','2016-03-09 05:00:00',NULL,NULL,'','2016-03-03 04:14:12','2016-03-03 04:14:12'),(7205,659,199,'2016-03-10','2016-03-09 20:00:00','2016-03-10 05:00:00',NULL,NULL,'','2016-03-03 04:14:12','2016-03-03 04:14:12'),(7206,659,199,'2016-03-11','2016-03-10 20:00:00','2016-03-11 03:00:00',NULL,NULL,'','2016-03-03 04:14:12','2016-03-03 04:14:12'),(7207,659,200,'2016-03-07','2016-03-06 21:30:00','2016-03-07 06:00:00',NULL,NULL,'','2016-03-03 04:14:12','2016-03-03 04:14:12'),(7208,659,200,'2016-03-08','2016-03-07 21:30:00','2016-03-08 06:00:00',NULL,NULL,'','2016-03-03 04:14:12','2016-03-03 04:14:12'),(7209,659,200,'2016-03-09','2016-03-08 21:30:00','2016-03-09 06:00:00',NULL,NULL,'','2016-03-03 04:14:12','2016-03-03 04:14:12'),(7210,659,200,'2016-03-10','2016-03-09 21:30:00','2016-03-10 06:00:00',NULL,NULL,'','2016-03-03 04:14:12','2016-03-03 04:14:12'),(7211,659,200,'2016-03-11','2016-03-10 21:30:00','2016-03-11 06:00:00',NULL,NULL,'','2016-03-03 04:14:12','2016-03-03 04:14:12'),(7212,659,201,'2016-03-07','2016-03-06 21:30:00','2016-03-07 04:00:00',NULL,NULL,'','2016-03-03 04:14:12','2016-03-03 04:14:12'),(7213,659,201,'2016-03-08','2016-03-07 21:30:00','2016-03-08 04:00:00',NULL,NULL,'','2016-03-03 04:14:12','2016-03-03 04:14:12'),(7214,659,201,'2016-03-09','2016-03-08 21:30:00','2016-03-09 04:00:00',NULL,NULL,'','2016-03-03 04:14:12','2016-03-03 04:14:12'),(7215,659,201,'2016-03-10','2016-03-09 21:30:00','2016-03-10 04:00:00',NULL,NULL,'','2016-03-03 04:14:12','2016-03-03 04:14:12'),(7216,659,201,'2016-03-11','2016-03-10 21:30:00','2016-03-11 04:00:00',NULL,NULL,'','2016-03-03 04:14:12','2016-03-03 04:14:12'),(7217,659,202,'2016-03-07','2016-03-06 22:00:00','2016-03-07 06:30:00',NULL,NULL,'','2016-03-03 04:14:12','2016-03-03 04:14:12'),(7218,659,202,'2016-03-08','2016-03-07 22:00:00','2016-03-08 06:30:00',NULL,NULL,'','2016-03-03 04:14:12','2016-03-03 04:14:12'),(7219,659,202,'2016-03-09','2016-03-08 22:00:00','2016-03-09 06:30:00',NULL,NULL,'','2016-03-03 04:14:12','2016-03-03 04:14:12'),(7220,659,202,'2016-03-10','2016-03-09 22:00:00','2016-03-10 06:30:00',NULL,NULL,'','2016-03-03 04:14:12','2016-03-03 04:14:12'),(7221,659,202,'2016-03-11','2016-03-10 22:00:00','2016-03-11 06:30:00',NULL,NULL,'','2016-03-03 04:14:12','2016-03-03 04:14:12'),(7222,659,203,'2016-03-07','2016-03-06 23:00:00','2016-03-07 03:15:00',NULL,NULL,'','2016-03-03 04:14:12','2016-03-03 04:14:12'),(7223,659,203,'2016-03-08','2016-03-07 23:00:00','2016-03-08 03:15:00',NULL,NULL,'','2016-03-03 04:14:12','2016-03-03 04:14:12'),(7224,659,203,'2016-03-09','2016-03-08 23:00:00','2016-03-09 03:15:00',NULL,NULL,'','2016-03-03 04:14:12','2016-03-03 04:14:12'),(7225,659,203,'2016-03-10','2016-03-09 23:00:00','2016-03-10 03:15:00',NULL,NULL,'','2016-03-03 04:14:12','2016-03-03 04:14:12'),(7226,659,203,'2016-03-11','2016-03-10 23:00:00','2016-03-11 03:15:00',NULL,NULL,'','2016-03-03 04:14:12','2016-03-03 04:14:12'),(7227,659,204,'2016-03-07','2016-03-06 21:30:00','2016-03-07 06:00:00',NULL,NULL,'','2016-03-03 04:14:12','2016-03-03 04:14:12'),(7228,659,204,'2016-03-08','2016-03-07 21:30:00','2016-03-08 06:00:00',NULL,NULL,'','2016-03-03 04:14:12','2016-03-03 04:14:12'),(7229,659,204,'2016-03-09','2016-03-08 21:30:00','2016-03-09 06:00:00',NULL,NULL,'','2016-03-03 04:14:12','2016-03-03 04:14:12'),(7230,659,204,'2016-03-10','2016-03-09 21:30:00','2016-03-10 06:00:00',NULL,NULL,'','2016-03-03 04:14:12','2016-03-03 04:14:12'),(7231,659,204,'2016-03-11','2016-03-10 21:30:00','2016-03-11 06:00:00',NULL,NULL,'','2016-03-03 04:14:12','2016-03-03 04:14:12'),(7232,669,176,'2016-03-14','2016-03-13 21:30:00','2016-03-14 06:00:00',NULL,NULL,'','2016-03-03 04:14:21','2016-03-03 04:14:21'),(7233,669,176,'2016-03-15','2016-03-14 21:30:00','2016-03-15 06:00:00',NULL,NULL,'','2016-03-03 04:14:21','2016-03-03 04:14:21'),(7234,669,176,'2016-03-16','2016-03-15 21:30:00','2016-03-16 06:00:00',NULL,NULL,'','2016-03-03 04:14:21','2016-03-03 04:14:21'),(7235,669,176,'2016-03-17','2016-03-16 21:30:00','2016-03-17 06:00:00',NULL,NULL,'','2016-03-03 04:14:21','2016-03-03 04:14:21'),(7236,669,176,'2016-03-18','2016-03-17 21:30:00','2016-03-18 06:00:00',NULL,NULL,'','2016-03-03 04:14:21','2016-03-03 04:14:21'),(7237,669,182,'2016-03-14','2016-03-13 22:00:00','2016-03-14 06:30:00',NULL,NULL,'','2016-03-03 04:14:21','2016-03-03 04:14:21'),(7238,669,182,'2016-03-15','2016-03-14 22:00:00','2016-03-15 06:30:00',NULL,NULL,'','2016-03-03 04:14:21','2016-03-03 04:14:21'),(7239,669,182,'2016-03-16','2016-03-15 22:00:00','2016-03-16 06:30:00',NULL,NULL,'','2016-03-03 04:14:21','2016-03-03 04:14:21'),(7240,669,182,'2016-03-17','2016-03-16 22:00:00','2016-03-17 06:30:00',NULL,NULL,'','2016-03-03 04:14:21','2016-03-03 04:14:21'),(7241,669,182,'2016-03-18','2016-03-17 22:00:00','2016-03-18 06:30:00',NULL,NULL,'','2016-03-03 04:14:21','2016-03-03 04:14:21'),(7242,669,184,'2016-03-14','2016-03-13 21:30:00','2016-03-14 06:00:00',NULL,NULL,'','2016-03-03 04:14:21','2016-03-03 04:14:21'),(7243,669,184,'2016-03-15','2016-03-14 21:30:00','2016-03-15 06:00:00',NULL,NULL,'','2016-03-03 04:14:21','2016-03-03 04:14:21'),(7244,669,184,'2016-03-16','2016-03-15 21:30:00','2016-03-16 06:00:00',NULL,NULL,'','2016-03-03 04:14:21','2016-03-03 04:14:21'),(7245,669,184,'2016-03-17','2016-03-16 21:30:00','2016-03-17 06:00:00',NULL,NULL,'','2016-03-03 04:14:21','2016-03-03 04:14:21'),(7246,669,184,'2016-03-18','2016-03-17 21:30:00','2016-03-18 06:00:00',NULL,NULL,'','2016-03-03 04:14:21','2016-03-03 04:14:21'),(7247,669,197,'2016-03-14','2016-03-13 21:45:00','2016-03-14 06:15:00',NULL,NULL,'','2016-03-03 04:14:21','2016-03-03 04:14:21'),(7248,669,197,'2016-03-15','2016-03-14 21:45:00','2016-03-15 06:15:00',NULL,NULL,'','2016-03-03 04:14:21','2016-03-03 04:14:21'),(7249,669,197,'2016-03-16','2016-03-15 21:45:00','2016-03-16 06:15:00',NULL,NULL,'','2016-03-03 04:14:21','2016-03-03 04:14:21'),(7250,669,197,'2016-03-17','2016-03-16 21:45:00','2016-03-17 06:15:00',NULL,NULL,'','2016-03-03 04:14:21','2016-03-03 04:14:21'),(7251,669,197,'2016-03-18','2016-03-17 21:45:00','2016-03-18 06:15:00',NULL,NULL,'','2016-03-03 04:14:21','2016-03-03 04:14:21'),(7252,669,198,'2016-03-14','2016-03-13 21:30:00','2016-03-14 06:00:00',NULL,NULL,'','2016-03-03 04:14:22','2016-03-03 04:14:22'),(7253,669,198,'2016-03-15','2016-03-14 21:30:00','2016-03-15 06:00:00',NULL,NULL,'','2016-03-03 04:14:22','2016-03-03 04:14:22'),(7254,669,198,'2016-03-16','2016-03-15 21:30:00','2016-03-16 06:00:00',NULL,NULL,'','2016-03-03 04:14:22','2016-03-03 04:14:22'),(7255,669,198,'2016-03-17','2016-03-16 21:30:00','2016-03-17 06:00:00',NULL,NULL,'','2016-03-03 04:14:22','2016-03-03 04:14:22'),(7256,669,198,'2016-03-18','2016-03-17 21:30:00','2016-03-18 06:00:00',NULL,NULL,'','2016-03-03 04:14:22','2016-03-03 04:14:22'),(7257,669,199,'2016-03-14','2016-03-13 20:00:00','2016-03-14 05:00:00',NULL,NULL,'','2016-03-03 04:14:22','2016-03-03 04:14:22'),(7258,669,199,'2016-03-15','2016-03-14 20:00:00','2016-03-15 05:00:00',NULL,NULL,'','2016-03-03 04:14:22','2016-03-03 04:14:22'),(7259,669,199,'2016-03-16','2016-03-15 20:00:00','2016-03-16 05:00:00',NULL,NULL,'','2016-03-03 04:14:22','2016-03-03 04:14:22'),(7260,669,199,'2016-03-17','2016-03-16 20:00:00','2016-03-17 05:00:00',NULL,NULL,'','2016-03-03 04:14:22','2016-03-03 04:14:22'),(7261,669,199,'2016-03-18','2016-03-17 20:00:00','2016-03-18 03:00:00',NULL,NULL,'','2016-03-03 04:14:22','2016-03-03 04:14:22'),(7262,669,200,'2016-03-14','2016-03-13 21:30:00','2016-03-14 06:00:00',NULL,NULL,'','2016-03-03 04:14:22','2016-03-03 04:14:22'),(7263,669,200,'2016-03-15','2016-03-14 21:30:00','2016-03-15 06:00:00',NULL,NULL,'','2016-03-03 04:14:22','2016-03-03 04:14:22'),(7264,669,200,'2016-03-16','2016-03-15 21:30:00','2016-03-16 06:00:00',NULL,NULL,'','2016-03-03 04:14:22','2016-03-03 04:14:22'),(7265,669,200,'2016-03-17','2016-03-16 21:30:00','2016-03-17 06:00:00',NULL,NULL,'','2016-03-03 04:14:22','2016-03-03 04:14:22'),(7266,669,200,'2016-03-18','2016-03-17 21:30:00','2016-03-18 06:00:00',NULL,NULL,'','2016-03-03 04:14:22','2016-03-03 04:14:22'),(7267,669,201,'2016-03-14','2016-03-13 21:30:00','2016-03-14 04:00:00',NULL,NULL,'','2016-03-03 04:14:22','2016-03-03 04:14:22'),(7268,669,201,'2016-03-15','2016-03-14 21:30:00','2016-03-15 04:00:00',NULL,NULL,'','2016-03-03 04:14:22','2016-03-03 04:14:22'),(7269,669,201,'2016-03-16','2016-03-15 21:30:00','2016-03-16 04:00:00',NULL,NULL,'','2016-03-03 04:14:22','2016-03-03 04:14:22'),(7270,669,201,'2016-03-17','2016-03-16 21:30:00','2016-03-17 04:00:00',NULL,NULL,'','2016-03-03 04:14:22','2016-03-03 04:14:22'),(7271,669,201,'2016-03-18','2016-03-17 21:30:00','2016-03-18 04:00:00',NULL,NULL,'','2016-03-03 04:14:22','2016-03-03 04:14:22'),(7272,669,202,'2016-03-14','2016-03-13 22:00:00','2016-03-14 06:30:00',NULL,NULL,'','2016-03-03 04:14:22','2016-03-03 04:14:22'),(7273,669,202,'2016-03-15','2016-03-14 22:00:00','2016-03-15 06:30:00',NULL,NULL,'','2016-03-03 04:14:22','2016-03-03 04:14:22'),(7274,669,202,'2016-03-16','2016-03-15 22:00:00','2016-03-16 06:30:00',NULL,NULL,'','2016-03-03 04:14:22','2016-03-03 04:14:22'),(7275,669,202,'2016-03-17','2016-03-16 22:00:00','2016-03-17 06:30:00',NULL,NULL,'','2016-03-03 04:14:22','2016-03-03 04:14:22'),(7276,669,202,'2016-03-18','2016-03-17 22:00:00','2016-03-18 06:30:00',NULL,NULL,'','2016-03-03 04:14:22','2016-03-03 04:14:22'),(7277,669,203,'2016-03-14','2016-03-13 23:00:00','2016-03-14 03:15:00',NULL,NULL,'','2016-03-03 04:14:22','2016-03-03 04:14:22'),(7278,669,203,'2016-03-15','2016-03-14 23:00:00','2016-03-15 03:15:00',NULL,NULL,'','2016-03-03 04:14:22','2016-03-03 04:14:22'),(7279,669,203,'2016-03-16','2016-03-15 23:00:00','2016-03-16 03:15:00',NULL,NULL,'','2016-03-03 04:14:22','2016-03-03 04:14:22'),(7280,669,203,'2016-03-17','2016-03-16 23:00:00','2016-03-17 03:15:00',NULL,NULL,'','2016-03-03 04:14:22','2016-03-03 04:14:22'),(7281,669,203,'2016-03-18','2016-03-17 23:00:00','2016-03-18 03:15:00',NULL,NULL,'','2016-03-03 04:14:22','2016-03-03 04:14:22'),(7282,669,204,'2016-03-14','2016-03-13 21:30:00','2016-03-14 06:00:00',NULL,NULL,'','2016-03-03 04:14:22','2016-03-03 04:14:22'),(7283,669,204,'2016-03-15','2016-03-14 21:30:00','2016-03-15 06:00:00',NULL,NULL,'','2016-03-03 04:14:22','2016-03-03 04:14:22'),(7284,669,204,'2016-03-16','2016-03-15 21:30:00','2016-03-16 06:00:00',NULL,NULL,'','2016-03-03 04:14:22','2016-03-03 04:14:22'),(7285,669,204,'2016-03-17','2016-03-16 21:30:00','2016-03-17 06:00:00',NULL,NULL,'','2016-03-03 04:14:22','2016-03-03 04:14:22'),(7286,669,204,'2016-03-18','2016-03-17 21:30:00','2016-03-18 06:00:00',NULL,NULL,'','2016-03-03 04:14:22','2016-03-03 04:14:22'),(7287,670,176,'2016-03-21','2016-03-20 21:30:00','2016-03-21 06:00:00',NULL,NULL,'','2016-03-03 04:14:27','2016-03-03 04:14:27'),(7288,670,176,'2016-03-22','2016-03-21 21:30:00','2016-03-22 06:00:00',NULL,NULL,'','2016-03-03 04:14:27','2016-03-03 04:14:27'),(7289,670,176,'2016-03-23','2016-03-22 21:30:00','2016-03-23 06:00:00',NULL,NULL,'','2016-03-03 04:14:27','2016-03-03 04:14:27'),(7290,670,176,'2016-03-24','2016-03-23 21:30:00','2016-03-24 06:00:00',NULL,NULL,'','2016-03-03 04:14:27','2016-03-03 04:14:27'),(7291,670,176,'2016-03-25','2016-03-24 21:30:00','2016-03-25 06:00:00',NULL,NULL,'','2016-03-03 04:14:27','2016-03-03 04:14:27'),(7292,670,182,'2016-03-21','2016-03-20 22:00:00','2016-03-21 06:30:00',NULL,NULL,'','2016-03-03 04:14:27','2016-03-03 04:14:27'),(7293,670,182,'2016-03-22','2016-03-21 22:00:00','2016-03-22 06:30:00',NULL,NULL,'','2016-03-03 04:14:27','2016-03-03 04:14:27'),(7294,670,182,'2016-03-23','2016-03-22 22:00:00','2016-03-23 06:30:00',NULL,NULL,'','2016-03-03 04:14:27','2016-03-03 04:14:27'),(7295,670,182,'2016-03-24','2016-03-23 22:00:00','2016-03-24 06:30:00',NULL,NULL,'','2016-03-03 04:14:27','2016-03-03 04:14:27'),(7296,670,182,'2016-03-25','2016-03-24 22:00:00','2016-03-25 06:30:00',NULL,NULL,'','2016-03-03 04:14:27','2016-03-03 04:14:27'),(7297,670,184,'2016-03-21','2016-03-20 21:30:00','2016-03-21 06:00:00',NULL,NULL,'','2016-03-03 04:14:27','2016-03-03 04:14:27'),(7298,670,184,'2016-03-22','2016-03-21 21:30:00','2016-03-22 06:00:00',NULL,NULL,'','2016-03-03 04:14:27','2016-03-03 04:14:27'),(7299,670,184,'2016-03-23','2016-03-22 21:30:00','2016-03-23 06:00:00',NULL,NULL,'','2016-03-03 04:14:27','2016-03-03 04:14:27'),(7300,670,184,'2016-03-24','2016-03-23 21:30:00','2016-03-24 06:00:00',NULL,NULL,'','2016-03-03 04:14:27','2016-03-03 04:14:27'),(7301,670,184,'2016-03-25','2016-03-24 21:30:00','2016-03-25 06:00:00',NULL,NULL,'','2016-03-03 04:14:27','2016-03-03 04:14:27'),(7302,670,197,'2016-03-21','2016-03-20 21:45:00','2016-03-21 06:15:00',NULL,NULL,'','2016-03-03 04:14:27','2016-03-03 04:14:27'),(7303,670,197,'2016-03-22','2016-03-21 21:45:00','2016-03-22 06:15:00',NULL,NULL,'','2016-03-03 04:14:27','2016-03-03 04:14:27'),(7304,670,197,'2016-03-23','2016-03-22 21:45:00','2016-03-23 06:15:00',NULL,NULL,'','2016-03-03 04:14:27','2016-03-03 04:14:27'),(7305,670,197,'2016-03-24','2016-03-23 21:45:00','2016-03-24 06:15:00',NULL,NULL,'','2016-03-03 04:14:27','2016-03-03 04:14:27'),(7306,670,197,'2016-03-25','2016-03-24 21:45:00','2016-03-25 06:15:00',NULL,NULL,'','2016-03-03 04:14:27','2016-03-03 04:14:27'),(7307,670,198,'2016-03-21','2016-03-20 21:30:00','2016-03-21 06:00:00',NULL,NULL,'','2016-03-03 04:14:27','2016-03-03 04:14:27'),(7308,670,198,'2016-03-22','2016-03-21 21:30:00','2016-03-22 06:00:00',NULL,NULL,'','2016-03-03 04:14:27','2016-03-03 04:14:27'),(7309,670,198,'2016-03-23','2016-03-22 21:30:00','2016-03-23 06:00:00',NULL,NULL,'','2016-03-03 04:14:27','2016-03-03 04:14:27'),(7310,670,198,'2016-03-24','2016-03-23 21:30:00','2016-03-24 06:00:00',NULL,NULL,'','2016-03-03 04:14:27','2016-03-03 04:14:27'),(7311,670,198,'2016-03-25','2016-03-24 21:30:00','2016-03-25 06:00:00',NULL,NULL,'','2016-03-03 04:14:27','2016-03-03 04:14:27'),(7312,670,199,'2016-03-21','2016-03-20 20:00:00','2016-03-21 05:00:00',NULL,NULL,'','2016-03-03 04:14:27','2016-03-03 04:14:27'),(7313,670,199,'2016-03-22','2016-03-21 20:00:00','2016-03-22 05:00:00',NULL,NULL,'','2016-03-03 04:14:27','2016-03-03 04:14:27'),(7314,670,199,'2016-03-23','2016-03-22 20:00:00','2016-03-23 05:00:00',NULL,NULL,'','2016-03-03 04:14:27','2016-03-03 04:14:27'),(7315,670,199,'2016-03-24','2016-03-23 20:00:00','2016-03-24 05:00:00',NULL,NULL,'','2016-03-03 04:14:27','2016-03-03 04:14:27'),(7316,670,199,'2016-03-25','2016-03-24 20:00:00','2016-03-25 03:00:00',NULL,NULL,'','2016-03-03 04:14:27','2016-03-03 04:14:27'),(7317,670,200,'2016-03-21','2016-03-20 21:30:00','2016-03-21 06:00:00',NULL,NULL,'','2016-03-03 04:14:27','2016-03-03 04:14:27'),(7318,670,200,'2016-03-22','2016-03-21 21:30:00','2016-03-22 06:00:00',NULL,NULL,'','2016-03-03 04:14:27','2016-03-03 04:14:27'),(7319,670,200,'2016-03-23','2016-03-22 21:30:00','2016-03-23 06:00:00',NULL,NULL,'','2016-03-03 04:14:27','2016-03-03 04:14:27'),(7320,670,200,'2016-03-24','2016-03-23 21:30:00','2016-03-24 06:00:00',NULL,NULL,'','2016-03-03 04:14:27','2016-03-03 04:14:27'),(7321,670,200,'2016-03-25','2016-03-24 21:30:00','2016-03-25 06:00:00',NULL,NULL,'','2016-03-03 04:14:27','2016-03-03 04:14:27'),(7322,670,201,'2016-03-21','2016-03-20 21:30:00','2016-03-21 04:00:00',NULL,NULL,'','2016-03-03 04:14:27','2016-03-03 04:14:27'),(7323,670,201,'2016-03-22','2016-03-21 21:30:00','2016-03-22 04:00:00',NULL,NULL,'','2016-03-03 04:14:27','2016-03-03 04:14:27'),(7324,670,201,'2016-03-23','2016-03-22 21:30:00','2016-03-23 04:00:00',NULL,NULL,'','2016-03-03 04:14:27','2016-03-03 04:14:27'),(7325,670,201,'2016-03-24','2016-03-23 21:30:00','2016-03-24 04:00:00',NULL,NULL,'','2016-03-03 04:14:27','2016-03-03 04:14:27'),(7326,670,201,'2016-03-25','2016-03-24 21:30:00','2016-03-25 04:00:00',NULL,NULL,'','2016-03-03 04:14:27','2016-03-03 04:14:27'),(7327,670,202,'2016-03-21','2016-03-20 22:00:00','2016-03-21 06:30:00',NULL,NULL,'','2016-03-03 04:14:27','2016-03-03 04:14:27'),(7328,670,202,'2016-03-22','2016-03-21 22:00:00','2016-03-22 06:30:00',NULL,NULL,'','2016-03-03 04:14:27','2016-03-03 04:14:27'),(7329,670,202,'2016-03-23','2016-03-22 22:00:00','2016-03-23 06:30:00',NULL,NULL,'','2016-03-03 04:14:27','2016-03-03 04:14:27'),(7330,670,202,'2016-03-24','2016-03-23 22:00:00','2016-03-24 06:30:00',NULL,NULL,'','2016-03-03 04:14:27','2016-03-03 04:14:27'),(7331,670,202,'2016-03-25','2016-03-24 22:00:00','2016-03-25 06:30:00',NULL,NULL,'','2016-03-03 04:14:27','2016-03-03 04:14:27'),(7332,670,203,'2016-03-21','2016-03-20 23:00:00','2016-03-21 03:15:00',NULL,NULL,'','2016-03-03 04:14:27','2016-03-03 04:14:27'),(7333,670,203,'2016-03-22','2016-03-21 23:00:00','2016-03-22 03:15:00',NULL,NULL,'','2016-03-03 04:14:27','2016-03-03 04:14:27'),(7334,670,203,'2016-03-23','2016-03-22 23:00:00','2016-03-23 03:15:00',NULL,NULL,'','2016-03-03 04:14:27','2016-03-03 04:14:27'),(7335,670,203,'2016-03-24','2016-03-23 23:00:00','2016-03-24 03:15:00',NULL,NULL,'','2016-03-03 04:14:27','2016-03-03 04:14:27'),(7336,670,203,'2016-03-25','2016-03-24 23:00:00','2016-03-25 03:15:00',NULL,NULL,'','2016-03-03 04:14:27','2016-03-03 04:14:27'),(7337,670,204,'2016-03-21','2016-03-20 21:30:00','2016-03-21 06:00:00',NULL,NULL,'','2016-03-03 04:14:27','2016-03-03 04:14:27'),(7338,670,204,'2016-03-22','2016-03-21 21:30:00','2016-03-22 06:00:00',NULL,NULL,'','2016-03-03 04:14:27','2016-03-03 04:14:27'),(7339,670,204,'2016-03-23','2016-03-22 21:30:00','2016-03-23 06:00:00',NULL,NULL,'','2016-03-03 04:14:27','2016-03-03 04:14:27'),(7340,670,204,'2016-03-24','2016-03-23 21:30:00','2016-03-24 06:00:00',NULL,NULL,'','2016-03-03 04:14:27','2016-03-03 04:14:27'),(7341,670,204,'2016-03-25','2016-03-24 21:30:00','2016-03-25 06:00:00',NULL,NULL,'','2016-03-03 04:14:27','2016-03-03 04:14:27'),(7343,647,173,'2016-03-22','2016-03-21 22:30:00','2016-03-22 07:00:00',NULL,NULL,'','2016-03-03 04:14:57','2016-03-03 04:14:57'),(7344,647,173,'2016-03-23','2016-03-22 22:30:00','2016-03-23 07:00:00',NULL,NULL,'','2016-03-03 04:14:57','2016-03-03 04:14:57'),(7345,647,173,'2016-03-24','2016-03-23 22:30:00','2016-03-24 07:00:00',NULL,NULL,'','2016-03-03 04:14:57','2016-03-03 04:14:57'),(7346,647,173,'2016-03-25','2016-03-24 22:30:00','2016-03-25 07:00:00',NULL,NULL,'','2016-03-03 04:14:57','2016-03-03 04:14:57'),(7348,647,174,'2016-03-22','2016-03-21 22:30:00','2016-03-22 07:00:00',NULL,NULL,'','2016-03-03 04:14:57','2016-03-03 04:14:57'),(7349,647,174,'2016-03-23','2016-03-22 22:30:00','2016-03-23 07:00:00',NULL,NULL,'','2016-03-03 04:14:57','2016-03-03 04:14:57'),(7350,647,174,'2016-03-24','2016-03-23 22:30:00','2016-03-24 07:00:00',NULL,NULL,'','2016-03-03 04:14:57','2016-03-03 04:14:57'),(7351,647,174,'2016-03-25','2016-03-24 22:30:00','2016-03-25 07:00:00',NULL,NULL,'','2016-03-03 04:14:57','2016-03-03 04:14:57'),(7352,647,177,'2016-03-21','2016-03-20 22:00:00','2016-03-21 06:30:00',NULL,NULL,'','2016-03-03 04:14:57','2016-03-21 22:53:57'),(7353,647,177,'2016-03-22','2016-03-21 22:00:00','2016-03-22 06:30:00',NULL,NULL,'','2016-03-03 04:14:57','2016-03-03 04:14:57'),(7354,647,177,'2016-03-23','2016-03-22 22:00:00','2016-03-23 06:30:00',NULL,NULL,'','2016-03-03 04:14:57','2016-03-03 04:14:57'),(7355,647,177,'2016-03-24','2016-03-23 22:00:00','2016-03-24 06:30:00',NULL,NULL,'','2016-03-03 04:14:57','2016-03-03 04:14:57'),(7356,647,177,'2016-03-25','2016-03-24 22:00:00','2016-03-25 06:30:00',NULL,NULL,'','2016-03-03 04:14:57','2016-03-03 04:14:57'),(7357,647,178,'2016-03-21','2016-03-20 22:30:00','2016-03-21 07:00:00',NULL,NULL,'','2016-03-03 04:14:57','2016-03-21 22:53:57'),(7358,647,178,'2016-03-22','2016-03-21 22:30:00','2016-03-22 07:00:00',NULL,NULL,'','2016-03-03 04:14:57','2016-03-03 04:14:57'),(7359,647,178,'2016-03-23','2016-03-22 22:30:00','2016-03-23 07:00:00',NULL,NULL,'','2016-03-03 04:14:57','2016-03-03 04:14:57'),(7360,647,178,'2016-03-24','2016-03-23 22:30:00','2016-03-24 07:00:00',NULL,NULL,'','2016-03-03 04:14:57','2016-03-03 04:14:57'),(7361,647,178,'2016-03-25','2016-03-24 22:30:00','2016-03-25 07:00:00',NULL,NULL,'','2016-03-03 04:14:57','2016-03-03 04:14:57'),(7362,647,180,'2016-03-21','2016-03-20 21:45:00','2016-03-21 06:15:00',NULL,NULL,'','2016-03-03 04:14:57','2016-03-21 22:53:57'),(7363,647,180,'2016-03-22','2016-03-21 21:45:00','2016-03-22 06:15:00',NULL,NULL,'','2016-03-03 04:14:57','2016-03-03 04:14:57'),(7364,647,180,'2016-03-23','2016-03-22 21:45:00','2016-03-23 06:15:00',NULL,NULL,'','2016-03-03 04:14:57','2016-03-03 04:14:57'),(7365,647,180,'2016-03-24','2016-03-23 21:45:00','2016-03-24 06:15:00',NULL,NULL,'','2016-03-03 04:14:57','2016-03-03 04:14:57'),(7366,647,180,'2016-03-25','2016-03-24 21:45:00','2016-03-25 06:15:00',NULL,NULL,'','2016-03-03 04:14:57','2016-03-03 04:14:57'),(7367,647,181,'2016-03-21','2016-03-20 22:00:00','2016-03-21 06:30:00',NULL,NULL,'','2016-03-03 04:14:57','2016-03-21 22:53:57'),(7368,647,181,'2016-03-22','2016-03-21 22:00:00','2016-03-22 06:30:00',NULL,NULL,'','2016-03-03 04:14:57','2016-03-03 04:14:57'),(7369,647,181,'2016-03-23','2016-03-22 22:00:00','2016-03-23 06:30:00',NULL,NULL,'','2016-03-03 04:14:57','2016-03-03 04:14:57'),(7370,647,181,'2016-03-24','2016-03-23 22:00:00','2016-03-24 06:30:00',NULL,NULL,'','2016-03-03 04:14:57','2016-03-03 04:14:57'),(7371,647,181,'2016-03-25','2016-03-24 22:30:00','2016-03-25 07:00:00',NULL,NULL,'','2016-03-03 04:14:57','2016-03-03 04:14:57'),(7372,647,183,'2016-03-21','2016-03-20 21:30:00','2016-03-21 06:00:00',NULL,NULL,'','2016-03-03 04:14:57','2016-03-21 22:53:57'),(7373,647,183,'2016-03-22','2016-03-21 21:30:00','2016-03-22 06:00:00',NULL,NULL,'','2016-03-03 04:14:57','2016-03-03 04:14:57'),(7374,647,183,'2016-03-23','2016-03-22 21:30:00','2016-03-23 06:00:00',NULL,NULL,'','2016-03-03 04:14:57','2016-03-03 04:14:57'),(7375,647,183,'2016-03-24','2016-03-23 21:30:00','2016-03-24 06:00:00',NULL,NULL,'','2016-03-03 04:14:57','2016-03-03 04:14:57'),(7376,647,183,'2016-03-25','2016-03-24 21:30:00','2016-03-25 06:00:00',NULL,NULL,'','2016-03-03 04:14:57','2016-03-03 04:14:57'),(7377,647,186,'2016-03-21','2016-03-20 22:15:00','2016-03-21 06:45:00',NULL,NULL,'','2016-03-03 04:14:57','2016-03-21 22:53:57'),(7378,647,186,'2016-03-22','2016-03-21 22:15:00','2016-03-22 06:45:00',NULL,NULL,'','2016-03-03 04:14:57','2016-03-03 04:14:57'),(7379,647,186,'2016-03-23','2016-03-22 22:15:00','2016-03-23 06:45:00',NULL,NULL,'','2016-03-03 04:14:57','2016-03-03 04:14:57'),(7380,647,186,'2016-03-24','2016-03-23 22:15:00','2016-03-24 06:45:00',NULL,NULL,'','2016-03-03 04:14:57','2016-03-03 04:14:57'),(7381,647,186,'2016-03-25','2016-03-24 22:15:00','2016-03-25 06:45:00',NULL,NULL,'','2016-03-03 04:14:57','2016-03-03 04:14:57'),(7382,647,187,'2016-03-21','2016-03-20 22:30:00','2016-03-21 07:00:00',NULL,NULL,'','2016-03-03 04:14:57','2016-03-21 22:53:57'),(7383,647,187,'2016-03-22','2016-03-21 22:30:00','2016-03-22 07:00:00',NULL,NULL,'','2016-03-03 04:14:57','2016-03-03 04:14:57'),(7384,647,187,'2016-03-23','2016-03-22 22:30:00','2016-03-23 07:00:00',NULL,NULL,'','2016-03-03 04:14:57','2016-03-03 04:14:57'),(7385,647,187,'2016-03-24','2016-03-23 22:30:00','2016-03-24 07:00:00',NULL,NULL,'','2016-03-03 04:14:57','2016-03-03 04:14:57'),(7386,647,187,'2016-03-25','2016-03-24 22:30:00','2016-03-25 07:00:00',NULL,NULL,'','2016-03-03 04:14:57','2016-03-03 04:14:57'),(7387,647,188,'2016-03-21','2016-03-20 21:00:00','2016-03-21 05:30:00',NULL,NULL,'','2016-03-03 04:14:57','2016-03-21 22:53:57'),(7388,647,188,'2016-03-22','2016-03-21 21:00:00','2016-03-22 05:30:00',NULL,NULL,'','2016-03-03 04:14:57','2016-03-03 04:14:57'),(7389,647,188,'2016-03-23','2016-03-22 21:00:00','2016-03-23 05:30:00',NULL,NULL,'','2016-03-03 04:14:57','2016-03-03 04:14:57'),(7390,647,188,'2016-03-24','2016-03-23 21:00:00','2016-03-24 05:30:00',NULL,NULL,'','2016-03-03 04:14:57','2016-03-03 04:14:57'),(7391,647,188,'2016-03-25','2016-03-24 21:00:00','2016-03-25 05:30:00',NULL,NULL,'','2016-03-03 04:14:57','2016-03-03 04:14:57'),(7392,647,189,'2016-03-21','2016-03-20 22:00:00','2016-03-21 06:30:00',NULL,NULL,'','2016-03-03 04:14:57','2016-03-21 22:53:57'),(7393,647,189,'2016-03-22','2016-03-21 22:00:00','2016-03-22 06:30:00',NULL,NULL,'','2016-03-03 04:14:57','2016-03-03 04:14:57'),(7394,647,189,'2016-03-23','2016-03-22 22:00:00','2016-03-23 06:30:00',NULL,NULL,'','2016-03-03 04:14:57','2016-03-03 04:14:57'),(7395,647,189,'2016-03-24','2016-03-23 22:00:00','2016-03-24 06:30:00',NULL,NULL,'','2016-03-03 04:14:57','2016-03-03 04:14:57'),(7396,647,189,'2016-03-25','2016-03-24 22:00:00','2016-03-25 06:30:00',NULL,NULL,'','2016-03-03 04:14:57','2016-03-03 04:14:57'),(7397,647,190,'2016-03-21','2016-03-20 22:00:00','2016-03-21 06:00:00',NULL,NULL,'','2016-03-03 04:14:57','2016-03-21 22:53:57'),(7398,647,190,'2016-03-22','2016-03-21 22:00:00','2016-03-22 06:00:00',NULL,NULL,'','2016-03-03 04:14:57','2016-03-03 04:14:57'),(7399,647,190,'2016-03-23','2016-03-22 22:00:00','2016-03-23 06:00:00',NULL,NULL,'','2016-03-03 04:14:57','2016-03-03 04:14:57'),(7400,647,190,'2016-03-24','2016-03-23 22:00:00','2016-03-24 06:00:00',NULL,NULL,'','2016-03-03 04:14:57','2016-03-03 04:14:57'),(7401,647,190,'2016-03-25','2016-03-24 22:00:00','2016-03-25 06:00:00',NULL,NULL,'','2016-03-03 04:14:57','2016-03-03 04:14:57'),(7402,647,191,'2016-03-21','2016-03-20 21:45:00','2016-03-21 06:15:00',NULL,NULL,'','2016-03-03 04:14:57','2016-03-21 22:53:57'),(7403,647,191,'2016-03-22','2016-03-21 21:45:00','2016-03-22 06:15:00',NULL,NULL,'','2016-03-03 04:14:57','2016-03-03 04:14:57'),(7404,647,191,'2016-03-23','2016-03-22 21:45:00','2016-03-23 06:15:00',NULL,NULL,'','2016-03-03 04:14:57','2016-03-03 04:14:57'),(7405,647,191,'2016-03-24','2016-03-23 21:45:00','2016-03-24 06:15:00',NULL,NULL,'','2016-03-03 04:14:57','2016-03-03 04:14:57'),(7406,647,191,'2016-03-25','2016-03-24 21:45:00','2016-03-25 06:15:00',NULL,NULL,'','2016-03-03 04:14:57','2016-03-03 04:14:57'),(7407,647,192,'2016-03-21','2016-03-20 22:15:00','2016-03-21 06:45:00',NULL,NULL,'','2016-03-03 04:14:57','2016-03-21 22:53:57'),(7408,647,192,'2016-03-22','2016-03-21 22:15:00','2016-03-22 06:45:00',NULL,NULL,'','2016-03-03 04:14:57','2016-03-03 04:14:57'),(7409,647,192,'2016-03-23','2016-03-22 22:15:00','2016-03-23 06:45:00',NULL,NULL,'','2016-03-03 04:14:57','2016-03-03 04:14:57'),(7410,647,192,'2016-03-24','2016-03-23 22:15:00','2016-03-24 06:45:00',NULL,NULL,'','2016-03-03 04:14:57','2016-03-03 04:14:57'),(7411,647,192,'2016-03-25','2016-03-24 22:15:00','2016-03-25 06:45:00',NULL,NULL,'','2016-03-03 04:14:57','2016-03-03 04:14:57'),(7412,647,193,'2016-03-21','2016-03-20 21:45:00','2016-03-21 06:15:00',NULL,NULL,'','2016-03-03 04:14:57','2016-03-21 22:53:57'),(7413,647,193,'2016-03-22','2016-03-21 21:45:00','2016-03-22 06:15:00',NULL,NULL,'','2016-03-03 04:14:57','2016-03-03 04:14:57'),(7414,647,193,'2016-03-23','2016-03-22 21:45:00','2016-03-23 06:15:00',NULL,NULL,'','2016-03-03 04:14:57','2016-03-03 04:14:57'),(7415,647,193,'2016-03-24','2016-03-23 21:45:00','2016-03-24 06:15:00',NULL,NULL,'','2016-03-03 04:14:57','2016-03-03 04:14:57'),(7416,647,193,'2016-03-25','2016-03-24 21:45:00','2016-03-25 06:15:00',NULL,NULL,'','2016-03-03 04:14:57','2016-03-03 04:14:57'),(7417,647,194,'2016-03-21','2016-03-20 21:30:00','2016-03-21 06:00:00',NULL,NULL,'','2016-03-03 04:14:57','2016-03-21 22:53:57'),(7418,647,194,'2016-03-22','2016-03-21 21:30:00','2016-03-22 06:00:00',NULL,NULL,'','2016-03-03 04:14:57','2016-03-03 04:14:57'),(7419,647,194,'2016-03-23','2016-03-22 21:30:00','2016-03-23 06:00:00',NULL,NULL,'','2016-03-03 04:14:57','2016-03-03 04:14:57'),(7420,647,194,'2016-03-24','2016-03-23 21:30:00','2016-03-24 06:00:00',NULL,NULL,'','2016-03-03 04:14:57','2016-03-03 04:14:57'),(7421,647,194,'2016-03-25','2016-03-24 21:30:00','2016-03-25 06:00:00',NULL,NULL,'','2016-03-03 04:14:57','2016-03-03 04:14:57'),(7422,647,195,'2016-03-21','2016-03-20 21:30:00','2016-03-21 06:00:00',NULL,NULL,'','2016-03-03 04:14:57','2016-03-21 22:53:57'),(7423,647,195,'2016-03-22','2016-03-21 21:30:00','2016-03-22 06:00:00',NULL,NULL,'','2016-03-03 04:14:57','2016-03-03 04:14:57'),(7424,647,195,'2016-03-23','2016-03-22 21:30:00','2016-03-23 06:00:00',NULL,NULL,'','2016-03-03 04:14:57','2016-03-03 04:14:57'),(7425,647,195,'2016-03-24','2016-03-23 21:30:00','2016-03-24 06:00:00',NULL,NULL,'','2016-03-03 04:14:57','2016-03-03 04:14:57'),(7426,647,195,'2016-03-25','2016-03-24 21:30:00','2016-03-25 06:00:00',NULL,NULL,'','2016-03-03 04:14:57','2016-03-03 04:14:57'),(7427,647,196,'2016-03-21','2016-03-20 21:30:00','2016-03-21 06:00:00',NULL,NULL,'','2016-03-03 04:14:57','2016-03-21 22:53:57'),(7428,647,196,'2016-03-22','2016-03-21 21:30:00','2016-03-22 06:00:00',NULL,NULL,'','2016-03-03 04:14:57','2016-03-03 04:14:57'),(7429,647,196,'2016-03-23','2016-03-22 21:30:00','2016-03-23 06:00:00',NULL,NULL,'','2016-03-03 04:14:57','2016-03-03 04:14:57'),(7430,647,196,'2016-03-24','2016-03-23 21:30:00','2016-03-24 06:00:00',NULL,NULL,'','2016-03-03 04:14:57','2016-03-03 04:14:57'),(7431,647,196,'2016-03-25','2016-03-24 21:30:00','2016-03-25 06:00:00',NULL,NULL,'','2016-03-03 04:14:57','2016-03-03 04:14:57'),(7432,635,173,'2016-01-04','2016-01-03 22:30:00','2016-01-04 07:00:00',NULL,NULL,'','2016-03-03 04:27:48','2016-03-03 04:27:48'),(7433,635,173,'2016-01-05','2016-01-04 22:30:00','2016-01-05 07:00:00',NULL,NULL,'','2016-03-03 04:27:48','2016-03-03 04:27:48'),(7434,635,173,'2016-01-06','2016-01-05 22:30:00','2016-01-06 07:00:00',NULL,NULL,'','2016-03-03 04:27:48','2016-03-03 04:27:48'),(7435,635,173,'2016-01-07','2016-01-06 22:30:00','2016-01-07 07:00:00',NULL,NULL,'','2016-03-03 04:27:48','2016-03-03 04:27:48'),(7436,635,173,'2016-01-08','2016-01-07 22:30:00','2016-01-08 07:00:00',NULL,NULL,'','2016-03-03 04:27:48','2016-03-03 04:27:48'),(7437,635,174,'2016-01-04','2016-01-03 22:30:00','2016-01-04 07:00:00',NULL,NULL,'','2016-03-03 04:27:48','2016-03-03 04:27:48'),(7438,635,174,'2016-01-05','2016-01-04 22:30:00','2016-01-05 07:00:00',NULL,NULL,'','2016-03-03 04:27:48','2016-03-03 04:27:48'),(7439,635,174,'2016-01-06','2016-01-05 22:30:00','2016-01-06 07:00:00',NULL,NULL,'','2016-03-03 04:27:48','2016-03-03 04:27:48'),(7440,635,174,'2016-01-07','2016-01-06 22:30:00','2016-01-07 07:00:00',NULL,NULL,'','2016-03-03 04:27:48','2016-03-03 04:27:48'),(7441,635,174,'2016-01-08','2016-01-07 22:30:00','2016-01-08 07:00:00',NULL,NULL,'','2016-03-03 04:27:48','2016-03-03 04:27:48'),(7442,635,177,'2016-01-04','2016-01-03 22:00:00','2016-01-04 06:30:00',NULL,NULL,'','2016-03-03 04:27:48','2016-03-03 04:27:48'),(7443,635,177,'2016-01-05','2016-01-04 22:00:00','2016-01-05 06:30:00',NULL,NULL,'','2016-03-03 04:27:48','2016-03-03 04:27:48'),(7444,635,177,'2016-01-06','2016-01-05 22:00:00','2016-01-06 06:30:00',NULL,NULL,'','2016-03-03 04:27:48','2016-03-03 04:27:48'),(7445,635,177,'2016-01-07','2016-01-06 22:00:00','2016-01-07 06:30:00',NULL,NULL,'','2016-03-03 04:27:48','2016-03-03 04:27:48'),(7446,635,177,'2016-01-08','2016-01-07 22:00:00','2016-01-08 06:30:00',NULL,NULL,'','2016-03-03 04:27:48','2016-03-03 04:27:48'),(7447,635,178,'2016-01-04','2016-01-03 22:30:00','2016-01-04 07:00:00',NULL,NULL,'','2016-03-03 04:27:48','2016-03-03 04:27:48'),(7448,635,178,'2016-01-05','2016-01-04 22:30:00','2016-01-05 07:00:00',NULL,NULL,'','2016-03-03 04:27:48','2016-03-03 04:27:48'),(7449,635,178,'2016-01-06','2016-01-05 22:30:00','2016-01-06 07:00:00',NULL,NULL,'','2016-03-03 04:27:48','2016-03-03 04:27:48'),(7450,635,178,'2016-01-07','2016-01-06 22:30:00','2016-01-07 07:00:00',NULL,NULL,'','2016-03-03 04:27:48','2016-03-03 04:27:48'),(7451,635,178,'2016-01-08','2016-01-07 22:30:00','2016-01-08 07:00:00',NULL,NULL,'','2016-03-03 04:27:48','2016-03-03 04:27:48'),(7452,635,180,'2016-01-04','2016-01-03 21:45:00','2016-01-04 03:15:00',NULL,NULL,'','2016-03-03 04:27:48','2016-03-03 04:27:48'),(7453,635,180,'2016-01-05','2016-01-04 21:45:00','2016-01-05 06:15:00',NULL,NULL,'','2016-03-03 04:27:48','2016-03-03 04:27:48'),(7454,635,180,'2016-01-06','2016-01-05 21:45:00','2016-01-06 06:15:00',NULL,NULL,'','2016-03-03 04:27:48','2016-03-03 04:27:48'),(7455,635,180,'2016-01-07','2016-01-06 21:45:00','2016-01-07 06:15:00',NULL,NULL,'','2016-03-03 04:27:48','2016-03-03 04:27:48'),(7456,635,180,'2016-01-08','2016-01-07 21:45:00','2016-01-08 06:15:00',NULL,NULL,'','2016-03-03 04:27:48','2016-03-03 04:27:48'),(7457,635,181,'2016-01-04','2016-01-03 22:30:00','2016-01-04 07:00:00',NULL,NULL,'','2016-03-03 04:27:48','2016-03-03 04:27:48'),(7458,635,181,'2016-01-05','2016-01-04 22:30:00','2016-01-05 07:00:00',NULL,NULL,'','2016-03-03 04:27:48','2016-03-03 04:27:48'),(7459,635,181,'2016-01-06','2016-01-05 22:30:00','2016-01-06 07:00:00',NULL,NULL,'','2016-03-03 04:27:48','2016-03-03 04:27:48'),(7460,635,181,'2016-01-07','2016-01-06 22:30:00','2016-01-07 07:00:00',NULL,NULL,'','2016-03-03 04:27:48','2016-03-03 04:27:48'),(7461,635,181,'2016-01-08','2016-01-07 22:30:00','2016-01-08 07:00:00',NULL,NULL,'','2016-03-03 04:27:48','2016-03-03 04:27:48'),(7462,635,183,'2016-01-04','2016-01-03 21:30:00','2016-01-04 06:00:00',NULL,NULL,'','2016-03-03 04:27:48','2016-03-03 04:27:48'),(7463,635,183,'2016-01-05','2016-01-04 21:30:00','2016-01-05 06:00:00',NULL,NULL,'','2016-03-03 04:27:48','2016-03-03 04:27:48'),(7464,635,183,'2016-01-06','2016-01-05 21:30:00','2016-01-06 06:00:00',NULL,NULL,'','2016-03-03 04:27:48','2016-03-03 04:27:48'),(7465,635,183,'2016-01-07','2016-01-06 21:30:00','2016-01-07 06:00:00',NULL,NULL,'','2016-03-03 04:27:48','2016-03-03 04:27:48'),(7466,635,183,'2016-01-08','2016-01-07 21:30:00','2016-01-08 06:00:00',NULL,NULL,'','2016-03-03 04:27:48','2016-03-03 04:27:48'),(7467,635,186,'2016-01-04','2016-01-03 22:15:00','2016-01-04 06:45:00',NULL,NULL,'','2016-03-03 04:27:48','2016-03-03 04:27:48'),(7468,635,186,'2016-01-05','2016-01-04 22:15:00','2016-01-05 06:45:00',NULL,NULL,'','2016-03-03 04:27:48','2016-03-03 04:27:48'),(7469,635,186,'2016-01-06','2016-01-05 22:15:00','2016-01-06 06:45:00',NULL,NULL,'','2016-03-03 04:27:48','2016-03-03 04:27:48'),(7470,635,186,'2016-01-07','2016-01-06 22:15:00','2016-01-07 06:45:00',NULL,NULL,'','2016-03-03 04:27:48','2016-03-03 04:27:48'),(7471,635,186,'2016-01-08','2016-01-07 22:15:00','2016-01-08 06:45:00',NULL,NULL,'','2016-03-03 04:27:48','2016-03-03 04:27:48'),(7472,635,187,'2016-01-04','2016-01-03 22:30:00','2016-01-04 07:00:00',NULL,NULL,'','2016-03-03 04:27:48','2016-03-03 04:27:48'),(7473,635,187,'2016-01-05','2016-01-04 22:30:00','2016-01-05 07:00:00',NULL,NULL,'','2016-03-03 04:27:48','2016-03-03 04:27:48'),(7474,635,187,'2016-01-06','2016-01-05 22:30:00','2016-01-06 07:00:00',NULL,NULL,'','2016-03-03 04:27:48','2016-03-03 04:27:48'),(7475,635,187,'2016-01-07','2016-01-06 22:30:00','2016-01-07 07:00:00',NULL,NULL,'','2016-03-03 04:27:48','2016-03-03 04:27:48'),(7476,635,187,'2016-01-08','2016-01-07 22:30:00','2016-01-08 07:00:00',NULL,NULL,'','2016-03-03 04:27:48','2016-03-03 04:27:48'),(7477,635,188,'2016-01-04','2016-01-03 20:30:00','2016-01-04 05:00:00',NULL,NULL,'','2016-03-03 04:27:48','2016-03-03 04:27:48'),(7478,635,188,'2016-01-05','2016-01-04 20:30:00','2016-01-05 05:00:00',NULL,NULL,'','2016-03-03 04:27:48','2016-03-03 04:27:48'),(7479,635,188,'2016-01-06','2016-01-05 20:30:00','2016-01-06 05:00:00',NULL,NULL,'','2016-03-03 04:27:48','2016-03-03 04:27:48'),(7480,635,188,'2016-01-07','2016-01-06 20:30:00','2016-01-07 05:00:00',NULL,NULL,'','2016-03-03 04:27:48','2016-03-03 04:27:48'),(7481,635,188,'2016-01-08','2016-01-07 20:30:00','2016-01-08 05:00:00',NULL,NULL,'','2016-03-03 04:27:48','2016-03-03 04:27:48'),(7482,635,189,'2016-01-04','2016-01-03 22:00:00','2016-01-04 06:30:00',NULL,NULL,'','2016-03-03 04:27:48','2016-03-03 04:27:48'),(7483,635,189,'2016-01-05','2016-01-04 22:00:00','2016-01-05 06:30:00',NULL,NULL,'','2016-03-03 04:27:48','2016-03-03 04:27:48'),(7484,635,189,'2016-01-06','2016-01-05 22:00:00','2016-01-06 06:30:00',NULL,NULL,'','2016-03-03 04:27:48','2016-03-03 04:27:48'),(7485,635,189,'2016-01-07','2016-01-06 22:00:00','2016-01-07 06:30:00',NULL,NULL,'','2016-03-03 04:27:48','2016-03-03 04:27:48'),(7486,635,189,'2016-01-08','2016-01-07 22:00:00','2016-01-08 06:30:00',NULL,NULL,'','2016-03-03 04:27:48','2016-03-03 04:27:48'),(7487,635,190,'2016-01-04','2016-01-03 22:00:00','2016-01-04 06:30:00',NULL,NULL,'','2016-03-03 04:27:48','2016-03-03 04:27:48'),(7488,635,190,'2016-01-05','2016-01-04 22:00:00','2016-01-05 06:30:00',NULL,NULL,'','2016-03-03 04:27:48','2016-03-03 04:27:48'),(7489,635,190,'2016-01-06','2016-01-05 22:00:00','2016-01-06 06:30:00',NULL,NULL,'','2016-03-03 04:27:48','2016-03-03 04:27:48'),(7490,635,190,'2016-01-07','2016-01-06 22:00:00','2016-01-07 06:30:00',NULL,NULL,'','2016-03-03 04:27:48','2016-03-03 04:27:48'),(7491,635,190,'2016-01-08','2016-01-07 22:00:00','2016-01-08 06:30:00',NULL,NULL,'','2016-03-03 04:27:48','2016-03-03 04:27:48'),(7492,635,191,'2016-01-04','2016-01-03 21:45:00','2016-01-04 06:15:00',NULL,NULL,'','2016-03-03 04:27:48','2016-03-03 04:27:48'),(7493,635,191,'2016-01-05','2016-01-04 21:45:00','2016-01-05 06:15:00',NULL,NULL,'','2016-03-03 04:27:48','2016-03-03 04:27:48'),(7494,635,191,'2016-01-06','2016-01-05 21:45:00','2016-01-06 06:15:00',NULL,NULL,'','2016-03-03 04:27:48','2016-03-03 04:27:48'),(7495,635,191,'2016-01-07','2016-01-06 21:45:00','2016-01-07 06:15:00',NULL,NULL,'','2016-03-03 04:27:48','2016-03-03 04:27:48'),(7496,635,191,'2016-01-08','2016-01-07 21:45:00','2016-01-08 06:15:00',NULL,NULL,'','2016-03-03 04:27:48','2016-03-03 04:27:48'),(7497,635,192,'2016-01-04','2016-01-03 22:15:00','2016-01-04 06:45:00',NULL,NULL,'','2016-03-03 04:27:48','2016-03-03 04:27:48'),(7498,635,192,'2016-01-05','2016-01-04 22:15:00','2016-01-05 06:45:00',NULL,NULL,'','2016-03-03 04:27:48','2016-03-03 04:27:48'),(7499,635,192,'2016-01-06','2016-01-05 22:15:00','2016-01-06 06:45:00',NULL,NULL,'','2016-03-03 04:27:48','2016-03-03 04:27:48'),(7500,635,192,'2016-01-07','2016-01-06 22:15:00','2016-01-07 06:45:00',NULL,NULL,'','2016-03-03 04:27:48','2016-03-03 04:27:48'),(7501,635,192,'2016-01-08','2016-01-07 22:15:00','2016-01-08 06:45:00',NULL,NULL,'','2016-03-03 04:27:48','2016-03-03 04:27:48'),(7502,635,193,'2016-01-04','2016-01-03 21:30:00','2016-01-04 05:30:00',NULL,NULL,'','2016-03-03 04:27:48','2016-03-03 04:27:48'),(7503,635,193,'2016-01-05','2016-01-04 21:30:00','2016-01-05 05:30:00',NULL,NULL,'','2016-03-03 04:27:48','2016-03-03 04:27:48'),(7504,635,193,'2016-01-06','2016-01-05 21:30:00','2016-01-06 05:30:00',NULL,NULL,'','2016-03-03 04:27:48','2016-03-03 04:27:48'),(7505,635,193,'2016-01-07','2016-01-06 21:30:00','2016-01-07 05:30:00',NULL,NULL,'','2016-03-03 04:27:48','2016-03-03 04:27:48'),(7506,635,193,'2016-01-08','2016-01-07 21:30:00','2016-01-08 05:30:00',NULL,NULL,'','2016-03-03 04:27:48','2016-03-03 04:27:48'),(7507,635,194,'2016-01-04','2016-01-03 21:30:00','2016-01-04 06:00:00',NULL,NULL,'','2016-03-03 04:27:48','2016-03-03 04:27:48'),(7508,635,194,'2016-01-05','2016-01-04 21:30:00','2016-01-05 06:00:00',NULL,NULL,'','2016-03-03 04:27:48','2016-03-03 04:27:48'),(7509,635,194,'2016-01-06','2016-01-05 21:30:00','2016-01-06 06:00:00',NULL,NULL,'','2016-03-03 04:27:48','2016-03-03 04:27:48'),(7510,635,194,'2016-01-07','2016-01-06 21:30:00','2016-01-07 06:00:00',NULL,NULL,'','2016-03-03 04:27:48','2016-03-03 04:27:48'),(7511,635,194,'2016-01-08','2016-01-07 21:30:00','2016-01-08 06:00:00',NULL,NULL,'','2016-03-03 04:27:48','2016-03-03 04:27:48'),(7512,635,195,'2016-01-04','2016-01-03 21:30:00','2016-01-04 06:00:00',NULL,NULL,'','2016-03-03 04:27:48','2016-03-03 04:27:48'),(7513,635,195,'2016-01-05','2016-01-04 21:30:00','2016-01-05 06:00:00',NULL,NULL,'','2016-03-03 04:27:48','2016-03-03 04:27:48'),(7514,635,195,'2016-01-06','2016-01-05 21:30:00','2016-01-06 06:00:00',NULL,NULL,'','2016-03-03 04:27:48','2016-03-03 04:27:48'),(7515,635,195,'2016-01-07','2016-01-06 21:30:00','2016-01-07 06:00:00',NULL,NULL,'','2016-03-03 04:27:48','2016-03-03 04:27:48'),(7516,635,195,'2016-01-08','2016-01-07 21:30:00','2016-01-08 06:00:00',NULL,NULL,'','2016-03-03 04:27:48','2016-03-03 04:27:48'),(7517,635,196,'2016-01-04','2016-01-03 21:30:00','2016-01-04 06:00:00',NULL,NULL,'','2016-03-03 04:27:48','2016-03-03 04:27:48'),(7518,635,196,'2016-01-05','2016-01-04 21:30:00','2016-01-05 06:00:00',NULL,NULL,'','2016-03-03 04:27:48','2016-03-03 04:27:48'),(7519,635,196,'2016-01-06','2016-01-05 21:30:00','2016-01-06 06:00:00',NULL,NULL,'','2016-03-03 04:27:48','2016-03-03 04:27:48'),(7520,635,196,'2016-01-07','2016-01-06 21:30:00','2016-01-07 06:00:00',NULL,NULL,'','2016-03-03 04:27:48','2016-03-03 04:27:48'),(7521,635,196,'2016-01-08','2016-01-07 21:30:00','2016-01-08 06:00:00',NULL,NULL,'','2016-03-03 04:27:48','2016-03-03 04:27:48'),(7522,634,173,'2016-01-11','2016-01-10 22:30:00','2016-01-11 07:00:00',NULL,NULL,'','2016-03-03 04:28:16','2016-03-03 04:28:16'),(7523,634,173,'2016-01-12','2016-01-11 22:30:00','2016-01-12 07:00:00',NULL,NULL,'','2016-03-03 04:28:16','2016-03-03 04:28:16'),(7524,634,173,'2016-01-13','2016-01-12 22:30:00','2016-01-13 07:00:00',NULL,NULL,'','2016-03-03 04:28:16','2016-03-03 04:28:16'),(7525,634,173,'2016-01-14','2016-01-13 22:30:00','2016-01-14 07:00:00',NULL,NULL,'','2016-03-03 04:28:16','2016-03-03 04:28:16'),(7526,634,173,'2016-01-15','2016-01-14 22:30:00','2016-01-15 07:00:00',NULL,NULL,'','2016-03-03 04:28:16','2016-03-03 04:28:16'),(7527,634,174,'2016-01-11','2016-01-10 22:30:00','2016-01-11 07:00:00',NULL,NULL,'','2016-03-03 04:28:16','2016-03-03 04:28:16'),(7528,634,174,'2016-01-12','2016-01-11 22:30:00','2016-01-12 07:00:00',NULL,NULL,'','2016-03-03 04:28:16','2016-03-03 04:28:16'),(7529,634,174,'2016-01-13','2016-01-12 22:30:00','2016-01-13 07:00:00',NULL,NULL,'','2016-03-03 04:28:16','2016-03-03 04:28:16'),(7530,634,174,'2016-01-14','2016-01-13 22:30:00','2016-01-14 07:00:00',NULL,NULL,'','2016-03-03 04:28:16','2016-03-03 04:28:16'),(7531,634,174,'2016-01-15','2016-01-14 22:30:00','2016-01-15 07:00:00',NULL,NULL,'','2016-03-03 04:28:16','2016-03-03 04:28:16'),(7532,634,177,'2016-01-11','2016-01-10 22:00:00','2016-01-11 06:30:00',NULL,NULL,'','2016-03-03 04:28:16','2016-03-03 04:28:16'),(7533,634,177,'2016-01-12','2016-01-11 22:00:00','2016-01-12 06:30:00',NULL,NULL,'','2016-03-03 04:28:16','2016-03-03 04:28:16'),(7534,634,177,'2016-01-13','2016-01-12 22:00:00','2016-01-13 06:30:00',NULL,NULL,'','2016-03-03 04:28:16','2016-03-03 04:28:16'),(7535,634,177,'2016-01-14','2016-01-13 22:00:00','2016-01-14 06:30:00',NULL,NULL,'','2016-03-03 04:28:16','2016-03-03 04:28:16'),(7536,634,177,'2016-01-15','2016-01-14 22:00:00','2016-01-15 06:30:00',NULL,NULL,'','2016-03-03 04:28:16','2016-03-03 04:28:16'),(7537,634,178,'2016-01-11','2016-01-10 22:30:00','2016-01-11 07:00:00',NULL,NULL,'','2016-03-03 04:28:16','2016-03-03 04:28:16'),(7538,634,178,'2016-01-12','2016-01-11 22:30:00','2016-01-12 07:00:00',NULL,NULL,'','2016-03-03 04:28:16','2016-03-03 04:28:16'),(7539,634,178,'2016-01-13','2016-01-12 22:30:00','2016-01-13 07:00:00',NULL,NULL,'','2016-03-03 04:28:16','2016-03-03 04:28:16'),(7540,634,178,'2016-01-14','2016-01-13 22:30:00','2016-01-14 07:00:00',NULL,NULL,'','2016-03-03 04:28:16','2016-03-03 04:28:16'),(7541,634,178,'2016-01-15','2016-01-14 22:30:00','2016-01-15 07:00:00',NULL,NULL,'','2016-03-03 04:28:16','2016-03-03 04:28:16'),(7542,634,180,'2016-01-11','2016-01-10 21:45:00','2016-01-11 03:15:00',NULL,NULL,'','2016-03-03 04:28:16','2016-03-03 04:28:16'),(7543,634,180,'2016-01-12','2016-01-11 21:45:00','2016-01-12 06:15:00',NULL,NULL,'','2016-03-03 04:28:16','2016-03-03 04:28:16'),(7544,634,180,'2016-01-13','2016-01-12 21:45:00','2016-01-13 06:15:00',NULL,NULL,'','2016-03-03 04:28:16','2016-03-03 04:28:16'),(7545,634,180,'2016-01-14','2016-01-13 21:45:00','2016-01-14 06:15:00',NULL,NULL,'','2016-03-03 04:28:16','2016-03-03 04:28:16'),(7546,634,180,'2016-01-15','2016-01-14 21:45:00','2016-01-15 06:15:00',NULL,NULL,'','2016-03-03 04:28:16','2016-03-03 04:28:16'),(7547,634,181,'2016-01-11','2016-01-10 22:30:00','2016-01-11 07:00:00',NULL,NULL,'','2016-03-03 04:28:16','2016-03-03 04:28:16'),(7548,634,181,'2016-01-12','2016-01-11 22:30:00','2016-01-12 07:00:00',NULL,NULL,'','2016-03-03 04:28:16','2016-03-03 04:28:16'),(7549,634,181,'2016-01-13','2016-01-12 22:30:00','2016-01-13 07:00:00',NULL,NULL,'','2016-03-03 04:28:16','2016-03-03 04:28:16'),(7550,634,181,'2016-01-14','2016-01-13 22:30:00','2016-01-14 07:00:00',NULL,NULL,'','2016-03-03 04:28:16','2016-03-03 04:28:16'),(7551,634,181,'2016-01-15','2016-01-14 22:30:00','2016-01-15 07:00:00',NULL,NULL,'','2016-03-03 04:28:16','2016-03-03 04:28:16'),(7552,634,183,'2016-01-11','2016-01-10 21:30:00','2016-01-11 06:00:00',NULL,NULL,'','2016-03-03 04:28:16','2016-03-03 04:28:16'),(7553,634,183,'2016-01-12','2016-01-11 21:30:00','2016-01-12 06:00:00',NULL,NULL,'','2016-03-03 04:28:16','2016-03-03 04:28:16'),(7554,634,183,'2016-01-13','2016-01-12 21:30:00','2016-01-13 06:00:00',NULL,NULL,'','2016-03-03 04:28:16','2016-03-03 04:28:16'),(7555,634,183,'2016-01-14','2016-01-13 21:30:00','2016-01-14 06:00:00',NULL,NULL,'','2016-03-03 04:28:16','2016-03-03 04:28:16'),(7556,634,183,'2016-01-15','2016-01-14 21:30:00','2016-01-15 06:00:00',NULL,NULL,'','2016-03-03 04:28:16','2016-03-03 04:28:16'),(7557,634,186,'2016-01-11','2016-01-10 22:15:00','2016-01-11 06:45:00',NULL,NULL,'','2016-03-03 04:28:16','2016-03-03 04:28:16'),(7558,634,186,'2016-01-12','2016-01-11 22:15:00','2016-01-12 06:45:00',NULL,NULL,'','2016-03-03 04:28:16','2016-03-03 04:28:16'),(7559,634,186,'2016-01-13','2016-01-12 22:15:00','2016-01-13 06:45:00',NULL,NULL,'','2016-03-03 04:28:16','2016-03-03 04:28:16'),(7560,634,186,'2016-01-14','2016-01-13 22:15:00','2016-01-14 06:45:00',NULL,NULL,'','2016-03-03 04:28:16','2016-03-03 04:28:16'),(7561,634,186,'2016-01-15','2016-01-14 22:15:00','2016-01-15 06:45:00',NULL,NULL,'','2016-03-03 04:28:16','2016-03-03 04:28:16'),(7562,634,187,'2016-01-11','2016-01-10 22:30:00','2016-01-11 07:00:00',NULL,NULL,'','2016-03-03 04:28:16','2016-03-03 04:28:16'),(7563,634,187,'2016-01-12','2016-01-11 22:30:00','2016-01-12 07:00:00',NULL,NULL,'','2016-03-03 04:28:16','2016-03-03 04:28:16'),(7564,634,187,'2016-01-13','2016-01-12 22:30:00','2016-01-13 07:00:00',NULL,NULL,'','2016-03-03 04:28:16','2016-03-03 04:28:16'),(7565,634,187,'2016-01-14','2016-01-13 22:30:00','2016-01-14 07:00:00',NULL,NULL,'','2016-03-03 04:28:16','2016-03-03 04:28:16'),(7566,634,187,'2016-01-15','2016-01-14 22:30:00','2016-01-15 07:00:00',NULL,NULL,'','2016-03-03 04:28:16','2016-03-03 04:28:16'),(7567,634,188,'2016-01-11','2016-01-10 20:30:00','2016-01-11 05:00:00',NULL,NULL,'','2016-03-03 04:28:16','2016-03-03 04:28:16'),(7568,634,188,'2016-01-12','2016-01-11 20:30:00','2016-01-12 05:00:00',NULL,NULL,'','2016-03-03 04:28:16','2016-03-03 04:28:16'),(7569,634,188,'2016-01-13','2016-01-12 20:30:00','2016-01-13 05:00:00',NULL,NULL,'','2016-03-03 04:28:16','2016-03-03 04:28:16'),(7570,634,188,'2016-01-14','2016-01-13 20:30:00','2016-01-14 05:00:00',NULL,NULL,'','2016-03-03 04:28:16','2016-03-03 04:28:16'),(7571,634,188,'2016-01-15','2016-01-14 20:30:00','2016-01-15 05:00:00',NULL,NULL,'','2016-03-03 04:28:16','2016-03-03 04:28:16'),(7572,634,189,'2016-01-11','2016-01-10 22:00:00','2016-01-11 06:30:00',NULL,NULL,'','2016-03-03 04:28:16','2016-03-03 04:28:16'),(7573,634,189,'2016-01-12','2016-01-11 22:00:00','2016-01-12 06:30:00',NULL,NULL,'','2016-03-03 04:28:16','2016-03-03 04:28:16'),(7574,634,189,'2016-01-13','2016-01-12 22:00:00','2016-01-13 06:30:00',NULL,NULL,'','2016-03-03 04:28:16','2016-03-03 04:28:16'),(7575,634,189,'2016-01-14','2016-01-13 22:00:00','2016-01-14 06:30:00',NULL,NULL,'','2016-03-03 04:28:16','2016-03-03 04:28:16'),(7576,634,189,'2016-01-15','2016-01-14 22:00:00','2016-01-15 06:30:00',NULL,NULL,'','2016-03-03 04:28:16','2016-03-03 04:28:16'),(7577,634,190,'2016-01-11','2016-01-10 22:00:00','2016-01-11 06:30:00',NULL,NULL,'','2016-03-03 04:28:16','2016-03-03 04:28:16'),(7578,634,190,'2016-01-12','2016-01-11 22:00:00','2016-01-12 06:30:00',NULL,NULL,'','2016-03-03 04:28:16','2016-03-03 04:28:16'),(7579,634,190,'2016-01-13','2016-01-12 22:00:00','2016-01-13 06:30:00',NULL,NULL,'','2016-03-03 04:28:16','2016-03-03 04:28:16'),(7580,634,190,'2016-01-14','2016-01-13 22:00:00','2016-01-14 06:30:00',NULL,NULL,'','2016-03-03 04:28:16','2016-03-03 04:28:16'),(7581,634,190,'2016-01-15','2016-01-14 22:00:00','2016-01-15 06:30:00',NULL,NULL,'','2016-03-03 04:28:16','2016-03-03 04:28:16'),(7582,634,191,'2016-01-11','2016-01-10 21:45:00','2016-01-11 06:15:00',NULL,NULL,'','2016-03-03 04:28:16','2016-03-03 04:28:16'),(7583,634,191,'2016-01-12','2016-01-11 21:45:00','2016-01-12 06:15:00',NULL,NULL,'','2016-03-03 04:28:16','2016-03-03 04:28:16'),(7584,634,191,'2016-01-13','2016-01-12 21:45:00','2016-01-13 06:15:00',NULL,NULL,'','2016-03-03 04:28:16','2016-03-03 04:28:16'),(7585,634,191,'2016-01-14','2016-01-13 21:45:00','2016-01-14 06:15:00',NULL,NULL,'','2016-03-03 04:28:16','2016-03-03 04:28:16'),(7586,634,191,'2016-01-15','2016-01-14 21:45:00','2016-01-15 06:15:00',NULL,NULL,'','2016-03-03 04:28:16','2016-03-03 04:28:16'),(7587,634,192,'2016-01-11','2016-01-10 22:15:00','2016-01-11 06:45:00',NULL,NULL,'','2016-03-03 04:28:16','2016-03-03 04:28:16'),(7588,634,192,'2016-01-12','2016-01-11 22:15:00','2016-01-12 06:45:00',NULL,NULL,'','2016-03-03 04:28:16','2016-03-03 04:28:16'),(7589,634,192,'2016-01-13','2016-01-12 22:15:00','2016-01-13 06:45:00',NULL,NULL,'','2016-03-03 04:28:16','2016-03-03 04:28:16'),(7590,634,192,'2016-01-14','2016-01-13 22:15:00','2016-01-14 06:45:00',NULL,NULL,'','2016-03-03 04:28:16','2016-03-03 04:28:16'),(7591,634,192,'2016-01-15','2016-01-14 22:15:00','2016-01-15 06:45:00',NULL,NULL,'','2016-03-03 04:28:16','2016-03-03 04:28:16'),(7592,634,193,'2016-01-11','2016-01-10 21:30:00','2016-01-11 05:30:00',NULL,NULL,'','2016-03-03 04:28:16','2016-03-03 04:28:16'),(7593,634,193,'2016-01-12','2016-01-11 21:30:00','2016-01-12 05:30:00',NULL,NULL,'','2016-03-03 04:28:16','2016-03-03 04:28:16'),(7594,634,193,'2016-01-13','2016-01-12 21:30:00','2016-01-13 05:30:00',NULL,NULL,'','2016-03-03 04:28:16','2016-03-03 04:28:16'),(7595,634,193,'2016-01-14','2016-01-13 21:30:00','2016-01-14 05:30:00',NULL,NULL,'','2016-03-03 04:28:16','2016-03-03 04:28:16'),(7596,634,193,'2016-01-15','2016-01-14 21:30:00','2016-01-15 05:30:00',NULL,NULL,'','2016-03-03 04:28:16','2016-03-03 04:28:16'),(7597,634,194,'2016-01-11','2016-01-10 21:30:00','2016-01-11 06:00:00',NULL,NULL,'','2016-03-03 04:28:16','2016-03-03 04:28:16'),(7598,634,194,'2016-01-12','2016-01-11 21:30:00','2016-01-12 06:00:00',NULL,NULL,'','2016-03-03 04:28:16','2016-03-03 04:28:16'),(7599,634,194,'2016-01-13','2016-01-12 21:30:00','2016-01-13 06:00:00',NULL,NULL,'','2016-03-03 04:28:16','2016-03-03 04:28:16'),(7600,634,194,'2016-01-14','2016-01-13 21:30:00','2016-01-14 06:00:00',NULL,NULL,'','2016-03-03 04:28:16','2016-03-03 04:28:16'),(7601,634,194,'2016-01-15','2016-01-14 21:30:00','2016-01-15 06:00:00',NULL,NULL,'','2016-03-03 04:28:16','2016-03-03 04:28:16'),(7602,634,195,'2016-01-11','2016-01-10 21:30:00','2016-01-11 06:00:00',NULL,NULL,'','2016-03-03 04:28:16','2016-03-03 04:28:16'),(7603,634,195,'2016-01-12','2016-01-11 21:30:00','2016-01-12 06:00:00',NULL,NULL,'','2016-03-03 04:28:16','2016-03-03 04:28:16'),(7604,634,195,'2016-01-13','2016-01-12 21:30:00','2016-01-13 06:00:00',NULL,NULL,'','2016-03-03 04:28:16','2016-03-03 04:28:16'),(7605,634,195,'2016-01-14','2016-01-13 21:30:00','2016-01-14 06:00:00',NULL,NULL,'','2016-03-03 04:28:16','2016-03-03 04:28:16'),(7606,634,195,'2016-01-15','2016-01-14 21:30:00','2016-01-15 06:00:00',NULL,NULL,'','2016-03-03 04:28:16','2016-03-03 04:28:16'),(7607,634,196,'2016-01-11','2016-01-10 21:30:00','2016-01-11 06:00:00',NULL,NULL,'','2016-03-03 04:28:16','2016-03-03 04:28:16'),(7608,634,196,'2016-01-12','2016-01-11 21:30:00','2016-01-12 06:00:00',NULL,NULL,'','2016-03-03 04:28:16','2016-03-03 04:28:16'),(7609,634,196,'2016-01-13','2016-01-12 21:30:00','2016-01-13 06:00:00',NULL,NULL,'','2016-03-03 04:28:16','2016-03-03 04:28:16'),(7610,634,196,'2016-01-14','2016-01-13 21:30:00','2016-01-14 06:00:00',NULL,NULL,'','2016-03-03 04:28:16','2016-03-03 04:28:16'),(7611,634,196,'2016-01-15','2016-01-14 21:30:00','2016-01-15 06:00:00',NULL,NULL,'','2016-03-03 04:28:16','2016-03-03 04:28:16'),(7612,623,173,'2016-01-18','2016-01-17 22:30:00','2016-01-18 07:00:00',NULL,NULL,'','2016-03-03 04:28:19','2016-03-03 04:28:19'),(7613,623,173,'2016-01-19','2016-01-18 22:30:00','2016-01-19 07:00:00',NULL,NULL,'','2016-03-03 04:28:19','2016-03-03 04:28:19'),(7614,623,173,'2016-01-20','2016-01-19 22:30:00','2016-01-20 07:00:00',NULL,NULL,'','2016-03-03 04:28:19','2016-03-03 04:28:19'),(7615,623,173,'2016-01-21','2016-01-20 22:30:00','2016-01-21 07:00:00',NULL,NULL,'','2016-03-03 04:28:19','2016-03-03 04:28:19'),(7616,623,173,'2016-01-22','2016-01-21 22:30:00','2016-01-22 07:00:00',NULL,NULL,'','2016-03-03 04:28:19','2016-03-03 04:28:19'),(7617,623,174,'2016-01-18','2016-01-17 22:30:00','2016-01-18 07:00:00',NULL,NULL,'','2016-03-03 04:28:19','2016-03-03 04:28:19'),(7618,623,174,'2016-01-19','2016-01-18 22:30:00','2016-01-19 07:00:00',NULL,NULL,'','2016-03-03 04:28:19','2016-03-03 04:28:19'),(7619,623,174,'2016-01-20','2016-01-19 22:30:00','2016-01-20 07:00:00',NULL,NULL,'','2016-03-03 04:28:19','2016-03-03 04:28:19'),(7620,623,174,'2016-01-21','2016-01-20 22:30:00','2016-01-21 07:00:00',NULL,NULL,'','2016-03-03 04:28:19','2016-03-03 04:28:19'),(7621,623,174,'2016-01-22','2016-01-21 22:30:00','2016-01-22 07:00:00',NULL,NULL,'','2016-03-03 04:28:19','2016-03-03 04:28:19'),(7622,623,177,'2016-01-18','2016-01-17 22:00:00','2016-01-18 06:30:00',NULL,NULL,'','2016-03-03 04:28:19','2016-03-03 04:28:19'),(7623,623,177,'2016-01-19','2016-01-18 22:00:00','2016-01-19 06:30:00',NULL,NULL,'','2016-03-03 04:28:19','2016-03-03 04:28:19'),(7624,623,177,'2016-01-20','2016-01-19 22:00:00','2016-01-20 06:30:00',NULL,NULL,'','2016-03-03 04:28:19','2016-03-03 04:28:19'),(7625,623,177,'2016-01-21','2016-01-20 22:00:00','2016-01-21 06:30:00',NULL,NULL,'','2016-03-03 04:28:19','2016-03-03 04:28:19'),(7626,623,177,'2016-01-22','2016-01-21 22:00:00','2016-01-22 06:30:00',NULL,NULL,'','2016-03-03 04:28:19','2016-03-03 04:28:19'),(7627,623,178,'2016-01-18','2016-01-17 22:30:00','2016-01-18 07:00:00',NULL,NULL,'','2016-03-03 04:28:19','2016-03-03 04:28:19'),(7628,623,178,'2016-01-19','2016-01-18 22:30:00','2016-01-19 07:00:00',NULL,NULL,'','2016-03-03 04:28:19','2016-03-03 04:28:19'),(7629,623,178,'2016-01-20','2016-01-19 22:30:00','2016-01-20 07:00:00',NULL,NULL,'','2016-03-03 04:28:19','2016-03-03 04:28:19'),(7630,623,178,'2016-01-21','2016-01-20 22:30:00','2016-01-21 07:00:00',NULL,NULL,'','2016-03-03 04:28:19','2016-03-03 04:28:19'),(7631,623,178,'2016-01-22','2016-01-21 22:30:00','2016-01-22 07:00:00',NULL,NULL,'','2016-03-03 04:28:19','2016-03-03 04:28:19'),(7632,623,180,'2016-01-18','2016-01-17 21:45:00','2016-01-18 03:15:00',NULL,NULL,'','2016-03-03 04:28:19','2016-03-03 04:28:19'),(7633,623,180,'2016-01-19','2016-01-18 21:45:00','2016-01-19 06:15:00',NULL,NULL,'','2016-03-03 04:28:19','2016-03-03 04:28:19'),(7634,623,180,'2016-01-20','2016-01-19 21:45:00','2016-01-20 06:15:00',NULL,NULL,'','2016-03-03 04:28:19','2016-03-03 04:28:19'),(7635,623,180,'2016-01-21','2016-01-20 21:45:00','2016-01-21 06:15:00',NULL,NULL,'','2016-03-03 04:28:19','2016-03-03 04:28:19'),(7636,623,180,'2016-01-22','2016-01-21 21:45:00','2016-01-22 06:15:00',NULL,NULL,'','2016-03-03 04:28:19','2016-03-03 04:28:19'),(7637,623,181,'2016-01-18','2016-01-17 22:30:00','2016-01-18 07:00:00',NULL,NULL,'','2016-03-03 04:28:19','2016-03-03 04:28:19'),(7638,623,181,'2016-01-19','2016-01-18 22:30:00','2016-01-19 07:00:00',NULL,NULL,'','2016-03-03 04:28:19','2016-03-03 04:28:19'),(7639,623,181,'2016-01-20','2016-01-19 22:30:00','2016-01-20 07:00:00',NULL,NULL,'','2016-03-03 04:28:19','2016-03-03 04:28:19'),(7640,623,181,'2016-01-21','2016-01-20 22:30:00','2016-01-21 07:00:00',NULL,NULL,'','2016-03-03 04:28:19','2016-03-03 04:28:19'),(7641,623,181,'2016-01-22','2016-01-21 22:30:00','2016-01-22 07:00:00',NULL,NULL,'','2016-03-03 04:28:19','2016-03-03 04:28:19'),(7642,623,183,'2016-01-18','2016-01-17 21:30:00','2016-01-18 06:00:00',NULL,NULL,'','2016-03-03 04:28:19','2016-03-03 04:28:19'),(7643,623,183,'2016-01-19','2016-01-18 21:30:00','2016-01-19 06:00:00',NULL,NULL,'','2016-03-03 04:28:19','2016-03-03 04:28:19'),(7644,623,183,'2016-01-20','2016-01-19 21:30:00','2016-01-20 06:00:00',NULL,NULL,'','2016-03-03 04:28:19','2016-03-03 04:28:19'),(7645,623,183,'2016-01-21','2016-01-20 21:30:00','2016-01-21 06:00:00',NULL,NULL,'','2016-03-03 04:28:19','2016-03-03 04:28:19'),(7646,623,183,'2016-01-22','2016-01-21 21:30:00','2016-01-22 06:00:00',NULL,NULL,'','2016-03-03 04:28:19','2016-03-03 04:28:19'),(7647,623,186,'2016-01-18','2016-01-17 22:15:00','2016-01-18 06:45:00',NULL,NULL,'','2016-03-03 04:28:19','2016-03-03 04:28:19'),(7648,623,186,'2016-01-19','2016-01-18 22:15:00','2016-01-19 06:45:00',NULL,NULL,'','2016-03-03 04:28:19','2016-03-03 04:28:19'),(7649,623,186,'2016-01-20','2016-01-19 22:15:00','2016-01-20 06:45:00',NULL,NULL,'','2016-03-03 04:28:19','2016-03-03 04:28:19'),(7650,623,186,'2016-01-21','2016-01-20 22:15:00','2016-01-21 06:45:00',NULL,NULL,'','2016-03-03 04:28:19','2016-03-03 04:28:19'),(7651,623,186,'2016-01-22','2016-01-21 22:15:00','2016-01-22 06:45:00',NULL,NULL,'','2016-03-03 04:28:19','2016-03-03 04:28:19'),(7652,623,187,'2016-01-18','2016-01-17 22:30:00','2016-01-18 07:00:00',NULL,NULL,'','2016-03-03 04:28:19','2016-03-03 04:28:19'),(7653,623,187,'2016-01-19','2016-01-18 22:30:00','2016-01-19 07:00:00',NULL,NULL,'','2016-03-03 04:28:19','2016-03-03 04:28:19'),(7654,623,187,'2016-01-20','2016-01-19 22:30:00','2016-01-20 07:00:00',NULL,NULL,'','2016-03-03 04:28:19','2016-03-03 04:28:19'),(7655,623,187,'2016-01-21','2016-01-20 22:30:00','2016-01-21 07:00:00',NULL,NULL,'','2016-03-03 04:28:19','2016-03-03 04:28:19'),(7656,623,187,'2016-01-22','2016-01-21 22:30:00','2016-01-22 07:00:00',NULL,NULL,'','2016-03-03 04:28:19','2016-03-03 04:28:19'),(7657,623,188,'2016-01-18','2016-01-17 20:30:00','2016-01-18 05:00:00',NULL,NULL,'','2016-03-03 04:28:19','2016-03-03 04:28:19'),(7658,623,188,'2016-01-19','2016-01-18 20:30:00','2016-01-19 05:00:00',NULL,NULL,'','2016-03-03 04:28:19','2016-03-03 04:28:19'),(7659,623,188,'2016-01-20','2016-01-19 20:30:00','2016-01-20 05:00:00',NULL,NULL,'','2016-03-03 04:28:19','2016-03-03 04:28:19'),(7660,623,188,'2016-01-21','2016-01-20 20:30:00','2016-01-21 05:00:00',NULL,NULL,'','2016-03-03 04:28:19','2016-03-03 04:28:19'),(7661,623,188,'2016-01-22','2016-01-21 20:30:00','2016-01-22 05:00:00',NULL,NULL,'','2016-03-03 04:28:19','2016-03-03 04:28:19'),(7662,623,189,'2016-01-18','2016-01-17 22:00:00','2016-01-18 06:30:00',NULL,NULL,'','2016-03-03 04:28:19','2016-03-03 04:28:19'),(7663,623,189,'2016-01-19','2016-01-18 22:00:00','2016-01-19 06:30:00',NULL,NULL,'','2016-03-03 04:28:19','2016-03-03 04:28:19'),(7664,623,189,'2016-01-20','2016-01-19 22:00:00','2016-01-20 06:30:00',NULL,NULL,'','2016-03-03 04:28:19','2016-03-03 04:28:19'),(7665,623,189,'2016-01-21','2016-01-20 22:00:00','2016-01-21 06:30:00',NULL,NULL,'','2016-03-03 04:28:19','2016-03-03 04:28:19'),(7666,623,189,'2016-01-22','2016-01-21 22:00:00','2016-01-22 06:30:00',NULL,NULL,'','2016-03-03 04:28:19','2016-03-03 04:28:19'),(7667,623,190,'2016-01-18','2016-01-17 22:00:00','2016-01-18 06:30:00',NULL,NULL,'','2016-03-03 04:28:19','2016-03-03 04:28:19'),(7668,623,190,'2016-01-19','2016-01-18 22:00:00','2016-01-19 06:30:00',NULL,NULL,'','2016-03-03 04:28:19','2016-03-03 04:28:19'),(7669,623,190,'2016-01-20','2016-01-19 22:00:00','2016-01-20 06:30:00',NULL,NULL,'','2016-03-03 04:28:19','2016-03-03 04:28:19'),(7670,623,190,'2016-01-21','2016-01-20 22:00:00','2016-01-21 06:30:00',NULL,NULL,'','2016-03-03 04:28:20','2016-03-03 04:28:20'),(7671,623,190,'2016-01-22','2016-01-21 22:00:00','2016-01-22 06:30:00',NULL,NULL,'','2016-03-03 04:28:20','2016-03-03 04:28:20'),(7672,623,191,'2016-01-18','2016-01-17 21:45:00','2016-01-18 06:15:00',NULL,NULL,'','2016-03-03 04:28:20','2016-03-03 04:28:20'),(7673,623,191,'2016-01-19','2016-01-18 21:45:00','2016-01-19 06:15:00',NULL,NULL,'','2016-03-03 04:28:20','2016-03-03 04:28:20'),(7674,623,191,'2016-01-20','2016-01-19 21:45:00','2016-01-20 06:15:00',NULL,NULL,'','2016-03-03 04:28:20','2016-03-03 04:28:20'),(7675,623,191,'2016-01-21','2016-01-20 21:45:00','2016-01-21 06:15:00',NULL,NULL,'','2016-03-03 04:28:20','2016-03-03 04:28:20'),(7676,623,191,'2016-01-22','2016-01-21 21:45:00','2016-01-22 06:15:00',NULL,NULL,'','2016-03-03 04:28:20','2016-03-03 04:28:20'),(7677,623,192,'2016-01-18','2016-01-17 22:15:00','2016-01-18 06:45:00',NULL,NULL,'','2016-03-03 04:28:20','2016-03-03 04:28:20'),(7678,623,192,'2016-01-19','2016-01-18 22:15:00','2016-01-19 06:45:00',NULL,NULL,'','2016-03-03 04:28:20','2016-03-03 04:28:20'),(7679,623,192,'2016-01-20','2016-01-19 22:15:00','2016-01-20 06:45:00',NULL,NULL,'','2016-03-03 04:28:20','2016-03-03 04:28:20'),(7680,623,192,'2016-01-21','2016-01-20 22:15:00','2016-01-21 06:45:00',NULL,NULL,'','2016-03-03 04:28:20','2016-03-03 04:28:20'),(7681,623,192,'2016-01-22','2016-01-21 22:15:00','2016-01-22 06:45:00',NULL,NULL,'','2016-03-03 04:28:20','2016-03-03 04:28:20'),(7682,623,193,'2016-01-18','2016-01-17 21:30:00','2016-01-18 05:30:00',NULL,NULL,'','2016-03-03 04:28:20','2016-03-03 04:28:20'),(7683,623,193,'2016-01-19','2016-01-18 21:30:00','2016-01-19 05:30:00',NULL,NULL,'','2016-03-03 04:28:20','2016-03-03 04:28:20'),(7684,623,193,'2016-01-20','2016-01-19 21:30:00','2016-01-20 05:30:00',NULL,NULL,'','2016-03-03 04:28:20','2016-03-03 04:28:20'),(7685,623,193,'2016-01-21','2016-01-20 21:30:00','2016-01-21 05:30:00',NULL,NULL,'','2016-03-03 04:28:20','2016-03-03 04:28:20'),(7686,623,193,'2016-01-22','2016-01-21 21:30:00','2016-01-22 05:30:00',NULL,NULL,'','2016-03-03 04:28:20','2016-03-03 04:28:20'),(7687,623,194,'2016-01-18','2016-01-17 21:30:00','2016-01-18 06:00:00',NULL,NULL,'','2016-03-03 04:28:20','2016-03-03 04:28:20'),(7688,623,194,'2016-01-19','2016-01-18 21:30:00','2016-01-19 06:00:00',NULL,NULL,'','2016-03-03 04:28:20','2016-03-03 04:28:20'),(7689,623,194,'2016-01-20','2016-01-19 21:30:00','2016-01-20 06:00:00',NULL,NULL,'','2016-03-03 04:28:20','2016-03-03 04:28:20'),(7690,623,194,'2016-01-21','2016-01-20 21:30:00','2016-01-21 06:00:00',NULL,NULL,'','2016-03-03 04:28:20','2016-03-03 04:28:20'),(7691,623,194,'2016-01-22','2016-01-21 21:30:00','2016-01-22 06:00:00',NULL,NULL,'','2016-03-03 04:28:20','2016-03-03 04:28:20'),(7692,623,195,'2016-01-18','2016-01-17 21:30:00','2016-01-18 06:00:00',NULL,NULL,'','2016-03-03 04:28:20','2016-03-03 04:28:20'),(7693,623,195,'2016-01-19','2016-01-18 21:30:00','2016-01-19 06:00:00',NULL,NULL,'','2016-03-03 04:28:20','2016-03-03 04:28:20'),(7694,623,195,'2016-01-20','2016-01-19 21:30:00','2016-01-20 06:00:00',NULL,NULL,'','2016-03-03 04:28:20','2016-03-03 04:28:20'),(7695,623,195,'2016-01-21','2016-01-20 21:30:00','2016-01-21 06:00:00',NULL,NULL,'','2016-03-03 04:28:20','2016-03-03 04:28:20'),(7696,623,195,'2016-01-22','2016-01-21 21:30:00','2016-01-22 06:00:00',NULL,NULL,'','2016-03-03 04:28:20','2016-03-03 04:28:20'),(7697,623,196,'2016-01-18','2016-01-17 21:30:00','2016-01-18 06:00:00',NULL,NULL,'','2016-03-03 04:28:20','2016-03-03 04:28:20'),(7698,623,196,'2016-01-19','2016-01-18 21:30:00','2016-01-19 06:00:00',NULL,NULL,'','2016-03-03 04:28:20','2016-03-03 04:28:20'),(7699,623,196,'2016-01-20','2016-01-19 21:30:00','2016-01-20 06:00:00',NULL,NULL,'','2016-03-03 04:28:20','2016-03-03 04:28:20'),(7700,623,196,'2016-01-21','2016-01-20 21:30:00','2016-01-21 06:00:00',NULL,NULL,'','2016-03-03 04:28:20','2016-03-03 04:28:20'),(7701,623,196,'2016-01-22','2016-01-21 21:30:00','2016-01-22 06:00:00',NULL,NULL,'','2016-03-03 04:28:20','2016-03-03 04:28:20'),(7702,628,173,'2016-01-25','2016-01-24 22:30:00','2016-01-25 07:00:00',NULL,NULL,'','2016-03-03 04:28:30','2016-03-03 04:28:30'),(7703,628,173,'2016-01-26','2016-01-25 22:30:00','2016-01-26 07:00:00',NULL,NULL,'','2016-03-03 04:28:30','2016-03-03 04:28:30'),(7704,628,173,'2016-01-27','2016-01-26 22:30:00','2016-01-27 07:00:00',NULL,NULL,'','2016-03-03 04:28:30','2016-03-03 04:28:30'),(7705,628,173,'2016-01-28','2016-01-27 22:30:00','2016-01-28 07:00:00',NULL,NULL,'','2016-03-03 04:28:30','2016-03-03 04:28:30'),(7706,628,173,'2016-01-29','2016-01-28 22:30:00','2016-01-29 07:00:00',NULL,NULL,'','2016-03-03 04:28:30','2016-03-03 04:28:30'),(7707,628,174,'2016-01-25','2016-01-24 22:30:00','2016-01-25 07:00:00',NULL,NULL,'','2016-03-03 04:28:30','2016-03-03 04:28:30'),(7708,628,174,'2016-01-26','2016-01-25 22:30:00','2016-01-26 07:00:00',NULL,NULL,'','2016-03-03 04:28:30','2016-03-03 04:28:30'),(7709,628,174,'2016-01-27','2016-01-26 22:30:00','2016-01-27 07:00:00',NULL,NULL,'','2016-03-03 04:28:30','2016-03-03 04:28:30'),(7710,628,174,'2016-01-28','2016-01-27 22:30:00','2016-01-28 07:00:00',NULL,NULL,'','2016-03-03 04:28:31','2016-03-03 04:28:31'),(7711,628,174,'2016-01-29','2016-01-28 22:30:00','2016-01-29 07:00:00',NULL,NULL,'','2016-03-03 04:28:31','2016-03-03 04:28:31'),(7712,628,177,'2016-01-25','2016-01-24 22:00:00','2016-01-25 06:30:00',NULL,NULL,'','2016-03-03 04:28:31','2016-03-03 04:28:31'),(7713,628,177,'2016-01-26','2016-01-25 22:00:00','2016-01-26 06:30:00',NULL,NULL,'','2016-03-03 04:28:31','2016-03-03 04:28:31'),(7714,628,177,'2016-01-27','2016-01-26 22:00:00','2016-01-27 06:30:00',NULL,NULL,'','2016-03-03 04:28:31','2016-03-03 04:28:31'),(7715,628,177,'2016-01-28','2016-01-27 22:00:00','2016-01-28 06:30:00',NULL,NULL,'','2016-03-03 04:28:31','2016-03-03 04:28:31'),(7716,628,177,'2016-01-29','2016-01-28 22:00:00','2016-01-29 06:30:00',NULL,NULL,'','2016-03-03 04:28:31','2016-03-03 04:28:31'),(7717,628,178,'2016-01-25','2016-01-24 22:30:00','2016-01-25 07:00:00',NULL,NULL,'','2016-03-03 04:28:31','2016-03-03 04:28:31'),(7718,628,178,'2016-01-26','2016-01-25 22:30:00','2016-01-26 07:00:00',NULL,NULL,'','2016-03-03 04:28:31','2016-03-03 04:28:31'),(7719,628,178,'2016-01-27','2016-01-26 22:30:00','2016-01-27 07:00:00',NULL,NULL,'','2016-03-03 04:28:31','2016-03-03 04:28:31'),(7720,628,178,'2016-01-28','2016-01-27 22:30:00','2016-01-28 07:00:00',NULL,NULL,'','2016-03-03 04:28:31','2016-03-03 04:28:31'),(7721,628,178,'2016-01-29','2016-01-28 22:30:00','2016-01-29 07:00:00',NULL,NULL,'','2016-03-03 04:28:31','2016-03-03 04:28:31'),(7722,628,180,'2016-01-25','2016-01-24 21:45:00','2016-01-25 03:15:00',NULL,NULL,'','2016-03-03 04:28:31','2016-03-03 04:28:31'),(7723,628,180,'2016-01-26','2016-01-25 21:45:00','2016-01-26 06:15:00',NULL,NULL,'','2016-03-03 04:28:31','2016-03-03 04:28:31'),(7724,628,180,'2016-01-27','2016-01-26 21:45:00','2016-01-27 06:15:00',NULL,NULL,'','2016-03-03 04:28:31','2016-03-03 04:28:31'),(7725,628,180,'2016-01-28','2016-01-27 21:45:00','2016-01-28 06:15:00',NULL,NULL,'','2016-03-03 04:28:31','2016-03-03 04:28:31'),(7726,628,180,'2016-01-29','2016-01-28 21:45:00','2016-01-29 06:15:00',NULL,NULL,'','2016-03-03 04:28:31','2016-03-03 04:28:31'),(7727,628,181,'2016-01-25','2016-01-24 22:30:00','2016-01-25 07:00:00',NULL,NULL,'','2016-03-03 04:28:31','2016-03-03 04:28:31'),(7728,628,181,'2016-01-26','2016-01-25 22:30:00','2016-01-26 07:00:00',NULL,NULL,'','2016-03-03 04:28:31','2016-03-03 04:28:31'),(7729,628,181,'2016-01-27','2016-01-26 22:30:00','2016-01-27 07:00:00',NULL,NULL,'','2016-03-03 04:28:31','2016-03-03 04:28:31'),(7730,628,181,'2016-01-28','2016-01-27 22:30:00','2016-01-28 07:00:00',NULL,NULL,'','2016-03-03 04:28:31','2016-03-03 04:28:31'),(7731,628,181,'2016-01-29','2016-01-28 22:30:00','2016-01-29 07:00:00',NULL,NULL,'','2016-03-03 04:28:31','2016-03-03 04:28:31'),(7732,628,183,'2016-01-25','2016-01-24 21:30:00','2016-01-25 06:00:00',NULL,NULL,'','2016-03-03 04:28:31','2016-03-03 04:28:31'),(7733,628,183,'2016-01-26','2016-01-25 21:30:00','2016-01-26 06:00:00',NULL,NULL,'','2016-03-03 04:28:31','2016-03-03 04:28:31'),(7734,628,183,'2016-01-27','2016-01-26 21:30:00','2016-01-27 06:00:00',NULL,NULL,'','2016-03-03 04:28:31','2016-03-03 04:28:31'),(7735,628,183,'2016-01-28','2016-01-27 21:30:00','2016-01-28 06:00:00',NULL,NULL,'','2016-03-03 04:28:31','2016-03-03 04:28:31'),(7736,628,183,'2016-01-29','2016-01-28 21:30:00','2016-01-29 06:00:00',NULL,NULL,'','2016-03-03 04:28:31','2016-03-03 04:28:31'),(7737,628,186,'2016-01-25','2016-01-24 22:15:00','2016-01-25 06:45:00',NULL,NULL,'','2016-03-03 04:28:31','2016-03-03 04:28:31'),(7738,628,186,'2016-01-26','2016-01-25 22:15:00','2016-01-26 06:45:00',NULL,NULL,'','2016-03-03 04:28:31','2016-03-03 04:28:31'),(7739,628,186,'2016-01-27','2016-01-26 22:15:00','2016-01-27 06:45:00',NULL,NULL,'','2016-03-03 04:28:31','2016-03-03 04:28:31'),(7740,628,186,'2016-01-28','2016-01-27 22:15:00','2016-01-28 06:45:00',NULL,NULL,'','2016-03-03 04:28:31','2016-03-03 04:28:31'),(7741,628,186,'2016-01-29','2016-01-28 22:15:00','2016-01-29 06:45:00',NULL,NULL,'','2016-03-03 04:28:31','2016-03-03 04:28:31'),(7742,628,187,'2016-01-25','2016-01-24 22:30:00','2016-01-25 07:00:00',NULL,NULL,'','2016-03-03 04:28:31','2016-03-03 04:28:31'),(7743,628,187,'2016-01-26','2016-01-25 22:30:00','2016-01-26 07:00:00',NULL,NULL,'','2016-03-03 04:28:31','2016-03-03 04:28:31'),(7744,628,187,'2016-01-27','2016-01-26 22:30:00','2016-01-27 07:00:00',NULL,NULL,'','2016-03-03 04:28:31','2016-03-03 04:28:31'),(7745,628,187,'2016-01-28','2016-01-27 22:30:00','2016-01-28 07:00:00',NULL,NULL,'','2016-03-03 04:28:31','2016-03-03 04:28:31'),(7746,628,187,'2016-01-29','2016-01-28 22:30:00','2016-01-29 07:00:00',NULL,NULL,'','2016-03-03 04:28:31','2016-03-03 04:28:31'),(7747,628,188,'2016-01-25','2016-01-24 20:30:00','2016-01-25 05:00:00',NULL,NULL,'','2016-03-03 04:28:31','2016-03-03 04:28:31'),(7748,628,188,'2016-01-26','2016-01-25 20:30:00','2016-01-26 05:00:00',NULL,NULL,'','2016-03-03 04:28:31','2016-03-03 04:28:31'),(7749,628,188,'2016-01-27','2016-01-26 20:30:00','2016-01-27 05:00:00',NULL,NULL,'','2016-03-03 04:28:31','2016-03-03 04:28:31'),(7750,628,188,'2016-01-28','2016-01-27 20:30:00','2016-01-28 05:00:00',NULL,NULL,'','2016-03-03 04:28:31','2016-03-03 04:28:31'),(7751,628,188,'2016-01-29','2016-01-28 20:30:00','2016-01-29 05:00:00',NULL,NULL,'','2016-03-03 04:28:31','2016-03-03 04:28:31'),(7752,628,189,'2016-01-25','2016-01-24 22:00:00','2016-01-25 06:30:00',NULL,NULL,'','2016-03-03 04:28:31','2016-03-03 04:28:31'),(7753,628,189,'2016-01-26','2016-01-25 22:00:00','2016-01-26 06:30:00',NULL,NULL,'','2016-03-03 04:28:31','2016-03-03 04:28:31'),(7754,628,189,'2016-01-27','2016-01-26 22:00:00','2016-01-27 06:30:00',NULL,NULL,'','2016-03-03 04:28:31','2016-03-03 04:28:31'),(7755,628,189,'2016-01-28','2016-01-27 22:00:00','2016-01-28 06:30:00',NULL,NULL,'','2016-03-03 04:28:31','2016-03-03 04:28:31'),(7756,628,189,'2016-01-29','2016-01-28 22:00:00','2016-01-29 06:30:00',NULL,NULL,'','2016-03-03 04:28:31','2016-03-03 04:28:31'),(7757,628,190,'2016-01-25','2016-01-24 22:00:00','2016-01-25 06:30:00',NULL,NULL,'','2016-03-03 04:28:31','2016-03-03 04:28:31'),(7758,628,190,'2016-01-26','2016-01-25 22:00:00','2016-01-26 06:30:00',NULL,NULL,'','2016-03-03 04:28:31','2016-03-03 04:28:31'),(7759,628,190,'2016-01-27','2016-01-26 22:00:00','2016-01-27 06:30:00',NULL,NULL,'','2016-03-03 04:28:31','2016-03-03 04:28:31'),(7760,628,190,'2016-01-28','2016-01-27 22:00:00','2016-01-28 06:30:00',NULL,NULL,'','2016-03-03 04:28:31','2016-03-03 04:28:31'),(7761,628,190,'2016-01-29','2016-01-28 22:00:00','2016-01-29 06:30:00',NULL,NULL,'','2016-03-03 04:28:31','2016-03-03 04:28:31'),(7762,628,191,'2016-01-25','2016-01-24 21:45:00','2016-01-25 06:15:00',NULL,NULL,'','2016-03-03 04:28:31','2016-03-03 04:28:31'),(7763,628,191,'2016-01-26','2016-01-25 21:45:00','2016-01-26 06:15:00',NULL,NULL,'','2016-03-03 04:28:31','2016-03-03 04:28:31'),(7764,628,191,'2016-01-27','2016-01-26 21:45:00','2016-01-27 06:15:00',NULL,NULL,'','2016-03-03 04:28:31','2016-03-03 04:28:31'),(7765,628,191,'2016-01-28','2016-01-27 21:45:00','2016-01-28 06:15:00',NULL,NULL,'','2016-03-03 04:28:31','2016-03-03 04:28:31'),(7766,628,191,'2016-01-29','2016-01-28 21:45:00','2016-01-29 06:15:00',NULL,NULL,'','2016-03-03 04:28:31','2016-03-03 04:28:31'),(7767,628,192,'2016-01-25','2016-01-24 22:15:00','2016-01-25 06:45:00',NULL,NULL,'','2016-03-03 04:28:31','2016-03-03 04:28:31'),(7768,628,192,'2016-01-26','2016-01-25 22:15:00','2016-01-26 06:45:00',NULL,NULL,'','2016-03-03 04:28:31','2016-03-03 04:28:31'),(7769,628,192,'2016-01-27','2016-01-26 22:15:00','2016-01-27 06:45:00',NULL,NULL,'','2016-03-03 04:28:31','2016-03-03 04:28:31'),(7770,628,192,'2016-01-28','2016-01-27 22:15:00','2016-01-28 06:45:00',NULL,NULL,'','2016-03-03 04:28:31','2016-03-03 04:28:31'),(7771,628,192,'2016-01-29','2016-01-28 22:15:00','2016-01-29 06:45:00',NULL,NULL,'','2016-03-03 04:28:31','2016-03-03 04:28:31'),(7772,628,193,'2016-01-25','2016-01-24 21:30:00','2016-01-25 05:30:00',NULL,NULL,'','2016-03-03 04:28:31','2016-03-03 04:28:31'),(7773,628,193,'2016-01-26','2016-01-25 21:30:00','2016-01-26 05:30:00',NULL,NULL,'','2016-03-03 04:28:31','2016-03-03 04:28:31'),(7774,628,193,'2016-01-27','2016-01-26 21:30:00','2016-01-27 05:30:00',NULL,NULL,'','2016-03-03 04:28:31','2016-03-03 04:28:31'),(7775,628,193,'2016-01-28','2016-01-27 21:30:00','2016-01-28 05:30:00',NULL,NULL,'','2016-03-03 04:28:31','2016-03-03 04:28:31'),(7776,628,193,'2016-01-29','2016-01-28 21:30:00','2016-01-29 05:30:00',NULL,NULL,'','2016-03-03 04:28:31','2016-03-03 04:28:31'),(7777,628,194,'2016-01-25','2016-01-24 21:30:00','2016-01-25 06:00:00',NULL,NULL,'','2016-03-03 04:28:31','2016-03-03 04:28:31'),(7778,628,194,'2016-01-26','2016-01-25 21:30:00','2016-01-26 06:00:00',NULL,NULL,'','2016-03-03 04:28:31','2016-03-03 04:28:31'),(7779,628,194,'2016-01-27','2016-01-26 21:30:00','2016-01-27 06:00:00',NULL,NULL,'','2016-03-03 04:28:31','2016-03-03 04:28:31'),(7780,628,194,'2016-01-28','2016-01-27 21:30:00','2016-01-28 06:00:00',NULL,NULL,'','2016-03-03 04:28:31','2016-03-03 04:28:31'),(7781,628,194,'2016-01-29','2016-01-28 21:30:00','2016-01-29 06:00:00',NULL,NULL,'','2016-03-03 04:28:31','2016-03-03 04:28:31'),(7782,628,195,'2016-01-25','2016-01-24 21:30:00','2016-01-25 06:00:00',NULL,NULL,'','2016-03-03 04:28:31','2016-03-03 04:28:31'),(7783,628,195,'2016-01-26','2016-01-25 21:30:00','2016-01-26 06:00:00',NULL,NULL,'','2016-03-03 04:28:31','2016-03-03 04:28:31'),(7784,628,195,'2016-01-27','2016-01-26 21:30:00','2016-01-27 06:00:00',NULL,NULL,'','2016-03-03 04:28:31','2016-03-03 04:28:31'),(7785,628,195,'2016-01-28','2016-01-27 21:30:00','2016-01-28 06:00:00',NULL,NULL,'','2016-03-03 04:28:31','2016-03-03 04:28:31'),(7786,628,195,'2016-01-29','2016-01-28 21:30:00','2016-01-29 06:00:00',NULL,NULL,'','2016-03-03 04:28:31','2016-03-03 04:28:31'),(7787,628,196,'2016-01-25','2016-01-24 21:30:00','2016-01-25 06:00:00',NULL,NULL,'','2016-03-03 04:28:31','2016-03-03 04:28:31'),(7788,628,196,'2016-01-26','2016-01-25 21:30:00','2016-01-26 06:00:00',NULL,NULL,'','2016-03-03 04:28:31','2016-03-03 04:28:31'),(7789,628,196,'2016-01-27','2016-01-26 21:30:00','2016-01-27 06:00:00',NULL,NULL,'','2016-03-03 04:28:31','2016-03-03 04:28:31'),(7790,628,196,'2016-01-28','2016-01-27 21:30:00','2016-01-28 06:00:00',NULL,NULL,'','2016-03-03 04:28:31','2016-03-03 04:28:31'),(7791,628,196,'2016-01-29','2016-01-28 21:30:00','2016-01-29 06:00:00',NULL,NULL,'','2016-03-03 04:28:31','2016-03-03 04:28:31'),(7792,629,173,'2016-02-01','2016-01-31 22:30:00','2016-02-01 07:00:00',NULL,NULL,'','2016-03-03 04:28:37','2016-03-03 04:28:37'),(7793,629,173,'2016-02-02','2016-02-01 22:30:00','2016-02-02 07:00:00',NULL,NULL,'','2016-03-03 04:28:37','2016-03-03 04:28:37'),(7794,629,173,'2016-02-03','2016-02-02 22:30:00','2016-02-03 07:00:00',NULL,NULL,'','2016-03-03 04:28:37','2016-03-03 04:28:37'),(7795,629,173,'2016-02-04','2016-02-03 22:30:00','2016-02-04 07:00:00',NULL,NULL,'','2016-03-03 04:28:37','2016-03-03 04:28:37'),(7796,629,173,'2016-02-05','2016-02-04 22:30:00','2016-02-05 07:00:00',NULL,NULL,'','2016-03-03 04:28:37','2016-03-03 04:28:37'),(7797,629,174,'2016-02-01','2016-01-31 22:30:00','2016-02-01 07:00:00',NULL,NULL,'','2016-03-03 04:28:37','2016-03-03 04:28:37'),(7798,629,174,'2016-02-02','2016-02-01 22:30:00','2016-02-02 07:00:00',NULL,NULL,'','2016-03-03 04:28:37','2016-03-03 04:28:37'),(7799,629,174,'2016-02-03','2016-02-02 22:30:00','2016-02-03 07:00:00',NULL,NULL,'','2016-03-03 04:28:37','2016-03-03 04:28:37'),(7800,629,174,'2016-02-04','2016-02-03 22:30:00','2016-02-04 07:00:00',NULL,NULL,'','2016-03-03 04:28:37','2016-03-03 04:28:37'),(7801,629,174,'2016-02-05','2016-02-04 22:30:00','2016-02-05 07:00:00',NULL,NULL,'','2016-03-03 04:28:37','2016-03-03 04:28:37'),(7802,629,177,'2016-02-01','2016-01-31 22:00:00','2016-02-01 06:30:00',NULL,NULL,'','2016-03-03 04:28:37','2016-03-03 04:28:37'),(7803,629,177,'2016-02-02','2016-02-01 22:00:00','2016-02-02 06:30:00',NULL,NULL,'','2016-03-03 04:28:37','2016-03-03 04:28:37'),(7804,629,177,'2016-02-03','2016-02-02 22:00:00','2016-02-03 06:30:00',NULL,NULL,'','2016-03-03 04:28:37','2016-03-03 04:28:37'),(7805,629,177,'2016-02-04','2016-02-03 22:00:00','2016-02-04 06:30:00',NULL,NULL,'','2016-03-03 04:28:37','2016-03-03 04:28:37'),(7806,629,177,'2016-02-05','2016-02-04 22:00:00','2016-02-05 06:30:00',NULL,NULL,'','2016-03-03 04:28:38','2016-03-03 04:28:38'),(7807,629,178,'2016-02-01','2016-01-31 22:30:00','2016-02-01 07:00:00',NULL,NULL,'','2016-03-03 04:28:38','2016-03-03 04:28:38'),(7808,629,178,'2016-02-02','2016-02-01 22:30:00','2016-02-02 07:00:00',NULL,NULL,'','2016-03-03 04:28:38','2016-03-03 04:28:38'),(7809,629,178,'2016-02-03','2016-02-02 22:30:00','2016-02-03 07:00:00',NULL,NULL,'','2016-03-03 04:28:38','2016-03-03 04:28:38'),(7810,629,178,'2016-02-04','2016-02-03 22:30:00','2016-02-04 07:00:00',NULL,NULL,'','2016-03-03 04:28:38','2016-03-03 04:28:38'),(7811,629,178,'2016-02-05','2016-02-04 22:30:00','2016-02-05 07:00:00',NULL,NULL,'','2016-03-03 04:28:38','2016-03-03 04:28:38'),(7812,629,180,'2016-02-01','2016-01-31 21:45:00','2016-02-01 03:15:00',NULL,NULL,'','2016-03-03 04:28:38','2016-03-03 04:28:38'),(7813,629,180,'2016-02-02','2016-02-01 21:45:00','2016-02-02 06:15:00',NULL,NULL,'','2016-03-03 04:28:38','2016-03-03 04:28:38'),(7814,629,180,'2016-02-03','2016-02-02 21:45:00','2016-02-03 06:15:00',NULL,NULL,'','2016-03-03 04:28:38','2016-03-03 04:28:38'),(7815,629,180,'2016-02-04','2016-02-03 21:45:00','2016-02-04 06:15:00',NULL,NULL,'','2016-03-03 04:28:38','2016-03-03 04:28:38'),(7816,629,180,'2016-02-05','2016-02-04 21:45:00','2016-02-05 06:15:00',NULL,NULL,'','2016-03-03 04:28:38','2016-03-03 04:28:38'),(7817,629,181,'2016-02-01','2016-01-31 22:30:00','2016-02-01 07:00:00',NULL,NULL,'','2016-03-03 04:28:38','2016-03-03 04:28:38'),(7818,629,181,'2016-02-02','2016-02-01 22:30:00','2016-02-02 07:00:00',NULL,NULL,'','2016-03-03 04:28:38','2016-03-03 04:28:38'),(7819,629,181,'2016-02-03','2016-02-02 22:30:00','2016-02-03 07:00:00',NULL,NULL,'','2016-03-03 04:28:38','2016-03-03 04:28:38'),(7820,629,181,'2016-02-04','2016-02-03 22:30:00','2016-02-04 07:00:00',NULL,NULL,'','2016-03-03 04:28:38','2016-03-03 04:28:38'),(7821,629,181,'2016-02-05','2016-02-04 22:30:00','2016-02-05 07:00:00',NULL,NULL,'','2016-03-03 04:28:38','2016-03-03 04:28:38'),(7822,629,183,'2016-02-01','2016-01-31 21:30:00','2016-02-01 06:00:00',NULL,NULL,'','2016-03-03 04:28:38','2016-03-03 04:28:38'),(7823,629,183,'2016-02-02','2016-02-01 21:30:00','2016-02-02 06:00:00',NULL,NULL,'','2016-03-03 04:28:38','2016-03-03 04:28:38'),(7824,629,183,'2016-02-03','2016-02-02 21:30:00','2016-02-03 06:00:00',NULL,NULL,'','2016-03-03 04:28:38','2016-03-03 04:28:38'),(7825,629,183,'2016-02-04','2016-02-03 21:30:00','2016-02-04 06:00:00',NULL,NULL,'','2016-03-03 04:28:38','2016-03-03 04:28:38'),(7826,629,183,'2016-02-05','2016-02-04 21:30:00','2016-02-05 06:00:00',NULL,NULL,'','2016-03-03 04:28:38','2016-03-03 04:28:38'),(7827,629,186,'2016-02-01','2016-01-31 22:15:00','2016-02-01 06:45:00',NULL,NULL,'','2016-03-03 04:28:38','2016-03-03 04:28:38'),(7828,629,186,'2016-02-02','2016-02-01 22:15:00','2016-02-02 06:45:00',NULL,NULL,'','2016-03-03 04:28:38','2016-03-03 04:28:38'),(7829,629,186,'2016-02-03','2016-02-02 22:15:00','2016-02-03 06:45:00',NULL,NULL,'','2016-03-03 04:28:38','2016-03-03 04:28:38'),(7830,629,186,'2016-02-04','2016-02-03 22:15:00','2016-02-04 06:45:00',NULL,NULL,'','2016-03-03 04:28:38','2016-03-03 04:28:38'),(7831,629,186,'2016-02-05','2016-02-04 22:15:00','2016-02-05 06:45:00',NULL,NULL,'','2016-03-03 04:28:38','2016-03-03 04:28:38'),(7832,629,187,'2016-02-01','2016-01-31 22:30:00','2016-02-01 07:00:00',NULL,NULL,'','2016-03-03 04:28:38','2016-03-03 04:28:38'),(7833,629,187,'2016-02-02','2016-02-01 22:30:00','2016-02-02 07:00:00',NULL,NULL,'','2016-03-03 04:28:38','2016-03-03 04:28:38'),(7834,629,187,'2016-02-03','2016-02-02 22:30:00','2016-02-03 07:00:00',NULL,NULL,'','2016-03-03 04:28:38','2016-03-03 04:28:38'),(7835,629,187,'2016-02-04','2016-02-03 22:30:00','2016-02-04 07:00:00',NULL,NULL,'','2016-03-03 04:28:38','2016-03-03 04:28:38'),(7836,629,187,'2016-02-05','2016-02-04 22:30:00','2016-02-05 07:00:00',NULL,NULL,'','2016-03-03 04:28:38','2016-03-03 04:28:38'),(7837,629,188,'2016-02-01','2016-01-31 20:30:00','2016-02-01 05:00:00',NULL,NULL,'','2016-03-03 04:28:38','2016-03-03 04:28:38'),(7838,629,188,'2016-02-02','2016-02-01 20:30:00','2016-02-02 05:00:00',NULL,NULL,'','2016-03-03 04:28:38','2016-03-03 04:28:38'),(7839,629,188,'2016-02-03','2016-02-02 20:30:00','2016-02-03 05:00:00',NULL,NULL,'','2016-03-03 04:28:38','2016-03-03 04:28:38'),(7840,629,188,'2016-02-04','2016-02-03 20:30:00','2016-02-04 05:00:00',NULL,NULL,'','2016-03-03 04:28:38','2016-03-03 04:28:38'),(7841,629,188,'2016-02-05','2016-02-04 20:30:00','2016-02-05 05:00:00',NULL,NULL,'','2016-03-03 04:28:38','2016-03-03 04:28:38'),(7842,629,189,'2016-02-01','2016-01-31 22:00:00','2016-02-01 06:30:00',NULL,NULL,'','2016-03-03 04:28:38','2016-03-03 04:28:38'),(7843,629,189,'2016-02-02','2016-02-01 22:00:00','2016-02-02 06:30:00',NULL,NULL,'','2016-03-03 04:28:38','2016-03-03 04:28:38'),(7844,629,189,'2016-02-03','2016-02-02 22:00:00','2016-02-03 06:30:00',NULL,NULL,'','2016-03-03 04:28:38','2016-03-03 04:28:38'),(7845,629,189,'2016-02-04','2016-02-03 22:00:00','2016-02-04 06:30:00',NULL,NULL,'','2016-03-03 04:28:38','2016-03-03 04:28:38'),(7846,629,189,'2016-02-05','2016-02-04 22:00:00','2016-02-05 06:30:00',NULL,NULL,'','2016-03-03 04:28:38','2016-03-03 04:28:38'),(7847,629,190,'2016-02-01','2016-01-31 22:00:00','2016-02-01 06:30:00',NULL,NULL,'','2016-03-03 04:28:38','2016-03-03 04:28:38'),(7848,629,190,'2016-02-02','2016-02-01 22:00:00','2016-02-02 06:30:00',NULL,NULL,'','2016-03-03 04:28:38','2016-03-03 04:28:38'),(7849,629,190,'2016-02-03','2016-02-02 22:00:00','2016-02-03 06:30:00',NULL,NULL,'','2016-03-03 04:28:38','2016-03-03 04:28:38'),(7850,629,190,'2016-02-04','2016-02-03 22:00:00','2016-02-04 06:30:00',NULL,NULL,'','2016-03-03 04:28:38','2016-03-03 04:28:38'),(7851,629,190,'2016-02-05','2016-02-04 22:00:00','2016-02-05 06:30:00',NULL,NULL,'','2016-03-03 04:28:38','2016-03-03 04:28:38'),(7852,629,191,'2016-02-01','2016-01-31 21:45:00','2016-02-01 06:15:00',NULL,NULL,'','2016-03-03 04:28:38','2016-03-03 04:28:38'),(7853,629,191,'2016-02-02','2016-02-01 21:45:00','2016-02-02 06:15:00',NULL,NULL,'','2016-03-03 04:28:38','2016-03-03 04:28:38'),(7854,629,191,'2016-02-03','2016-02-02 21:45:00','2016-02-03 06:15:00',NULL,NULL,'','2016-03-03 04:28:38','2016-03-03 04:28:38'),(7855,629,191,'2016-02-04','2016-02-03 21:45:00','2016-02-04 06:15:00',NULL,NULL,'','2016-03-03 04:28:38','2016-03-03 04:28:38'),(7856,629,191,'2016-02-05','2016-02-04 21:45:00','2016-02-05 06:15:00',NULL,NULL,'','2016-03-03 04:28:38','2016-03-03 04:28:38'),(7857,629,192,'2016-02-01','2016-01-31 22:15:00','2016-02-01 06:45:00',NULL,NULL,'','2016-03-03 04:28:38','2016-03-03 04:28:38'),(7858,629,192,'2016-02-02','2016-02-01 22:15:00','2016-02-02 06:45:00',NULL,NULL,'','2016-03-03 04:28:38','2016-03-03 04:28:38'),(7859,629,192,'2016-02-03','2016-02-02 22:15:00','2016-02-03 06:45:00',NULL,NULL,'','2016-03-03 04:28:38','2016-03-03 04:28:38'),(7860,629,192,'2016-02-04','2016-02-03 22:15:00','2016-02-04 06:45:00',NULL,NULL,'','2016-03-03 04:28:38','2016-03-03 04:28:38'),(7861,629,192,'2016-02-05','2016-02-04 22:15:00','2016-02-05 06:45:00',NULL,NULL,'','2016-03-03 04:28:38','2016-03-03 04:28:38'),(7862,629,193,'2016-02-01','2016-01-31 21:30:00','2016-02-01 05:30:00',NULL,NULL,'','2016-03-03 04:28:38','2016-03-03 04:28:38'),(7863,629,193,'2016-02-02','2016-02-01 21:30:00','2016-02-02 05:30:00',NULL,NULL,'','2016-03-03 04:28:38','2016-03-03 04:28:38'),(7864,629,193,'2016-02-03','2016-02-02 21:30:00','2016-02-03 05:30:00',NULL,NULL,'','2016-03-03 04:28:38','2016-03-03 04:28:38'),(7865,629,193,'2016-02-04','2016-02-03 21:30:00','2016-02-04 05:30:00',NULL,NULL,'','2016-03-03 04:28:38','2016-03-03 04:28:38'),(7866,629,193,'2016-02-05','2016-02-04 21:30:00','2016-02-05 05:30:00',NULL,NULL,'','2016-03-03 04:28:38','2016-03-03 04:28:38'),(7867,629,194,'2016-02-01','2016-01-31 21:30:00','2016-02-01 06:00:00',NULL,NULL,'','2016-03-03 04:28:38','2016-03-03 04:28:38'),(7868,629,194,'2016-02-02','2016-02-01 21:30:00','2016-02-02 06:00:00',NULL,NULL,'','2016-03-03 04:28:38','2016-03-03 04:28:38'),(7869,629,194,'2016-02-03','2016-02-02 21:30:00','2016-02-03 06:00:00',NULL,NULL,'','2016-03-03 04:28:38','2016-03-03 04:28:38'),(7870,629,194,'2016-02-04','2016-02-03 21:30:00','2016-02-04 06:00:00',NULL,NULL,'','2016-03-03 04:28:38','2016-03-03 04:28:38'),(7871,629,194,'2016-02-05','2016-02-04 21:30:00','2016-02-05 06:00:00',NULL,NULL,'','2016-03-03 04:28:38','2016-03-03 04:28:38'),(7872,629,195,'2016-02-01','2016-01-31 21:30:00','2016-02-01 06:00:00',NULL,NULL,'','2016-03-03 04:28:38','2016-03-03 04:28:38'),(7873,629,195,'2016-02-02','2016-02-01 21:30:00','2016-02-02 06:00:00',NULL,NULL,'','2016-03-03 04:28:38','2016-03-03 04:28:38'),(7874,629,195,'2016-02-03','2016-02-02 21:30:00','2016-02-03 06:00:00',NULL,NULL,'','2016-03-03 04:28:38','2016-03-03 04:28:38'),(7875,629,195,'2016-02-04','2016-02-03 21:30:00','2016-02-04 06:00:00',NULL,NULL,'','2016-03-03 04:28:38','2016-03-03 04:28:38'),(7876,629,195,'2016-02-05','2016-02-04 21:30:00','2016-02-05 06:00:00',NULL,NULL,'','2016-03-03 04:28:38','2016-03-03 04:28:38'),(7877,629,196,'2016-02-01','2016-01-31 21:30:00','2016-02-01 06:00:00',NULL,NULL,'','2016-03-03 04:28:38','2016-03-03 04:28:38'),(7878,629,196,'2016-02-02','2016-02-01 21:30:00','2016-02-02 06:00:00',NULL,NULL,'','2016-03-03 04:28:38','2016-03-03 04:28:38'),(7879,629,196,'2016-02-03','2016-02-02 21:30:00','2016-02-03 06:00:00',NULL,NULL,'','2016-03-03 04:28:38','2016-03-03 04:28:38'),(7880,629,196,'2016-02-04','2016-02-03 21:30:00','2016-02-04 06:00:00',NULL,NULL,'','2016-03-03 04:28:38','2016-03-03 04:28:38'),(7881,629,196,'2016-02-05','2016-02-04 21:30:00','2016-02-05 06:00:00',NULL,NULL,'','2016-03-03 04:28:38','2016-03-03 04:28:38'),(7882,630,173,'2016-02-08','2016-02-07 22:30:00','2016-02-08 07:00:00',NULL,NULL,'','2016-03-03 04:28:46','2016-03-03 04:28:46'),(7883,630,173,'2016-02-09','2016-02-08 22:30:00','2016-02-09 07:00:00',NULL,NULL,'','2016-03-03 04:28:46','2016-03-03 04:28:46'),(7884,630,173,'2016-02-10','2016-02-09 22:30:00','2016-02-10 07:00:00',NULL,NULL,'','2016-03-03 04:28:46','2016-03-03 04:28:46'),(7885,630,173,'2016-02-11','2016-02-10 22:30:00','2016-02-11 07:00:00',NULL,NULL,'','2016-03-03 04:28:46','2016-03-03 04:28:46'),(7886,630,173,'2016-02-12','2016-02-11 22:30:00','2016-02-12 07:00:00',NULL,NULL,'','2016-03-03 04:28:46','2016-03-03 04:28:46'),(7887,630,174,'2016-02-08','2016-02-07 22:30:00','2016-02-08 07:00:00',NULL,NULL,'','2016-03-03 04:28:46','2016-03-03 04:28:46'),(7888,630,174,'2016-02-09','2016-02-08 22:30:00','2016-02-09 07:00:00',NULL,NULL,'','2016-03-03 04:28:46','2016-03-03 04:28:46'),(7889,630,174,'2016-02-10','2016-02-09 22:30:00','2016-02-10 07:00:00',NULL,NULL,'','2016-03-03 04:28:46','2016-03-03 04:28:46'),(7890,630,174,'2016-02-11','2016-02-10 22:30:00','2016-02-11 07:00:00',NULL,NULL,'','2016-03-03 04:28:46','2016-03-03 04:28:46'),(7891,630,174,'2016-02-12','2016-02-11 22:30:00','2016-02-12 07:00:00',NULL,NULL,'','2016-03-03 04:28:46','2016-03-03 04:28:46'),(7892,630,177,'2016-02-08','2016-02-07 22:00:00','2016-02-08 06:30:00',NULL,NULL,'','2016-03-03 04:28:46','2016-03-03 04:28:46'),(7893,630,177,'2016-02-09','2016-02-08 22:00:00','2016-02-09 06:30:00',NULL,NULL,'','2016-03-03 04:28:46','2016-03-03 04:28:46'),(7894,630,177,'2016-02-10','2016-02-09 22:00:00','2016-02-10 06:30:00',NULL,NULL,'','2016-03-03 04:28:46','2016-03-03 04:28:46'),(7895,630,177,'2016-02-11','2016-02-10 22:00:00','2016-02-11 06:30:00',NULL,NULL,'','2016-03-03 04:28:46','2016-03-03 04:28:46'),(7896,630,177,'2016-02-12','2016-02-11 22:00:00','2016-02-12 06:30:00',NULL,NULL,'','2016-03-03 04:28:46','2016-03-03 04:28:46'),(7897,630,178,'2016-02-08','2016-02-07 22:30:00','2016-02-08 07:00:00',NULL,NULL,'','2016-03-03 04:28:46','2016-03-03 04:28:46'),(7898,630,178,'2016-02-09','2016-02-08 22:30:00','2016-02-09 07:00:00',NULL,NULL,'','2016-03-03 04:28:46','2016-03-03 04:28:46'),(7899,630,178,'2016-02-10','2016-02-09 22:30:00','2016-02-10 07:00:00',NULL,NULL,'','2016-03-03 04:28:46','2016-03-03 04:28:46'),(7900,630,178,'2016-02-11','2016-02-10 22:30:00','2016-02-11 07:00:00',NULL,NULL,'','2016-03-03 04:28:46','2016-03-03 04:28:46'),(7901,630,178,'2016-02-12','2016-02-11 22:30:00','2016-02-12 07:00:00',NULL,NULL,'','2016-03-03 04:28:46','2016-03-03 04:28:46'),(7902,630,180,'2016-02-08','2016-02-07 21:45:00','2016-02-08 03:15:00',NULL,NULL,'','2016-03-03 04:28:46','2016-03-03 04:28:46'),(7903,630,180,'2016-02-09','2016-02-08 21:45:00','2016-02-09 06:15:00',NULL,NULL,'','2016-03-03 04:28:46','2016-03-03 04:28:46'),(7904,630,180,'2016-02-10','2016-02-09 21:45:00','2016-02-10 06:15:00',NULL,NULL,'','2016-03-03 04:28:46','2016-03-03 04:28:46'),(7905,630,180,'2016-02-11','2016-02-10 21:45:00','2016-02-11 06:15:00',NULL,NULL,'','2016-03-03 04:28:46','2016-03-03 04:28:46'),(7906,630,180,'2016-02-12','2016-02-11 21:45:00','2016-02-12 06:15:00',NULL,NULL,'','2016-03-03 04:28:46','2016-03-03 04:28:46'),(7907,630,181,'2016-02-08','2016-02-07 22:30:00','2016-02-08 07:00:00',NULL,NULL,'','2016-03-03 04:28:46','2016-03-03 04:28:46'),(7908,630,181,'2016-02-09','2016-02-08 22:30:00','2016-02-09 07:00:00',NULL,NULL,'','2016-03-03 04:28:46','2016-03-03 04:28:46'),(7909,630,181,'2016-02-10','2016-02-09 22:30:00','2016-02-10 07:00:00',NULL,NULL,'','2016-03-03 04:28:46','2016-03-03 04:28:46'),(7910,630,181,'2016-02-11','2016-02-10 22:30:00','2016-02-11 07:00:00',NULL,NULL,'','2016-03-03 04:28:46','2016-03-03 04:28:46'),(7911,630,181,'2016-02-12','2016-02-11 22:30:00','2016-02-12 07:00:00',NULL,NULL,'','2016-03-03 04:28:46','2016-03-03 04:28:46'),(7912,630,183,'2016-02-08','2016-02-07 21:30:00','2016-02-08 06:00:00',NULL,NULL,'','2016-03-03 04:28:46','2016-03-03 04:28:46'),(7913,630,183,'2016-02-09','2016-02-08 21:30:00','2016-02-09 06:00:00',NULL,NULL,'','2016-03-03 04:28:46','2016-03-03 04:28:46'),(7914,630,183,'2016-02-10','2016-02-09 21:30:00','2016-02-10 06:00:00',NULL,NULL,'','2016-03-03 04:28:46','2016-03-03 04:28:46'),(7915,630,183,'2016-02-11','2016-02-10 21:30:00','2016-02-11 06:00:00',NULL,NULL,'','2016-03-03 04:28:46','2016-03-03 04:28:46'),(7916,630,183,'2016-02-12','2016-02-11 21:30:00','2016-02-12 06:00:00',NULL,NULL,'','2016-03-03 04:28:46','2016-03-03 04:28:46'),(7917,630,186,'2016-02-08','2016-02-07 22:15:00','2016-02-08 06:45:00',NULL,NULL,'','2016-03-03 04:28:46','2016-03-03 04:28:46'),(7918,630,186,'2016-02-09','2016-02-08 22:15:00','2016-02-09 06:45:00',NULL,NULL,'','2016-03-03 04:28:46','2016-03-03 04:28:46'),(7919,630,186,'2016-02-10','2016-02-09 22:15:00','2016-02-10 06:45:00',NULL,NULL,'','2016-03-03 04:28:46','2016-03-03 04:28:46'),(7920,630,186,'2016-02-11','2016-02-10 22:15:00','2016-02-11 06:45:00',NULL,NULL,'','2016-03-03 04:28:46','2016-03-03 04:28:46'),(7921,630,186,'2016-02-12','2016-02-11 22:15:00','2016-02-12 06:45:00',NULL,NULL,'','2016-03-03 04:28:46','2016-03-03 04:28:46'),(7922,630,187,'2016-02-08','2016-02-07 22:30:00','2016-02-08 07:00:00',NULL,NULL,'','2016-03-03 04:28:46','2016-03-03 04:28:46'),(7923,630,187,'2016-02-09','2016-02-08 22:30:00','2016-02-09 07:00:00',NULL,NULL,'','2016-03-03 04:28:46','2016-03-03 04:28:46'),(7924,630,187,'2016-02-10','2016-02-09 22:30:00','2016-02-10 07:00:00',NULL,NULL,'','2016-03-03 04:28:46','2016-03-03 04:28:46'),(7925,630,187,'2016-02-11','2016-02-10 22:30:00','2016-02-11 07:00:00',NULL,NULL,'','2016-03-03 04:28:46','2016-03-03 04:28:46'),(7926,630,187,'2016-02-12','2016-02-11 22:30:00','2016-02-12 07:00:00',NULL,NULL,'','2016-03-03 04:28:46','2016-03-03 04:28:46'),(7927,630,188,'2016-02-08','2016-02-07 20:30:00','2016-02-08 05:00:00',NULL,NULL,'','2016-03-03 04:28:46','2016-03-03 04:28:46'),(7928,630,188,'2016-02-09','2016-02-08 20:30:00','2016-02-09 05:00:00',NULL,NULL,'','2016-03-03 04:28:46','2016-03-03 04:28:46'),(7929,630,188,'2016-02-10','2016-02-09 20:30:00','2016-02-10 05:00:00',NULL,NULL,'','2016-03-03 04:28:46','2016-03-03 04:28:46'),(7930,630,188,'2016-02-11','2016-02-10 20:30:00','2016-02-11 05:00:00',NULL,NULL,'','2016-03-03 04:28:46','2016-03-03 04:28:46'),(7931,630,188,'2016-02-12','2016-02-11 20:30:00','2016-02-12 05:00:00',NULL,NULL,'','2016-03-03 04:28:46','2016-03-03 04:28:46'),(7932,630,189,'2016-02-08','2016-02-07 22:00:00','2016-02-08 06:30:00',NULL,NULL,'','2016-03-03 04:28:47','2016-03-03 04:28:47'),(7933,630,189,'2016-02-09','2016-02-08 22:00:00','2016-02-09 06:30:00',NULL,NULL,'','2016-03-03 04:28:47','2016-03-03 04:28:47'),(7934,630,189,'2016-02-10','2016-02-09 22:00:00','2016-02-10 06:30:00',NULL,NULL,'','2016-03-03 04:28:47','2016-03-03 04:28:47'),(7935,630,189,'2016-02-11','2016-02-10 22:00:00','2016-02-11 06:30:00',NULL,NULL,'','2016-03-03 04:28:47','2016-03-03 04:28:47'),(7936,630,189,'2016-02-12','2016-02-11 22:00:00','2016-02-12 06:30:00',NULL,NULL,'','2016-03-03 04:28:47','2016-03-03 04:28:47'),(7937,630,190,'2016-02-08','2016-02-07 22:00:00','2016-02-08 06:30:00',NULL,NULL,'','2016-03-03 04:28:47','2016-03-03 04:28:47'),(7938,630,190,'2016-02-09','2016-02-08 22:00:00','2016-02-09 06:30:00',NULL,NULL,'','2016-03-03 04:28:47','2016-03-03 04:28:47'),(7939,630,190,'2016-02-10','2016-02-09 22:00:00','2016-02-10 06:30:00',NULL,NULL,'','2016-03-03 04:28:47','2016-03-03 04:28:47'),(7940,630,190,'2016-02-11','2016-02-10 22:00:00','2016-02-11 06:30:00',NULL,NULL,'','2016-03-03 04:28:47','2016-03-03 04:28:47'),(7941,630,190,'2016-02-12','2016-02-11 22:00:00','2016-02-12 06:30:00',NULL,NULL,'','2016-03-03 04:28:47','2016-03-03 04:28:47'),(7942,630,191,'2016-02-08','2016-02-07 21:45:00','2016-02-08 06:15:00',NULL,NULL,'','2016-03-03 04:28:47','2016-03-03 04:28:47'),(7943,630,191,'2016-02-09','2016-02-08 21:45:00','2016-02-09 06:15:00',NULL,NULL,'','2016-03-03 04:28:47','2016-03-03 04:28:47'),(7944,630,191,'2016-02-10','2016-02-09 21:45:00','2016-02-10 06:15:00',NULL,NULL,'','2016-03-03 04:28:47','2016-03-03 04:28:47'),(7945,630,191,'2016-02-11','2016-02-10 21:45:00','2016-02-11 06:15:00',NULL,NULL,'','2016-03-03 04:28:47','2016-03-03 04:28:47'),(7946,630,191,'2016-02-12','2016-02-11 21:45:00','2016-02-12 06:15:00',NULL,NULL,'','2016-03-03 04:28:47','2016-03-03 04:28:47'),(7947,630,192,'2016-02-08','2016-02-07 22:15:00','2016-02-08 06:45:00',NULL,NULL,'','2016-03-03 04:28:47','2016-03-03 04:28:47'),(7948,630,192,'2016-02-09','2016-02-08 22:15:00','2016-02-09 06:45:00',NULL,NULL,'','2016-03-03 04:28:47','2016-03-03 04:28:47'),(7949,630,192,'2016-02-10','2016-02-09 22:15:00','2016-02-10 06:45:00',NULL,NULL,'','2016-03-03 04:28:47','2016-03-03 04:28:47'),(7950,630,192,'2016-02-11','2016-02-10 22:15:00','2016-02-11 06:45:00',NULL,NULL,'','2016-03-03 04:28:47','2016-03-03 04:28:47'),(7951,630,192,'2016-02-12','2016-02-11 22:15:00','2016-02-12 06:45:00',NULL,NULL,'','2016-03-03 04:28:47','2016-03-03 04:28:47'),(7952,630,193,'2016-02-08','2016-02-07 21:30:00','2016-02-08 05:30:00',NULL,NULL,'','2016-03-03 04:28:47','2016-03-03 04:28:47'),(7953,630,193,'2016-02-09','2016-02-08 21:30:00','2016-02-09 05:30:00',NULL,NULL,'','2016-03-03 04:28:47','2016-03-03 04:28:47'),(7954,630,193,'2016-02-10','2016-02-09 21:30:00','2016-02-10 05:30:00',NULL,NULL,'','2016-03-03 04:28:47','2016-03-03 04:28:47'),(7955,630,193,'2016-02-11','2016-02-10 21:30:00','2016-02-11 05:30:00',NULL,NULL,'','2016-03-03 04:28:47','2016-03-03 04:28:47'),(7956,630,193,'2016-02-12','2016-02-11 21:30:00','2016-02-12 05:30:00',NULL,NULL,'','2016-03-03 04:28:47','2016-03-03 04:28:47'),(7957,630,194,'2016-02-08','2016-02-07 21:30:00','2016-02-08 06:00:00',NULL,NULL,'','2016-03-03 04:28:47','2016-03-03 04:28:47'),(7958,630,194,'2016-02-09','2016-02-08 21:30:00','2016-02-09 06:00:00',NULL,NULL,'','2016-03-03 04:28:47','2016-03-03 04:28:47'),(7959,630,194,'2016-02-10','2016-02-09 21:30:00','2016-02-10 06:00:00',NULL,NULL,'','2016-03-03 04:28:47','2016-03-03 04:28:47'),(7960,630,194,'2016-02-11','2016-02-10 21:30:00','2016-02-11 06:00:00',NULL,NULL,'','2016-03-03 04:28:47','2016-03-03 04:28:47'),(7961,630,194,'2016-02-12','2016-02-11 21:30:00','2016-02-12 06:00:00',NULL,NULL,'','2016-03-03 04:28:47','2016-03-03 04:28:47'),(7962,630,195,'2016-02-08','2016-02-07 21:30:00','2016-02-08 06:00:00',NULL,NULL,'','2016-03-03 04:28:47','2016-03-03 04:28:47'),(7963,630,195,'2016-02-09','2016-02-08 21:30:00','2016-02-09 06:00:00',NULL,NULL,'','2016-03-03 04:28:47','2016-03-03 04:28:47'),(7964,630,195,'2016-02-10','2016-02-09 21:30:00','2016-02-10 06:00:00',NULL,NULL,'','2016-03-03 04:28:47','2016-03-03 04:28:47'),(7965,630,195,'2016-02-11','2016-02-10 21:30:00','2016-02-11 06:00:00',NULL,NULL,'','2016-03-03 04:28:47','2016-03-03 04:28:47'),(7966,630,195,'2016-02-12','2016-02-11 21:30:00','2016-02-12 06:00:00',NULL,NULL,'','2016-03-03 04:28:47','2016-03-03 04:28:47'),(7967,630,196,'2016-02-08','2016-02-07 21:30:00','2016-02-08 06:00:00',NULL,NULL,'','2016-03-03 04:28:47','2016-03-03 04:28:47'),(7968,630,196,'2016-02-09','2016-02-08 21:30:00','2016-02-09 06:00:00',NULL,NULL,'','2016-03-03 04:28:47','2016-03-03 04:28:47'),(7969,630,196,'2016-02-10','2016-02-09 21:30:00','2016-02-10 06:00:00',NULL,NULL,'','2016-03-03 04:28:47','2016-03-03 04:28:47'),(7970,630,196,'2016-02-11','2016-02-10 21:30:00','2016-02-11 06:00:00',NULL,NULL,'','2016-03-03 04:28:47','2016-03-03 04:28:47'),(7971,630,196,'2016-02-12','2016-02-11 21:30:00','2016-02-12 06:00:00',NULL,NULL,'','2016-03-03 04:28:47','2016-03-03 04:28:47'),(7972,631,173,'2016-02-15','2016-02-14 22:30:00','2016-02-15 07:00:00',NULL,NULL,'','2016-03-03 04:29:03','2016-03-03 04:29:03'),(7973,631,173,'2016-02-16','2016-02-15 22:30:00','2016-02-16 07:00:00',NULL,NULL,'','2016-03-03 04:29:03','2016-03-03 04:29:03'),(7974,631,173,'2016-02-17','2016-02-16 22:30:00','2016-02-17 07:00:00',NULL,NULL,'','2016-03-03 04:29:03','2016-03-03 04:29:03'),(7975,631,173,'2016-02-18','2016-02-17 22:30:00','2016-02-18 07:00:00',NULL,NULL,'','2016-03-03 04:29:03','2016-03-03 04:29:03'),(7976,631,173,'2016-02-19','2016-02-18 22:30:00','2016-02-19 07:00:00',NULL,NULL,'','2016-03-03 04:29:03','2016-03-03 04:29:03'),(7977,631,174,'2016-02-15','2016-02-14 22:30:00','2016-02-15 07:00:00',NULL,NULL,'','2016-03-03 04:29:03','2016-03-03 04:29:03'),(7978,631,174,'2016-02-16','2016-02-15 22:30:00','2016-02-16 07:00:00',NULL,NULL,'','2016-03-03 04:29:03','2016-03-03 04:29:03'),(7979,631,174,'2016-02-17','2016-02-16 22:30:00','2016-02-17 07:00:00',NULL,NULL,'','2016-03-03 04:29:03','2016-03-03 04:29:03'),(7980,631,174,'2016-02-18','2016-02-17 22:30:00','2016-02-18 07:00:00',NULL,NULL,'','2016-03-03 04:29:03','2016-03-03 04:29:03'),(7981,631,174,'2016-02-19','2016-02-18 22:30:00','2016-02-19 07:00:00',NULL,NULL,'','2016-03-03 04:29:03','2016-03-03 04:29:03'),(7982,631,177,'2016-02-15','2016-02-14 22:00:00','2016-02-15 06:30:00',NULL,NULL,'','2016-03-03 04:29:03','2016-03-03 04:29:03'),(7983,631,177,'2016-02-16','2016-02-15 22:00:00','2016-02-16 06:30:00',NULL,NULL,'','2016-03-03 04:29:03','2016-03-03 04:29:03'),(7984,631,177,'2016-02-17','2016-02-16 22:00:00','2016-02-17 06:30:00',NULL,NULL,'','2016-03-03 04:29:03','2016-03-03 04:29:03'),(7985,631,177,'2016-02-18','2016-02-17 22:00:00','2016-02-18 06:30:00',NULL,NULL,'','2016-03-03 04:29:03','2016-03-03 04:29:03'),(7986,631,177,'2016-02-19','2016-02-18 22:00:00','2016-02-19 06:30:00',NULL,NULL,'','2016-03-03 04:29:03','2016-03-03 04:29:03'),(7987,631,178,'2016-02-15','2016-02-14 22:30:00','2016-02-15 07:00:00',NULL,NULL,'','2016-03-03 04:29:03','2016-03-03 04:29:03'),(7988,631,178,'2016-02-16','2016-02-15 22:30:00','2016-02-16 07:00:00',NULL,NULL,'','2016-03-03 04:29:03','2016-03-03 04:29:03'),(7989,631,178,'2016-02-17','2016-02-16 22:30:00','2016-02-17 07:00:00',NULL,NULL,'','2016-03-03 04:29:03','2016-03-03 04:29:03'),(7990,631,178,'2016-02-18','2016-02-17 22:30:00','2016-02-18 07:00:00',NULL,NULL,'','2016-03-03 04:29:03','2016-03-03 04:29:03'),(7991,631,178,'2016-02-19','2016-02-18 22:30:00','2016-02-19 07:00:00',NULL,NULL,'','2016-03-03 04:29:03','2016-03-03 04:29:03'),(7992,631,180,'2016-02-15','2016-02-14 21:45:00','2016-02-15 03:15:00',NULL,NULL,'','2016-03-03 04:29:03','2016-03-03 04:29:03'),(7993,631,180,'2016-02-16','2016-02-15 21:45:00','2016-02-16 06:15:00',NULL,NULL,'','2016-03-03 04:29:03','2016-03-03 04:29:03'),(7994,631,180,'2016-02-17','2016-02-16 21:45:00','2016-02-17 06:15:00',NULL,NULL,'','2016-03-03 04:29:03','2016-03-03 04:29:03'),(7995,631,180,'2016-02-18','2016-02-17 21:45:00','2016-02-18 06:15:00',NULL,NULL,'','2016-03-03 04:29:03','2016-03-03 04:29:03'),(7996,631,180,'2016-02-19','2016-02-18 21:45:00','2016-02-19 06:15:00',NULL,NULL,'','2016-03-03 04:29:03','2016-03-03 04:29:03'),(7997,631,181,'2016-02-15','2016-02-14 22:30:00','2016-02-15 07:00:00',NULL,NULL,'','2016-03-03 04:29:03','2016-03-03 04:29:03'),(7998,631,181,'2016-02-16','2016-02-15 22:30:00','2016-02-16 07:00:00',NULL,NULL,'','2016-03-03 04:29:03','2016-03-03 04:29:03'),(7999,631,181,'2016-02-17','2016-02-16 22:30:00','2016-02-17 07:00:00',NULL,NULL,'','2016-03-03 04:29:03','2016-03-03 04:29:03'),(8000,631,181,'2016-02-18','2016-02-17 22:30:00','2016-02-18 07:00:00',NULL,NULL,'','2016-03-03 04:29:03','2016-03-03 04:29:03'),(8001,631,181,'2016-02-19','2016-02-18 22:30:00','2016-02-19 07:00:00',NULL,NULL,'','2016-03-03 04:29:03','2016-03-03 04:29:03'),(8002,631,183,'2016-02-15','2016-02-14 21:30:00','2016-02-15 06:00:00',NULL,NULL,'','2016-03-03 04:29:03','2016-03-03 04:29:03'),(8003,631,183,'2016-02-16','2016-02-15 21:30:00','2016-02-16 06:00:00',NULL,NULL,'','2016-03-03 04:29:03','2016-03-03 04:29:03'),(8004,631,183,'2016-02-17','2016-02-16 21:30:00','2016-02-17 06:00:00',NULL,NULL,'','2016-03-03 04:29:03','2016-03-03 04:29:03'),(8005,631,183,'2016-02-18','2016-02-17 21:30:00','2016-02-18 06:00:00',NULL,NULL,'','2016-03-03 04:29:03','2016-03-03 04:29:03'),(8006,631,183,'2016-02-19','2016-02-18 21:30:00','2016-02-19 06:00:00',NULL,NULL,'','2016-03-03 04:29:03','2016-03-03 04:29:03'),(8007,631,186,'2016-02-15','2016-02-14 22:15:00','2016-02-15 06:45:00',NULL,NULL,'','2016-03-03 04:29:03','2016-03-03 04:29:03'),(8008,631,186,'2016-02-16','2016-02-15 22:15:00','2016-02-16 06:45:00',NULL,NULL,'','2016-03-03 04:29:03','2016-03-03 04:29:03'),(8009,631,186,'2016-02-17','2016-02-16 22:15:00','2016-02-17 06:45:00',NULL,NULL,'','2016-03-03 04:29:03','2016-03-03 04:29:03'),(8010,631,186,'2016-02-18','2016-02-17 22:15:00','2016-02-18 06:45:00',NULL,NULL,'','2016-03-03 04:29:03','2016-03-03 04:29:03'),(8011,631,186,'2016-02-19','2016-02-18 22:15:00','2016-02-19 06:45:00',NULL,NULL,'','2016-03-03 04:29:03','2016-03-03 04:29:03'),(8012,631,187,'2016-02-15','2016-02-14 22:30:00','2016-02-15 07:00:00',NULL,NULL,'','2016-03-03 04:29:03','2016-03-03 04:29:03'),(8013,631,187,'2016-02-16','2016-02-15 22:30:00','2016-02-16 07:00:00',NULL,NULL,'','2016-03-03 04:29:03','2016-03-03 04:29:03'),(8014,631,187,'2016-02-17','2016-02-16 22:30:00','2016-02-17 07:00:00',NULL,NULL,'','2016-03-03 04:29:03','2016-03-03 04:29:03'),(8015,631,187,'2016-02-18','2016-02-17 22:30:00','2016-02-18 07:00:00',NULL,NULL,'','2016-03-03 04:29:03','2016-03-03 04:29:03'),(8016,631,187,'2016-02-19','2016-02-18 22:30:00','2016-02-19 07:00:00',NULL,NULL,'','2016-03-03 04:29:03','2016-03-03 04:29:03'),(8017,631,188,'2016-02-15','2016-02-14 20:30:00','2016-02-15 05:00:00',NULL,NULL,'','2016-03-03 04:29:03','2016-03-03 04:29:03'),(8018,631,188,'2016-02-16','2016-02-15 20:30:00','2016-02-16 05:00:00',NULL,NULL,'','2016-03-03 04:29:03','2016-03-03 04:29:03'),(8019,631,188,'2016-02-17','2016-02-16 20:30:00','2016-02-17 05:00:00',NULL,NULL,'','2016-03-03 04:29:03','2016-03-03 04:29:03'),(8020,631,188,'2016-02-18','2016-02-17 20:30:00','2016-02-18 05:00:00',NULL,NULL,'','2016-03-03 04:29:03','2016-03-03 04:29:03'),(8021,631,188,'2016-02-19','2016-02-18 20:30:00','2016-02-19 05:00:00',NULL,NULL,'','2016-03-03 04:29:03','2016-03-03 04:29:03'),(8022,631,189,'2016-02-15','2016-02-14 22:00:00','2016-02-15 06:30:00',NULL,NULL,'','2016-03-03 04:29:03','2016-03-03 04:29:03'),(8023,631,189,'2016-02-16','2016-02-15 22:00:00','2016-02-16 06:30:00',NULL,NULL,'','2016-03-03 04:29:03','2016-03-03 04:29:03'),(8024,631,189,'2016-02-17','2016-02-16 22:00:00','2016-02-17 06:30:00',NULL,NULL,'','2016-03-03 04:29:03','2016-03-03 04:29:03'),(8025,631,189,'2016-02-18','2016-02-17 22:00:00','2016-02-18 06:30:00',NULL,NULL,'','2016-03-03 04:29:03','2016-03-03 04:29:03'),(8026,631,189,'2016-02-19','2016-02-18 22:00:00','2016-02-19 06:30:00',NULL,NULL,'','2016-03-03 04:29:03','2016-03-03 04:29:03'),(8027,631,190,'2016-02-15','2016-02-14 22:00:00','2016-02-15 06:30:00',NULL,NULL,'','2016-03-03 04:29:03','2016-03-03 04:29:03'),(8028,631,190,'2016-02-16','2016-02-15 22:00:00','2016-02-16 06:30:00',NULL,NULL,'','2016-03-03 04:29:03','2016-03-03 04:29:03'),(8029,631,190,'2016-02-17','2016-02-16 22:00:00','2016-02-17 06:30:00',NULL,NULL,'','2016-03-03 04:29:03','2016-03-03 04:29:03'),(8030,631,190,'2016-02-18','2016-02-17 22:00:00','2016-02-18 06:30:00',NULL,NULL,'','2016-03-03 04:29:03','2016-03-03 04:29:03'),(8031,631,190,'2016-02-19','2016-02-18 22:00:00','2016-02-19 06:30:00',NULL,NULL,'','2016-03-03 04:29:03','2016-03-03 04:29:03'),(8032,631,191,'2016-02-15','2016-02-14 21:45:00','2016-02-15 06:15:00',NULL,NULL,'','2016-03-03 04:29:03','2016-03-03 04:29:03'),(8033,631,191,'2016-02-16','2016-02-15 21:45:00','2016-02-16 06:15:00',NULL,NULL,'','2016-03-03 04:29:03','2016-03-03 04:29:03'),(8034,631,191,'2016-02-17','2016-02-16 21:45:00','2016-02-17 06:15:00',NULL,NULL,'','2016-03-03 04:29:03','2016-03-03 04:29:03'),(8035,631,191,'2016-02-18','2016-02-17 21:45:00','2016-02-18 06:15:00',NULL,NULL,'','2016-03-03 04:29:03','2016-03-03 04:29:03'),(8036,631,191,'2016-02-19','2016-02-18 21:45:00','2016-02-19 06:15:00',NULL,NULL,'','2016-03-03 04:29:03','2016-03-03 04:29:03'),(8037,631,192,'2016-02-15','2016-02-14 22:15:00','2016-02-15 06:45:00',NULL,NULL,'','2016-03-03 04:29:03','2016-03-03 04:29:03'),(8038,631,192,'2016-02-16','2016-02-15 22:15:00','2016-02-16 06:45:00',NULL,NULL,'','2016-03-03 04:29:03','2016-03-03 04:29:03'),(8039,631,192,'2016-02-17','2016-02-16 22:15:00','2016-02-17 06:45:00',NULL,NULL,'','2016-03-03 04:29:03','2016-03-03 04:29:03'),(8040,631,192,'2016-02-18','2016-02-17 22:15:00','2016-02-18 06:45:00',NULL,NULL,'','2016-03-03 04:29:03','2016-03-03 04:29:03'),(8041,631,192,'2016-02-19','2016-02-18 22:15:00','2016-02-19 06:45:00',NULL,NULL,'','2016-03-03 04:29:03','2016-03-03 04:29:03'),(8042,631,193,'2016-02-15','2016-02-14 21:30:00','2016-02-15 05:30:00',NULL,NULL,'','2016-03-03 04:29:03','2016-03-03 04:29:03'),(8043,631,193,'2016-02-16','2016-02-15 21:30:00','2016-02-16 05:30:00',NULL,NULL,'','2016-03-03 04:29:03','2016-03-03 04:29:03'),(8044,631,193,'2016-02-17','2016-02-16 21:30:00','2016-02-17 05:30:00',NULL,NULL,'','2016-03-03 04:29:03','2016-03-03 04:29:03'),(8045,631,193,'2016-02-18','2016-02-17 21:30:00','2016-02-18 05:30:00',NULL,NULL,'','2016-03-03 04:29:03','2016-03-03 04:29:03'),(8046,631,193,'2016-02-19','2016-02-18 21:30:00','2016-02-19 05:30:00',NULL,NULL,'','2016-03-03 04:29:03','2016-03-03 04:29:03'),(8047,631,194,'2016-02-15','2016-02-14 21:30:00','2016-02-15 06:00:00',NULL,NULL,'','2016-03-03 04:29:03','2016-03-03 04:29:03'),(8048,631,194,'2016-02-16','2016-02-15 21:30:00','2016-02-16 06:00:00',NULL,NULL,'','2016-03-03 04:29:03','2016-03-03 04:29:03'),(8049,631,194,'2016-02-17','2016-02-16 21:30:00','2016-02-17 06:00:00',NULL,NULL,'','2016-03-03 04:29:03','2016-03-03 04:29:03'),(8050,631,194,'2016-02-18','2016-02-17 21:30:00','2016-02-18 06:00:00',NULL,NULL,'','2016-03-03 04:29:03','2016-03-03 04:29:03'),(8051,631,194,'2016-02-19','2016-02-18 21:30:00','2016-02-19 06:00:00',NULL,NULL,'','2016-03-03 04:29:03','2016-03-03 04:29:03'),(8052,631,195,'2016-02-15','2016-02-14 21:30:00','2016-02-15 06:00:00',NULL,NULL,'','2016-03-03 04:29:03','2016-03-03 04:29:03'),(8053,631,195,'2016-02-16','2016-02-15 21:30:00','2016-02-16 06:00:00',NULL,NULL,'','2016-03-03 04:29:03','2016-03-03 04:29:03'),(8054,631,195,'2016-02-17','2016-02-16 21:30:00','2016-02-17 06:00:00',NULL,NULL,'','2016-03-03 04:29:03','2016-03-03 04:29:03'),(8055,631,195,'2016-02-18','2016-02-17 21:30:00','2016-02-18 06:00:00',NULL,NULL,'','2016-03-03 04:29:03','2016-03-03 04:29:03'),(8056,631,195,'2016-02-19','2016-02-18 21:30:00','2016-02-19 06:00:00',NULL,NULL,'','2016-03-03 04:29:03','2016-03-03 04:29:03'),(8057,631,196,'2016-02-15','2016-02-14 21:30:00','2016-02-15 06:00:00',NULL,NULL,'','2016-03-03 04:29:03','2016-03-03 04:29:03'),(8058,631,196,'2016-02-16','2016-02-15 21:30:00','2016-02-16 06:00:00',NULL,NULL,'','2016-03-03 04:29:03','2016-03-03 04:29:03'),(8059,631,196,'2016-02-17','2016-02-16 21:30:00','2016-02-17 06:00:00',NULL,NULL,'','2016-03-03 04:29:03','2016-03-03 04:29:03'),(8060,631,196,'2016-02-18','2016-02-17 21:30:00','2016-02-18 06:00:00',NULL,NULL,'','2016-03-03 04:29:03','2016-03-03 04:29:03'),(8061,631,196,'2016-02-19','2016-02-18 21:30:00','2016-02-19 06:00:00',NULL,NULL,'','2016-03-03 04:29:03','2016-03-03 04:29:03'),(8062,632,173,'2016-02-22','2016-02-21 22:30:00','2016-02-22 07:00:00',NULL,NULL,'','2016-03-03 04:29:14','2016-03-03 04:29:14'),(8063,632,173,'2016-02-23','2016-02-22 22:30:00','2016-02-23 07:00:00',NULL,NULL,'','2016-03-03 04:29:14','2016-03-03 04:29:14'),(8064,632,173,'2016-02-24','2016-02-23 22:30:00','2016-02-24 07:00:00',NULL,NULL,'','2016-03-03 04:29:14','2016-03-03 04:29:14'),(8065,632,173,'2016-02-25','2016-02-24 22:30:00','2016-02-25 07:00:00',NULL,NULL,'','2016-03-03 04:29:14','2016-03-03 04:29:14'),(8066,632,173,'2016-02-26','2016-02-25 22:30:00','2016-02-26 07:00:00',NULL,NULL,'','2016-03-03 04:29:14','2016-03-03 04:29:14'),(8067,632,174,'2016-02-22','2016-02-21 22:30:00','2016-02-22 07:00:00',NULL,NULL,'','2016-03-03 04:29:14','2016-03-03 04:29:14'),(8068,632,174,'2016-02-23','2016-02-22 22:30:00','2016-02-23 07:00:00',NULL,NULL,'','2016-03-03 04:29:14','2016-03-03 04:29:14'),(8069,632,174,'2016-02-24','2016-02-23 22:30:00','2016-02-24 07:00:00',NULL,NULL,'','2016-03-03 04:29:14','2016-03-03 04:29:14'),(8070,632,174,'2016-02-25','2016-02-24 22:30:00','2016-02-25 07:00:00',NULL,NULL,'','2016-03-03 04:29:14','2016-03-03 04:29:14'),(8071,632,174,'2016-02-26','2016-02-25 22:30:00','2016-02-26 07:00:00',NULL,NULL,'','2016-03-03 04:29:14','2016-03-03 04:29:14'),(8072,632,177,'2016-02-22','2016-02-21 22:00:00','2016-02-22 06:30:00',NULL,NULL,'','2016-03-03 04:29:14','2016-03-03 04:29:14'),(8073,632,177,'2016-02-23','2016-02-22 22:00:00','2016-02-23 06:30:00',NULL,NULL,'','2016-03-03 04:29:14','2016-03-03 04:29:14'),(8074,632,177,'2016-02-24','2016-02-23 22:00:00','2016-02-24 06:30:00',NULL,NULL,'','2016-03-03 04:29:14','2016-03-03 04:29:14'),(8075,632,177,'2016-02-25','2016-02-24 22:00:00','2016-02-25 06:30:00',NULL,NULL,'','2016-03-03 04:29:14','2016-03-03 04:29:14'),(8076,632,177,'2016-02-26','2016-02-25 22:00:00','2016-02-26 06:30:00',NULL,NULL,'','2016-03-03 04:29:14','2016-03-03 04:29:14'),(8077,632,178,'2016-02-22','2016-02-21 22:30:00','2016-02-22 07:00:00',NULL,NULL,'','2016-03-03 04:29:14','2016-03-03 04:29:14'),(8078,632,178,'2016-02-23','2016-02-22 22:30:00','2016-02-23 07:00:00',NULL,NULL,'','2016-03-03 04:29:14','2016-03-03 04:29:14'),(8079,632,178,'2016-02-24','2016-02-23 22:30:00','2016-02-24 07:00:00',NULL,NULL,'','2016-03-03 04:29:14','2016-03-03 04:29:14'),(8080,632,178,'2016-02-25','2016-02-24 22:30:00','2016-02-25 07:00:00',NULL,NULL,'','2016-03-03 04:29:14','2016-03-03 04:29:14'),(8081,632,178,'2016-02-26','2016-02-25 22:30:00','2016-02-26 07:00:00',NULL,NULL,'','2016-03-03 04:29:14','2016-03-03 04:29:14'),(8082,632,180,'2016-02-22','2016-02-21 21:45:00','2016-02-22 03:15:00',NULL,NULL,'','2016-03-03 04:29:14','2016-03-03 04:29:14'),(8083,632,180,'2016-02-23','2016-02-22 21:45:00','2016-02-23 06:15:00',NULL,NULL,'','2016-03-03 04:29:14','2016-03-03 04:29:14'),(8084,632,180,'2016-02-24','2016-02-23 21:45:00','2016-02-24 06:15:00',NULL,NULL,'','2016-03-03 04:29:14','2016-03-03 04:29:14'),(8085,632,180,'2016-02-25','2016-02-24 21:45:00','2016-02-25 06:15:00',NULL,NULL,'','2016-03-03 04:29:14','2016-03-03 04:29:14'),(8086,632,180,'2016-02-26','2016-02-25 21:45:00','2016-02-26 06:15:00',NULL,NULL,'','2016-03-03 04:29:14','2016-03-03 04:29:14'),(8087,632,181,'2016-02-22','2016-02-21 22:30:00','2016-02-22 07:00:00',NULL,NULL,'','2016-03-03 04:29:14','2016-03-03 04:29:14'),(8088,632,181,'2016-02-23','2016-02-22 22:30:00','2016-02-23 07:00:00',NULL,NULL,'','2016-03-03 04:29:14','2016-03-03 04:29:14'),(8089,632,181,'2016-02-24','2016-02-23 22:30:00','2016-02-24 07:00:00',NULL,NULL,'','2016-03-03 04:29:14','2016-03-03 04:29:14'),(8090,632,181,'2016-02-25','2016-02-24 22:30:00','2016-02-25 07:00:00',NULL,NULL,'','2016-03-03 04:29:14','2016-03-03 04:29:14'),(8091,632,181,'2016-02-26','2016-02-25 22:30:00','2016-02-26 07:00:00',NULL,NULL,'','2016-03-03 04:29:14','2016-03-03 04:29:14'),(8092,632,183,'2016-02-22','2016-02-21 21:30:00','2016-02-22 06:00:00',NULL,NULL,'','2016-03-03 04:29:14','2016-03-03 04:29:14'),(8093,632,183,'2016-02-23','2016-02-22 21:30:00','2016-02-23 06:00:00',NULL,NULL,'','2016-03-03 04:29:14','2016-03-03 04:29:14'),(8094,632,183,'2016-02-24','2016-02-23 21:30:00','2016-02-24 06:00:00',NULL,NULL,'','2016-03-03 04:29:14','2016-03-03 04:29:14'),(8095,632,183,'2016-02-25','2016-02-24 21:30:00','2016-02-25 06:00:00',NULL,NULL,'','2016-03-03 04:29:14','2016-03-03 04:29:14'),(8096,632,183,'2016-02-26','2016-02-25 21:30:00','2016-02-26 06:00:00',NULL,NULL,'','2016-03-03 04:29:14','2016-03-03 04:29:14'),(8097,632,186,'2016-02-22','2016-02-21 22:15:00','2016-02-22 06:45:00',NULL,NULL,'','2016-03-03 04:29:14','2016-03-03 04:29:14'),(8098,632,186,'2016-02-23','2016-02-22 22:15:00','2016-02-23 06:45:00',NULL,NULL,'','2016-03-03 04:29:14','2016-03-03 04:29:14'),(8099,632,186,'2016-02-24','2016-02-23 22:15:00','2016-02-24 06:45:00',NULL,NULL,'','2016-03-03 04:29:14','2016-03-03 04:29:14'),(8100,632,186,'2016-02-25','2016-02-24 22:15:00','2016-02-25 06:45:00',NULL,NULL,'','2016-03-03 04:29:14','2016-03-03 04:29:14'),(8101,632,186,'2016-02-26','2016-02-25 22:15:00','2016-02-26 06:45:00',NULL,NULL,'','2016-03-03 04:29:14','2016-03-03 04:29:14'),(8102,632,187,'2016-02-22','2016-02-21 22:30:00','2016-02-22 07:00:00',NULL,NULL,'','2016-03-03 04:29:14','2016-03-03 04:29:14'),(8103,632,187,'2016-02-23','2016-02-22 22:30:00','2016-02-23 07:00:00',NULL,NULL,'','2016-03-03 04:29:14','2016-03-03 04:29:14'),(8104,632,187,'2016-02-24','2016-02-23 22:30:00','2016-02-24 07:00:00',NULL,NULL,'','2016-03-03 04:29:14','2016-03-03 04:29:14'),(8105,632,187,'2016-02-25','2016-02-24 22:30:00','2016-02-25 07:00:00',NULL,NULL,'','2016-03-03 04:29:14','2016-03-03 04:29:14'),(8106,632,187,'2016-02-26','2016-02-25 22:30:00','2016-02-26 07:00:00',NULL,NULL,'','2016-03-03 04:29:14','2016-03-03 04:29:14'),(8107,632,188,'2016-02-22','2016-02-21 20:30:00','2016-02-22 05:00:00',NULL,NULL,'','2016-03-03 04:29:14','2016-03-03 04:29:14'),(8108,632,188,'2016-02-23','2016-02-22 20:30:00','2016-02-23 05:00:00',NULL,NULL,'','2016-03-03 04:29:14','2016-03-03 04:29:14'),(8109,632,188,'2016-02-24','2016-02-23 20:30:00','2016-02-24 05:00:00',NULL,NULL,'','2016-03-03 04:29:14','2016-03-03 04:29:14'),(8110,632,188,'2016-02-25','2016-02-24 20:30:00','2016-02-25 05:00:00',NULL,NULL,'','2016-03-03 04:29:14','2016-03-03 04:29:14'),(8111,632,188,'2016-02-26','2016-02-25 20:30:00','2016-02-26 05:00:00',NULL,NULL,'','2016-03-03 04:29:14','2016-03-03 04:29:14'),(8112,632,189,'2016-02-22','2016-02-21 22:00:00','2016-02-22 06:30:00',NULL,NULL,'','2016-03-03 04:29:14','2016-03-03 04:29:14'),(8113,632,189,'2016-02-23','2016-02-22 22:00:00','2016-02-23 06:30:00',NULL,NULL,'','2016-03-03 04:29:14','2016-03-03 04:29:14'),(8114,632,189,'2016-02-24','2016-02-23 22:00:00','2016-02-24 06:30:00',NULL,NULL,'','2016-03-03 04:29:14','2016-03-03 04:29:14'),(8115,632,189,'2016-02-25','2016-02-24 22:00:00','2016-02-25 06:30:00',NULL,NULL,'','2016-03-03 04:29:14','2016-03-03 04:29:14'),(8116,632,189,'2016-02-26','2016-02-25 22:00:00','2016-02-26 06:30:00',NULL,NULL,'','2016-03-03 04:29:14','2016-03-03 04:29:14'),(8117,632,190,'2016-02-22','2016-02-21 22:00:00','2016-02-22 06:30:00',NULL,NULL,'','2016-03-03 04:29:14','2016-03-03 04:29:14'),(8118,632,190,'2016-02-23','2016-02-22 22:00:00','2016-02-23 06:30:00',NULL,NULL,'','2016-03-03 04:29:14','2016-03-03 04:29:14'),(8119,632,190,'2016-02-24','2016-02-23 22:00:00','2016-02-24 06:30:00',NULL,NULL,'','2016-03-03 04:29:14','2016-03-03 04:29:14'),(8120,632,190,'2016-02-25','2016-02-24 22:00:00','2016-02-25 06:30:00',NULL,NULL,'','2016-03-03 04:29:14','2016-03-03 04:29:14'),(8121,632,190,'2016-02-26','2016-02-25 22:00:00','2016-02-26 06:30:00',NULL,NULL,'','2016-03-03 04:29:14','2016-03-03 04:29:14'),(8122,632,191,'2016-02-22','2016-02-21 21:45:00','2016-02-22 06:15:00',NULL,NULL,'','2016-03-03 04:29:14','2016-03-03 04:29:14'),(8123,632,191,'2016-02-23','2016-02-22 21:45:00','2016-02-23 06:15:00',NULL,NULL,'','2016-03-03 04:29:14','2016-03-03 04:29:14'),(8124,632,191,'2016-02-24','2016-02-23 21:45:00','2016-02-24 06:15:00',NULL,NULL,'','2016-03-03 04:29:14','2016-03-03 04:29:14'),(8125,632,191,'2016-02-25','2016-02-24 21:45:00','2016-02-25 06:15:00',NULL,NULL,'','2016-03-03 04:29:14','2016-03-03 04:29:14'),(8126,632,191,'2016-02-26','2016-02-25 21:45:00','2016-02-26 06:15:00',NULL,NULL,'','2016-03-03 04:29:14','2016-03-03 04:29:14'),(8127,632,192,'2016-02-22','2016-02-21 22:15:00','2016-02-22 06:45:00',NULL,NULL,'','2016-03-03 04:29:14','2016-03-03 04:29:14'),(8128,632,192,'2016-02-23','2016-02-22 22:15:00','2016-02-23 06:45:00',NULL,NULL,'','2016-03-03 04:29:14','2016-03-03 04:29:14'),(8129,632,192,'2016-02-24','2016-02-23 22:15:00','2016-02-24 06:45:00',NULL,NULL,'','2016-03-03 04:29:14','2016-03-03 04:29:14'),(8130,632,192,'2016-02-25','2016-02-24 22:15:00','2016-02-25 06:45:00',NULL,NULL,'','2016-03-03 04:29:14','2016-03-03 04:29:14'),(8131,632,192,'2016-02-26','2016-02-25 22:15:00','2016-02-26 06:45:00',NULL,NULL,'','2016-03-03 04:29:14','2016-03-03 04:29:14'),(8132,632,193,'2016-02-22','2016-02-21 21:30:00','2016-02-22 05:30:00',NULL,NULL,'','2016-03-03 04:29:14','2016-03-03 04:29:14'),(8133,632,193,'2016-02-23','2016-02-22 21:30:00','2016-02-23 05:30:00',NULL,NULL,'','2016-03-03 04:29:14','2016-03-03 04:29:14'),(8134,632,193,'2016-02-24','2016-02-23 21:30:00','2016-02-24 05:30:00',NULL,NULL,'','2016-03-03 04:29:14','2016-03-03 04:29:14'),(8135,632,193,'2016-02-25','2016-02-24 21:30:00','2016-02-25 05:30:00',NULL,NULL,'','2016-03-03 04:29:14','2016-03-03 04:29:14'),(8136,632,193,'2016-02-26','2016-02-25 21:30:00','2016-02-26 05:30:00',NULL,NULL,'','2016-03-03 04:29:14','2016-03-03 04:29:14'),(8137,632,194,'2016-02-22','2016-02-21 21:30:00','2016-02-22 06:00:00',NULL,NULL,'','2016-03-03 04:29:14','2016-03-03 04:29:14'),(8138,632,194,'2016-02-23','2016-02-22 21:30:00','2016-02-23 06:00:00',NULL,NULL,'','2016-03-03 04:29:14','2016-03-03 04:29:14'),(8139,632,194,'2016-02-24','2016-02-23 21:30:00','2016-02-24 06:00:00',NULL,NULL,'','2016-03-03 04:29:14','2016-03-03 04:29:14'),(8140,632,194,'2016-02-25','2016-02-24 21:30:00','2016-02-25 06:00:00',NULL,NULL,'','2016-03-03 04:29:14','2016-03-03 04:29:14'),(8141,632,194,'2016-02-26','2016-02-25 21:30:00','2016-02-26 06:00:00',NULL,NULL,'','2016-03-03 04:29:14','2016-03-03 04:29:14'),(8142,632,195,'2016-02-22','2016-02-21 21:30:00','2016-02-22 06:00:00',NULL,NULL,'','2016-03-03 04:29:14','2016-03-03 04:29:14'),(8143,632,195,'2016-02-23','2016-02-22 21:30:00','2016-02-23 06:00:00',NULL,NULL,'','2016-03-03 04:29:14','2016-03-03 04:29:14'),(8144,632,195,'2016-02-24','2016-02-23 21:30:00','2016-02-24 06:00:00',NULL,NULL,'','2016-03-03 04:29:14','2016-03-03 04:29:14'),(8145,632,195,'2016-02-25','2016-02-24 21:30:00','2016-02-25 06:00:00',NULL,NULL,'','2016-03-03 04:29:14','2016-03-03 04:29:14'),(8146,632,195,'2016-02-26','2016-02-25 21:30:00','2016-02-26 06:00:00',NULL,NULL,'','2016-03-03 04:29:14','2016-03-03 04:29:14'),(8147,632,196,'2016-02-22','2016-02-21 21:30:00','2016-02-22 06:00:00',NULL,NULL,'','2016-03-03 04:29:14','2016-03-03 04:29:14'),(8148,632,196,'2016-02-23','2016-02-22 21:30:00','2016-02-23 06:00:00',NULL,NULL,'','2016-03-03 04:29:14','2016-03-03 04:29:14'),(8149,632,196,'2016-02-24','2016-02-23 21:30:00','2016-02-24 06:00:00',NULL,NULL,'','2016-03-03 04:29:14','2016-03-03 04:29:14'),(8150,632,196,'2016-02-25','2016-02-24 21:30:00','2016-02-25 06:00:00',NULL,NULL,'','2016-03-03 04:29:14','2016-03-03 04:29:14'),(8151,632,196,'2016-02-26','2016-02-25 21:30:00','2016-02-26 06:00:00',NULL,NULL,'','2016-03-03 04:29:14','2016-03-03 04:29:14'),(8153,664,173,'2016-03-29','2016-03-28 22:30:00','2016-03-29 07:00:00',NULL,NULL,'','2016-03-30 00:23:16','2016-03-30 00:23:16'),(8154,664,173,'2016-03-30','2016-03-29 22:30:00','2016-03-30 07:00:00',NULL,NULL,'','2016-03-30 00:23:16','2016-03-30 01:12:15'),(8155,664,173,'2016-03-31','2016-03-30 22:30:00','2016-03-31 07:00:00',NULL,NULL,'','2016-03-30 00:23:16','2016-03-30 00:23:16'),(8156,664,173,'2016-04-01','2016-03-31 22:30:00','2016-04-01 07:00:00',NULL,NULL,'','2016-03-30 00:23:16','2016-03-30 00:23:16'),(8158,664,174,'2016-03-29','2016-03-28 22:30:00','2016-03-29 07:00:00',NULL,NULL,'','2016-03-30 00:23:16','2016-03-30 00:23:16'),(8159,664,174,'2016-03-30','2016-03-29 22:30:00','2016-03-30 07:00:00',NULL,NULL,'','2016-03-30 00:23:16','2016-03-30 01:12:15'),(8160,664,174,'2016-03-31','2016-03-30 22:30:00','2016-03-31 07:00:00',NULL,NULL,'','2016-03-30 00:23:16','2016-03-30 00:23:16'),(8161,664,174,'2016-04-01','2016-03-31 22:30:00','2016-04-01 07:00:00',NULL,NULL,'','2016-03-30 00:23:16','2016-03-30 00:23:16'),(8163,664,177,'2016-03-29','2016-03-28 22:00:00','2016-03-29 06:30:00',NULL,NULL,'','2016-03-30 00:23:16','2016-03-30 00:23:16'),(8164,664,177,'2016-03-30','2016-03-29 22:00:00','2016-03-30 06:30:00',NULL,NULL,'','2016-03-30 00:23:16','2016-03-30 01:12:15'),(8165,664,177,'2016-03-31','2016-03-30 22:00:00','2016-03-31 06:30:00',NULL,NULL,'','2016-03-30 00:23:16','2016-03-30 00:23:16'),(8166,664,177,'2016-04-01','2016-03-31 22:00:00','2016-04-01 06:30:00',NULL,NULL,'','2016-03-30 00:23:16','2016-03-30 00:23:16'),(8168,664,178,'2016-03-29','2016-03-28 22:30:00','2016-03-29 07:00:00',NULL,NULL,'','2016-03-30 00:23:16','2016-03-30 00:23:16'),(8169,664,178,'2016-03-30','2016-03-29 22:30:00','2016-03-30 07:00:00',NULL,NULL,'','2016-03-30 00:23:16','2016-03-30 01:12:15'),(8170,664,178,'2016-03-31','2016-03-30 22:30:00','2016-03-31 07:00:00',NULL,NULL,'','2016-03-30 00:23:16','2016-03-30 00:23:16'),(8171,664,178,'2016-04-01','2016-03-31 22:30:00','2016-04-01 07:00:00',NULL,NULL,'','2016-03-30 00:23:16','2016-03-30 00:23:16'),(8173,664,180,'2016-03-29','2016-03-28 21:45:00','2016-03-29 06:15:00',NULL,NULL,'','2016-03-30 00:23:16','2016-03-30 00:23:16'),(8175,664,180,'2016-03-31','2016-03-30 21:45:00','2016-03-31 06:15:00',NULL,NULL,'','2016-03-30 00:23:16','2016-03-30 00:23:16'),(8176,664,180,'2016-04-01','2016-03-31 21:45:00','2016-04-01 06:15:00',NULL,NULL,'','2016-03-30 00:23:16','2016-03-30 00:23:16'),(8178,664,181,'2016-03-29','2016-03-28 22:00:00','2016-03-29 06:30:00',NULL,NULL,'','2016-03-30 00:23:16','2016-03-30 00:23:16'),(8179,664,181,'2016-03-30','2016-03-29 22:00:00','2016-03-30 06:30:00',NULL,NULL,'','2016-03-30 00:23:16','2016-03-30 01:12:14'),(8180,664,181,'2016-03-31','2016-03-30 22:00:00','2016-03-31 06:30:00',NULL,NULL,'','2016-03-30 00:23:16','2016-03-30 00:23:16'),(8181,664,181,'2016-04-01','2016-03-31 22:30:00','2016-04-01 07:00:00',NULL,NULL,'','2016-03-30 00:23:16','2016-03-30 00:23:16'),(8183,664,183,'2016-03-29','2016-03-28 21:30:00','2016-03-29 06:00:00',NULL,NULL,'','2016-03-30 00:23:16','2016-03-30 00:23:16'),(8184,664,183,'2016-03-30','2016-03-29 21:30:00','2016-03-30 06:00:00',NULL,NULL,'','2016-03-30 00:23:16','2016-03-30 01:12:14'),(8185,664,183,'2016-03-31','2016-03-30 21:30:00','2016-03-31 06:00:00',NULL,NULL,'','2016-03-30 00:23:16','2016-03-30 00:23:16'),(8186,664,183,'2016-04-01','2016-03-31 21:30:00','2016-04-01 06:00:00',NULL,NULL,'','2016-03-30 00:23:16','2016-03-30 00:23:16'),(8188,664,186,'2016-03-29','2016-03-28 22:15:00','2016-03-29 06:45:00',NULL,NULL,'','2016-03-30 00:23:16','2016-03-30 00:23:16'),(8189,664,186,'2016-03-30','2016-03-29 22:15:00','2016-03-30 06:45:00',NULL,NULL,'','2016-03-30 00:23:16','2016-03-30 01:12:15'),(8190,664,186,'2016-03-31','2016-03-30 22:15:00','2016-03-31 06:45:00',NULL,NULL,'','2016-03-30 00:23:16','2016-03-30 00:23:16'),(8191,664,186,'2016-04-01','2016-03-31 22:15:00','2016-04-01 06:45:00',NULL,NULL,'','2016-03-30 00:23:16','2016-03-30 00:23:16'),(8193,664,187,'2016-03-29','2016-03-28 22:30:00','2016-03-29 07:00:00',NULL,NULL,'','2016-03-30 00:23:16','2016-03-30 00:23:16'),(8194,664,187,'2016-03-30','2016-03-29 22:30:00','2016-03-30 07:00:00',NULL,NULL,'','2016-03-30 00:23:16','2016-03-30 01:12:15'),(8195,664,187,'2016-03-31','2016-03-30 22:30:00','2016-03-31 07:00:00',NULL,NULL,'','2016-03-30 00:23:16','2016-03-30 00:23:16'),(8196,664,187,'2016-04-01','2016-03-31 22:30:00','2016-04-01 07:00:00',NULL,NULL,'','2016-03-30 00:23:16','2016-03-30 00:23:16'),(8198,664,188,'2016-03-29','2016-03-28 21:00:00','2016-03-29 05:30:00',NULL,NULL,'','2016-03-30 00:23:17','2016-03-30 00:23:17'),(8199,664,188,'2016-03-30','2016-03-29 21:00:00','2016-03-30 05:30:00',NULL,NULL,'','2016-03-30 00:23:17','2016-03-30 01:12:15'),(8200,664,188,'2016-03-31','2016-03-30 21:00:00','2016-03-31 05:30:00',NULL,NULL,'','2016-03-30 00:23:17','2016-03-30 00:23:17'),(8201,664,188,'2016-04-01','2016-03-31 21:00:00','2016-04-01 05:30:00',NULL,NULL,'','2016-03-30 00:23:17','2016-03-30 00:23:17'),(8203,664,189,'2016-03-29','2016-03-28 22:00:00','2016-03-29 06:30:00',NULL,NULL,'','2016-03-30 00:23:17','2016-03-30 00:23:17'),(8205,664,189,'2016-03-31','2016-03-30 22:00:00','2016-03-31 06:30:00',NULL,NULL,'','2016-03-30 00:23:17','2016-03-30 00:23:17'),(8206,664,189,'2016-04-01','2016-03-31 22:00:00','2016-04-01 06:30:00',NULL,NULL,'','2016-03-30 00:23:17','2016-03-30 00:23:17'),(8208,664,190,'2016-03-29','2016-03-28 22:00:00','2016-03-29 06:00:00',NULL,NULL,'','2016-03-30 00:23:17','2016-03-30 00:23:17'),(8209,664,190,'2016-03-30','2016-03-29 22:00:00','2016-03-30 06:30:00',NULL,NULL,'','2016-03-30 00:23:17','2016-03-30 01:12:14'),(8210,664,190,'2016-03-31','2016-03-30 22:00:00','2016-03-31 06:00:00',NULL,NULL,'','2016-03-30 00:23:17','2016-03-30 00:23:17'),(8211,664,190,'2016-04-01','2016-03-31 22:00:00','2016-04-01 06:00:00',NULL,NULL,'','2016-03-30 00:23:17','2016-03-30 00:23:17'),(8213,664,191,'2016-03-29','2016-03-28 21:45:00','2016-03-29 06:15:00',NULL,NULL,'','2016-03-30 00:23:17','2016-03-30 00:23:17'),(8214,664,191,'2016-03-30','2016-03-29 21:45:00','2016-03-30 06:15:00',NULL,NULL,'','2016-03-30 00:23:17','2016-03-30 01:12:15'),(8215,664,191,'2016-03-31','2016-03-30 21:45:00','2016-03-31 06:15:00',NULL,NULL,'','2016-03-30 00:23:17','2016-03-30 00:23:17'),(8216,664,191,'2016-04-01','2016-03-31 21:45:00','2016-04-01 06:15:00',NULL,NULL,'','2016-03-30 00:23:17','2016-03-30 00:23:17'),(8218,664,192,'2016-03-29','2016-03-28 22:15:00','2016-03-29 06:45:00',NULL,NULL,'','2016-03-30 00:23:17','2016-03-30 00:23:17'),(8219,664,192,'2016-03-30','2016-03-29 22:15:00','2016-03-30 06:45:00',NULL,NULL,'','2016-03-30 00:23:17','2016-03-30 01:12:15'),(8220,664,192,'2016-03-31','2016-03-30 22:15:00','2016-03-31 06:45:00',NULL,NULL,'','2016-03-30 00:23:17','2016-03-30 00:23:17'),(8221,664,192,'2016-04-01','2016-03-31 22:15:00','2016-04-01 06:45:00',NULL,NULL,'','2016-03-30 00:23:17','2016-03-30 00:23:17'),(8223,664,193,'2016-03-29','2016-03-28 21:45:00','2016-03-29 06:15:00',NULL,NULL,'','2016-03-30 00:23:17','2016-03-30 00:23:17'),(8224,664,193,'2016-03-30','2016-03-29 21:45:00','2016-03-30 06:15:00',NULL,NULL,'','2016-03-30 00:23:17','2016-03-30 01:12:15'),(8225,664,193,'2016-03-31','2016-03-30 21:45:00','2016-03-31 06:15:00',NULL,NULL,'','2016-03-30 00:23:17','2016-03-30 00:23:17'),(8226,664,193,'2016-04-01','2016-03-31 21:45:00','2016-04-01 06:15:00',NULL,NULL,'','2016-03-30 00:23:17','2016-03-30 00:23:17'),(8228,664,194,'2016-03-29','2016-03-28 21:30:00','2016-03-29 06:00:00',NULL,NULL,'','2016-03-30 00:23:17','2016-03-30 00:23:17'),(8230,664,194,'2016-03-31','2016-03-30 21:30:00','2016-03-31 06:00:00',NULL,NULL,'','2016-03-30 00:23:17','2016-03-30 00:23:17'),(8231,664,194,'2016-04-01','2016-03-31 21:30:00','2016-04-01 06:00:00',NULL,NULL,'','2016-03-30 00:23:17','2016-03-30 00:23:17'),(8233,664,196,'2016-03-29','2016-03-28 21:30:00','2016-03-29 06:00:00',NULL,NULL,'','2016-03-30 00:23:17','2016-03-30 00:23:17'),(8234,664,196,'2016-03-30','2016-03-29 21:30:00','2016-03-30 06:00:00',NULL,NULL,'','2016-03-30 00:23:17','2016-03-30 01:12:14'),(8235,664,196,'2016-03-31','2016-03-30 21:30:00','2016-03-31 06:00:00',NULL,NULL,'','2016-03-30 00:23:17','2016-03-30 00:23:17'),(8236,664,196,'2016-04-01','2016-03-31 21:30:00','2016-04-01 06:00:00',NULL,NULL,'','2016-03-30 00:23:17','2016-03-30 00:23:17'),(8237,664,192,'2016-03-30','2016-03-30 06:45:00','2016-03-30 12:15:00',NULL,NULL,NULL,'2016-03-30 01:12:15','2016-03-30 01:12:15'),(8238,666,173,'2016-04-05','2016-04-04 23:30:00','2016-04-05 08:00:00',NULL,NULL,'','2016-04-06 06:35:15','2016-04-06 06:35:15'),(8239,666,173,'2016-04-06','2016-04-05 23:30:00','2016-04-06 08:00:00',NULL,NULL,'','2016-04-06 06:35:15','2016-04-06 06:35:15'),(8240,666,173,'2016-04-07','2016-04-06 23:30:00','2016-04-07 08:00:00',NULL,NULL,'','2016-04-06 06:35:15','2016-04-06 23:19:34'),(8241,666,173,'2016-04-08','2016-04-07 23:30:00','2016-04-08 08:00:00',NULL,NULL,'','2016-04-06 06:35:15','2016-04-06 06:35:15'),(8242,666,174,'2016-04-05','2016-04-04 23:30:00','2016-04-05 08:00:00',NULL,NULL,'','2016-04-06 06:35:15','2016-04-06 06:35:15'),(8243,666,174,'2016-04-06','2016-04-05 23:30:00','2016-04-06 08:00:00',NULL,NULL,'','2016-04-06 06:35:15','2016-04-06 06:35:15'),(8244,666,174,'2016-04-07','2016-04-06 23:30:00','2016-04-07 08:00:00',NULL,NULL,'','2016-04-06 06:35:15','2016-04-06 23:19:34'),(8245,666,174,'2016-04-08','2016-04-07 23:30:00','2016-04-08 08:00:00',NULL,NULL,'','2016-04-06 06:35:15','2016-04-06 06:35:15'),(8246,666,177,'2016-04-05','2016-04-04 23:00:00','2016-04-05 07:30:00',NULL,NULL,'','2016-04-06 06:35:15','2016-04-06 06:35:15'),(8247,666,177,'2016-04-06','2016-04-05 23:00:00','2016-04-06 07:30:00',NULL,NULL,'','2016-04-06 06:35:15','2016-04-06 06:35:15'),(8248,666,177,'2016-04-07','2016-04-06 23:00:00','2016-04-07 07:30:00',NULL,NULL,'','2016-04-06 06:35:15','2016-04-06 23:19:34'),(8249,666,177,'2016-04-08','2016-04-07 23:00:00','2016-04-08 07:30:00',NULL,NULL,'','2016-04-06 06:35:15','2016-04-06 06:35:15'),(8250,666,178,'2016-04-05','2016-04-04 23:30:00','2016-04-05 08:00:00',NULL,NULL,'','2016-04-06 06:35:15','2016-04-06 06:35:15'),(8251,666,178,'2016-04-06','2016-04-05 23:30:00','2016-04-06 08:00:00',NULL,NULL,'','2016-04-06 06:35:15','2016-04-06 06:35:15'),(8252,666,178,'2016-04-07','2016-04-06 23:30:00','2016-04-07 08:00:00',NULL,NULL,'','2016-04-06 06:35:15','2016-04-06 23:19:34'),(8253,666,178,'2016-04-08','2016-04-07 23:30:00','2016-04-08 08:00:00',NULL,NULL,'','2016-04-06 06:35:15','2016-04-06 06:35:15'),(8254,666,180,'2016-04-05','2016-04-04 22:45:00','2016-04-05 07:15:00',NULL,NULL,'','2016-04-06 06:35:15','2016-04-06 06:35:15'),(8255,666,180,'2016-04-07','2016-04-06 22:45:00','2016-04-07 07:15:00',NULL,NULL,'','2016-04-06 06:35:15','2016-04-06 23:19:34'),(8256,666,180,'2016-04-08','2016-04-07 22:45:00','2016-04-08 07:15:00',NULL,NULL,'','2016-04-06 06:35:15','2016-04-06 06:35:15'),(8257,666,181,'2016-04-05','2016-04-04 23:00:00','2016-04-05 07:30:00',NULL,NULL,'','2016-04-06 06:35:15','2016-04-06 06:35:15'),(8258,666,181,'2016-04-06','2016-04-05 23:00:00','2016-04-06 07:30:00',NULL,NULL,'','2016-04-06 06:35:15','2016-04-06 06:35:15'),(8260,666,181,'2016-04-08','2016-04-07 23:30:00','2016-04-08 08:00:00',NULL,NULL,'','2016-04-06 06:35:15','2016-04-06 06:35:15'),(8261,666,183,'2016-04-05','2016-04-04 22:30:00','2016-04-05 07:00:00',NULL,NULL,'','2016-04-06 06:35:15','2016-04-06 06:35:15'),(8262,666,183,'2016-04-06','2016-04-05 22:30:00','2016-04-06 07:00:00',NULL,NULL,'','2016-04-06 06:35:15','2016-04-06 06:35:15'),(8263,666,183,'2016-04-07','2016-04-06 22:30:00','2016-04-07 07:00:00',NULL,NULL,'','2016-04-06 06:35:15','2016-04-06 23:19:34'),(8264,666,183,'2016-04-08','2016-04-07 22:30:00','2016-04-08 07:00:00',NULL,NULL,'','2016-04-06 06:35:15','2016-04-06 06:35:15'),(8265,666,186,'2016-04-05','2016-04-04 23:15:00','2016-04-05 07:45:00',NULL,NULL,'','2016-04-06 06:35:15','2016-04-06 06:35:15'),(8266,666,186,'2016-04-06','2016-04-05 23:15:00','2016-04-06 07:45:00',NULL,NULL,'','2016-04-06 06:35:15','2016-04-06 06:35:15'),(8267,666,186,'2016-04-07','2016-04-06 23:15:00','2016-04-07 07:45:00',NULL,NULL,'','2016-04-06 06:35:15','2016-04-06 23:19:34'),(8268,666,186,'2016-04-08','2016-04-07 23:15:00','2016-04-08 07:45:00',NULL,NULL,'','2016-04-06 06:35:15','2016-04-06 06:35:15'),(8269,666,187,'2016-04-05','2016-04-04 23:30:00','2016-04-05 08:00:00',NULL,NULL,'','2016-04-06 06:35:15','2016-04-06 06:35:15'),(8270,666,187,'2016-04-06','2016-04-05 23:30:00','2016-04-06 08:00:00',NULL,NULL,'','2016-04-06 06:35:15','2016-04-06 06:35:15'),(8271,666,187,'2016-04-07','2016-04-06 23:30:00','2016-04-07 08:00:00',NULL,NULL,'','2016-04-06 06:35:15','2016-04-06 23:19:34'),(8272,666,187,'2016-04-08','2016-04-07 23:30:00','2016-04-08 08:00:00',NULL,NULL,'','2016-04-06 06:35:15','2016-04-06 06:35:15'),(8273,666,188,'2016-04-05','2016-04-04 22:00:00','2016-04-05 06:30:00',NULL,NULL,'','2016-04-06 06:35:15','2016-04-06 06:35:15'),(8274,666,188,'2016-04-06','2016-04-05 22:00:00','2016-04-06 06:30:00',NULL,NULL,'','2016-04-06 06:35:15','2016-04-06 06:35:15'),(8275,666,188,'2016-04-07','2016-04-06 22:00:00','2016-04-07 06:30:00',NULL,NULL,'','2016-04-06 06:35:15','2016-04-06 23:19:34'),(8276,666,188,'2016-04-08','2016-04-07 22:00:00','2016-04-08 06:30:00',NULL,NULL,'','2016-04-06 06:35:15','2016-04-06 06:35:15'),(8277,666,189,'2016-04-05','2016-04-04 23:00:00','2016-04-05 07:30:00',NULL,NULL,'','2016-04-06 06:35:15','2016-04-06 06:35:15'),(8278,666,189,'2016-04-07','2016-04-06 23:00:00','2016-04-07 07:30:00',NULL,NULL,'','2016-04-06 06:35:15','2016-04-06 23:19:34'),(8279,666,189,'2016-04-08','2016-04-07 23:00:00','2016-04-08 07:30:00',NULL,NULL,'','2016-04-06 06:35:15','2016-04-06 06:35:15'),(8280,666,190,'2016-04-05','2016-04-04 23:00:00','2016-04-05 07:00:00',NULL,NULL,'','2016-04-06 06:35:15','2016-04-06 06:35:15'),(8281,666,190,'2016-04-06','2016-04-05 23:00:00','2016-04-06 07:30:00',NULL,NULL,'','2016-04-06 06:35:15','2016-04-06 06:35:15'),(8282,666,190,'2016-04-07','2016-04-06 23:00:00','2016-04-07 07:00:00',NULL,NULL,'','2016-04-06 06:35:15','2016-04-06 23:19:34'),(8283,666,190,'2016-04-08','2016-04-07 23:00:00','2016-04-08 07:00:00',NULL,NULL,'','2016-04-06 06:35:15','2016-04-06 06:35:15'),(8284,666,191,'2016-04-05','2016-04-04 22:45:00','2016-04-05 07:15:00',NULL,NULL,'','2016-04-06 06:35:15','2016-04-06 06:35:15'),(8285,666,191,'2016-04-06','2016-04-05 22:45:00','2016-04-06 07:15:00',NULL,NULL,'','2016-04-06 06:35:15','2016-04-06 06:35:15'),(8286,666,191,'2016-04-07','2016-04-06 22:45:00','2016-04-07 07:15:00',NULL,NULL,'','2016-04-06 06:35:15','2016-04-06 23:19:34'),(8287,666,191,'2016-04-08','2016-04-07 22:45:00','2016-04-08 07:15:00',NULL,NULL,'','2016-04-06 06:35:15','2016-04-06 06:35:15'),(8288,666,192,'2016-04-05','2016-04-04 23:15:00','2016-04-05 07:45:00',NULL,NULL,'','2016-04-06 06:35:15','2016-04-06 06:35:15'),(8289,666,192,'2016-04-06','2016-04-06 07:45:00','2016-04-06 13:15:00',NULL,NULL,NULL,'2016-04-06 06:35:15','2016-04-06 06:35:15'),(8291,666,192,'2016-04-08','2016-04-07 23:15:00','2016-04-08 07:45:00',NULL,NULL,'','2016-04-06 06:35:15','2016-04-06 06:35:15'),(8292,666,193,'2016-04-05','2016-04-04 22:30:00','2016-04-05 07:15:00',NULL,NULL,'','2016-04-06 06:35:15','2016-04-06 06:41:56'),(8293,666,193,'2016-04-06','2016-04-05 22:30:00','2016-04-06 05:00:00',NULL,NULL,'','2016-04-06 06:35:15','2016-04-06 06:41:56'),(8294,666,193,'2016-04-07','2016-04-06 22:30:00','2016-04-07 07:15:00',NULL,NULL,'','2016-04-06 06:35:15','2016-04-06 23:19:34'),(8295,666,193,'2016-04-08','2016-04-07 22:30:00','2016-04-08 07:15:00',NULL,NULL,'','2016-04-06 06:35:15','2016-04-06 06:41:56'),(8296,666,194,'2016-04-05','2016-04-04 22:30:00','2016-04-05 07:00:00',NULL,NULL,'','2016-04-06 06:35:15','2016-04-06 06:35:15'),(8297,666,194,'2016-04-07','2016-04-06 22:30:00','2016-04-07 07:00:00',NULL,NULL,'','2016-04-06 06:35:15','2016-04-06 23:19:34'),(8298,666,194,'2016-04-08','2016-04-07 22:30:00','2016-04-08 07:00:00',NULL,NULL,'','2016-04-06 06:35:15','2016-04-06 06:35:15'),(8299,666,196,'2016-04-05','2016-04-04 22:30:00','2016-04-05 07:00:00',NULL,NULL,'','2016-04-06 06:35:15','2016-04-06 06:35:15'),(8300,666,196,'2016-04-06','2016-04-05 22:30:00','2016-04-06 07:00:00',NULL,NULL,'','2016-04-06 06:35:15','2016-04-06 06:35:15'),(8301,666,196,'2016-04-07','2016-04-06 22:30:00','2016-04-07 07:00:00',NULL,NULL,'','2016-04-06 06:35:15','2016-04-06 23:19:34'),(8302,666,196,'2016-04-08','2016-04-07 22:30:00','2016-04-08 07:00:00',NULL,NULL,'','2016-04-06 06:35:15','2016-04-06 06:35:15'),(8303,666,173,'2016-04-04','2016-04-03 23:30:00','2016-04-04 08:00:00',NULL,NULL,'','2016-04-06 06:41:55','2016-04-06 06:41:55'),(8304,666,174,'2016-04-04','2016-04-03 22:45:00','2016-04-04 07:00:00',NULL,NULL,'','2016-04-06 06:41:55','2016-04-06 06:41:55'),(8305,666,177,'2016-04-04','2016-04-03 23:00:00','2016-04-04 07:30:00',NULL,NULL,'','2016-04-06 06:41:55','2016-04-06 06:41:55'),(8306,666,178,'2016-04-04','2016-04-03 23:30:00','2016-04-04 08:00:00',NULL,NULL,'','2016-04-06 06:41:55','2016-04-06 06:41:55'),(8307,666,180,'2016-04-04','2016-04-03 22:45:00','2016-04-04 07:15:00',NULL,NULL,'','2016-04-06 06:41:55','2016-04-06 06:41:55'),(8308,666,180,'2016-04-06','2016-04-05 22:45:00','2016-04-06 07:15:00',NULL,NULL,'','2016-04-06 06:41:55','2016-04-06 06:41:55'),(8309,666,181,'2016-04-04','2016-04-03 23:30:00','2016-04-04 08:00:00',NULL,NULL,'','2016-04-06 06:41:55','2016-04-06 06:41:55'),(8310,666,183,'2016-04-04','2016-04-03 22:30:00','2016-04-04 07:00:00',NULL,NULL,'','2016-04-06 06:41:55','2016-04-06 06:41:55'),(8311,666,186,'2016-04-04','2016-04-03 23:15:00','2016-04-04 07:45:00',NULL,NULL,'','2016-04-06 06:41:55','2016-04-06 06:41:55'),(8312,666,187,'2016-04-04','2016-04-03 23:30:00','2016-04-04 08:00:00',NULL,NULL,'','2016-04-06 06:41:55','2016-04-06 06:41:55'),(8313,666,188,'2016-04-04','2016-04-03 22:00:00','2016-04-04 06:30:00',NULL,NULL,'','2016-04-06 06:41:55','2016-04-06 06:41:55'),(8314,666,189,'2016-04-04','2016-04-03 23:00:00','2016-04-04 07:30:00',NULL,NULL,'','2016-04-06 06:41:55','2016-04-06 06:41:55'),(8315,666,189,'2016-04-06','2016-04-05 23:00:00','2016-04-06 07:30:00',NULL,NULL,'','2016-04-06 06:41:55','2016-04-06 06:41:55'),(8316,666,190,'2016-04-04','2016-04-03 23:00:00','2016-04-04 07:30:00',NULL,NULL,'','2016-04-06 06:41:55','2016-04-06 06:41:55'),(8317,666,191,'2016-04-04','2016-04-03 22:45:00','2016-04-04 07:15:00',NULL,NULL,'','2016-04-06 06:41:55','2016-04-06 06:41:55'),(8318,666,192,'2016-04-04','2016-04-03 23:15:00','2016-04-04 07:45:00',NULL,NULL,'','2016-04-06 06:41:55','2016-04-06 06:41:55'),(8319,666,193,'2016-04-04','2016-04-03 22:30:00','2016-04-04 07:15:00',NULL,NULL,'','2016-04-06 06:41:56','2016-04-06 06:41:56'),(8320,666,194,'2016-04-04','2016-04-03 22:30:00','2016-04-04 07:00:00',NULL,NULL,'','2016-04-06 06:41:56','2016-04-06 06:41:56'),(8321,666,194,'2016-04-06','2016-04-05 22:30:00','2016-04-06 07:00:00',NULL,NULL,'','2016-04-06 06:41:56','2016-04-06 06:41:56'),(8322,666,196,'2016-04-04','2016-04-03 22:30:00','2016-04-04 07:00:00',NULL,NULL,'','2016-04-06 06:41:56','2016-04-06 06:41:56'),(8323,666,181,'2016-04-07','2016-04-07 07:30:00','2016-04-07 08:00:00',NULL,NULL,NULL,'2016-04-06 22:51:46','2016-04-06 23:19:34'),(8324,666,192,'2016-04-07','2016-04-06 23:15:00','2016-04-07 07:45:00',NULL,NULL,NULL,'2016-04-06 22:51:46','2016-04-06 23:19:34'),(8325,689,159,'2016-05-19','2016-05-19 06:15:00','2016-05-19 07:15:00',NULL,NULL,NULL,'2016-05-19 06:27:10','2016-05-19 06:27:10'),(8326,691,181,'2016-05-20','2016-05-19 23:30:00','2016-05-20 08:00:00',NULL,NULL,NULL,'2016-05-19 06:34:07','2016-05-19 06:34:07'),(8327,691,196,'2016-05-20','2016-05-19 22:30:00','2016-05-20 07:00:00',NULL,NULL,NULL,'2016-05-19 06:34:07','2016-05-19 06:34:07'),(8328,691,189,'2016-05-20','2016-05-19 23:00:00','2016-05-20 07:30:00',NULL,NULL,NULL,'2016-05-19 06:34:07','2016-05-19 06:34:07'),(8329,691,190,'2016-05-20','2016-05-19 22:30:00','2016-05-20 07:00:00',NULL,NULL,NULL,'2016-05-19 06:34:07','2016-05-19 06:34:07'),(8330,691,192,'2016-05-20','2016-05-19 23:15:00','2016-05-20 07:45:00',NULL,NULL,NULL,'2016-05-19 06:34:07','2016-05-19 06:34:07'),(8331,691,193,'2016-05-20','2016-05-19 22:30:00','2016-05-20 07:15:00',NULL,NULL,NULL,'2016-05-19 06:34:07','2016-05-19 06:34:07'),(8332,691,178,'2016-05-20','2016-05-19 23:30:00','2016-05-20 08:00:00',NULL,NULL,NULL,'2016-05-19 06:34:07','2016-05-19 06:34:07'),(8333,691,180,'2016-05-20','2016-05-19 22:45:00','2016-05-20 07:15:00',NULL,NULL,NULL,'2016-05-19 06:34:07','2016-05-19 06:34:07'),(8334,691,191,'2016-05-20','2016-05-19 22:45:00','2016-05-20 07:15:00',NULL,NULL,NULL,'2016-05-19 06:34:07','2016-05-19 06:34:07'),(8335,691,174,'2016-05-20','2016-05-19 23:30:00','2016-05-20 08:00:00',NULL,NULL,NULL,'2016-05-19 06:34:07','2016-05-19 06:34:07'),(8336,691,177,'2016-05-20','2016-05-19 23:15:00','2016-05-20 07:45:00',NULL,NULL,NULL,'2016-05-19 06:34:07','2016-05-19 06:34:07'),(8337,691,194,'2016-05-20','2016-05-19 22:30:00','2016-05-20 07:00:00',NULL,NULL,NULL,'2016-05-19 06:34:07','2016-05-19 06:34:07'),(8338,691,173,'2016-05-20','2016-05-19 23:30:00','2016-05-20 08:00:00',NULL,NULL,NULL,'2016-05-19 06:34:07','2016-05-19 06:34:07'),(8339,694,182,'2016-05-20','2016-05-19 23:00:00','2016-05-20 07:30:00',NULL,NULL,NULL,'2016-05-19 06:34:57','2016-05-19 06:34:57'),(8340,689,159,'2016-05-20','2016-05-20 00:00:00','2016-05-20 01:00:00',NULL,NULL,NULL,'2016-05-20 00:05:53','2016-05-20 00:05:53'),(8341,694,184,'2016-05-20','2016-05-20 00:30:00','2016-05-20 01:30:00',NULL,NULL,NULL,'2016-05-20 00:34:02','2016-05-20 00:34:02'),(8342,689,170,'2016-05-20','2016-05-20 01:00:00','2016-05-20 02:00:00',NULL,NULL,NULL,'2016-05-20 01:06:34','2016-05-20 01:06:34'),(8343,694,204,'2016-05-20','2016-05-20 03:00:00','2016-05-20 04:00:00',NULL,NULL,NULL,'2016-05-20 03:05:30','2016-05-20 03:05:30'),(8344,691,186,'2016-05-20','2016-05-20 06:00:00','2016-05-20 07:00:00',NULL,NULL,NULL,'2016-05-20 06:05:58','2016-05-20 06:05:58'),(8345,691,183,'2016-05-20','2016-05-20 07:00:00','2016-05-20 08:00:00',NULL,NULL,NULL,'2016-05-20 07:05:53','2016-05-20 07:05:53'),(8346,694,197,'2016-05-20','2016-05-20 08:00:00','2016-05-20 09:00:00',NULL,NULL,NULL,'2016-05-20 08:04:51','2016-05-20 08:04:51'),(8347,689,185,'2016-05-20','2016-05-20 08:00:00','2016-05-20 09:00:00',NULL,NULL,NULL,'2016-05-20 08:04:52','2016-05-20 08:04:52'),(8348,691,187,'2016-05-20','2016-05-20 09:00:00','2016-05-20 10:00:00',NULL,NULL,NULL,'2016-05-20 09:04:37','2016-05-20 09:04:37'),(8349,694,202,'2016-05-20','2016-05-20 10:00:00','2016-05-20 11:00:00',NULL,NULL,NULL,'2016-05-20 10:05:33','2016-05-20 10:05:33'),(8350,689,169,'2016-05-21','2016-05-21 23:00:00','2016-05-22 00:00:00',NULL,NULL,NULL,'2016-05-21 23:04:25','2016-05-21 23:04:25'),(8351,694,184,'2016-05-22','2016-05-22 22:00:00','2016-05-22 23:00:00',NULL,NULL,NULL,'2016-05-22 22:06:37','2016-05-22 22:06:37'),(8352,691,194,'2016-05-22','2016-05-22 23:00:00','2016-05-23 00:00:00',NULL,NULL,NULL,'2016-05-22 23:01:50','2016-05-22 23:01:50'),(8353,691,192,'2016-05-22','2016-05-22 23:00:00','2016-05-23 00:00:00',NULL,NULL,NULL,'2016-05-22 23:01:50','2016-05-22 23:01:50'),(8354,691,193,'2016-05-22','2016-05-22 23:00:00','2016-05-23 00:00:00',NULL,NULL,NULL,'2016-05-22 23:01:50','2016-05-22 23:01:50'),(8355,691,190,'2016-05-22','2016-05-22 23:00:00','2016-05-23 00:00:00',NULL,NULL,NULL,'2016-05-22 23:01:51','2016-05-22 23:01:51'),(8356,691,183,'2016-05-22','2016-05-22 23:00:00','2016-05-23 00:00:00',NULL,NULL,NULL,'2016-05-22 23:01:51','2016-05-22 23:01:51'),(8357,694,204,'2016-05-22','2016-05-22 23:00:00','2016-05-23 00:00:00',NULL,NULL,NULL,'2016-05-22 23:01:51','2016-05-22 23:01:51'),(8358,691,174,'2016-05-22','2016-05-22 23:00:00','2016-05-23 00:00:00',NULL,NULL,NULL,'2016-05-22 23:01:51','2016-05-22 23:01:51'),(8359,691,191,'2016-05-22','2016-05-22 23:00:00','2016-05-23 00:00:00',NULL,NULL,NULL,'2016-05-22 23:01:51','2016-05-22 23:01:51'),(8360,691,189,'2016-05-22','2016-05-22 23:00:00','2016-05-23 00:00:00',NULL,NULL,NULL,'2016-05-22 23:01:51','2016-05-22 23:01:51'),(8361,694,182,'2016-05-22','2016-05-22 23:00:00','2016-05-23 00:00:00',NULL,NULL,NULL,'2016-05-22 23:01:51','2016-05-22 23:01:51'),(8362,689,185,'2016-05-22','2016-05-22 23:00:00','2016-05-23 00:00:00',NULL,NULL,NULL,'2016-05-22 23:01:51','2016-05-22 23:01:51'),(8363,695,181,'2016-05-23','2016-05-23 00:00:00','2016-05-23 01:00:00',NULL,NULL,NULL,'2016-05-23 00:01:57','2016-05-23 00:01:57'),(8364,695,173,'2016-05-23','2016-05-23 00:00:00','2016-05-23 01:00:00',NULL,NULL,NULL,'2016-05-23 00:01:57','2016-05-23 00:01:57'),(8365,697,200,'2016-05-23','2016-05-23 00:00:00','2016-05-23 01:00:00',NULL,NULL,NULL,'2016-05-23 00:01:57','2016-05-23 00:01:57'),(8366,697,203,'2016-05-23','2016-05-23 01:00:00','2016-05-23 02:00:00',NULL,NULL,NULL,'2016-05-23 01:02:15','2016-05-23 01:02:15'),(8367,697,202,'2016-05-23','2016-05-23 01:00:00','2016-05-23 02:00:00',NULL,NULL,NULL,'2016-05-23 01:02:16','2016-05-23 01:02:16'),(8368,695,189,'2016-05-23','2016-05-23 05:00:00','2016-05-23 06:00:00',NULL,NULL,NULL,'2016-05-23 05:05:56','2016-05-23 05:05:56'),(8369,695,192,'2016-05-23','2016-05-23 07:00:00','2016-05-23 08:00:00',NULL,NULL,NULL,'2016-05-23 07:05:31','2016-05-23 07:05:31'),(8370,697,184,'2016-05-23','2016-05-23 07:00:00','2016-05-23 08:00:00',NULL,NULL,NULL,'2016-05-23 07:05:31','2016-05-23 07:05:31'),(8371,697,204,'2016-05-23','2016-05-23 07:00:00','2016-05-23 08:00:00',NULL,NULL,NULL,'2016-05-23 07:05:31','2016-05-23 07:05:31'),(8372,695,183,'2016-05-23','2016-05-23 07:00:00','2016-05-23 08:00:00',NULL,NULL,NULL,'2016-05-23 07:05:31','2016-05-23 07:05:31'),(8373,695,174,'2016-05-23','2016-05-23 07:00:00','2016-05-23 08:00:00',NULL,NULL,NULL,'2016-05-23 07:05:32','2016-05-23 07:05:32'),(8374,695,190,'2016-05-23','2016-05-23 07:00:00','2016-05-23 08:00:00',NULL,NULL,NULL,'2016-05-23 07:05:32','2016-05-23 07:05:32'),(8375,695,194,'2016-05-23','2016-05-23 08:00:00','2016-05-23 09:00:00',NULL,NULL,NULL,'2016-05-23 08:04:42','2016-05-23 08:04:42'),(8376,695,191,'2016-05-23','2016-05-23 08:00:00','2016-05-23 09:00:00',NULL,NULL,NULL,'2016-05-23 08:04:42','2016-05-23 08:04:42'),(8377,695,193,'2016-05-23','2016-05-23 08:00:00','2016-05-23 09:00:00',NULL,NULL,NULL,'2016-05-23 08:04:42','2016-05-23 08:04:42'),(8378,690,185,'2016-05-23','2016-05-23 08:00:00','2016-05-23 09:00:00',NULL,NULL,NULL,'2016-05-23 08:04:42','2016-05-23 08:04:42'),(8379,697,182,'2016-05-23','2016-05-23 08:00:00','2016-05-23 09:00:00',NULL,NULL,NULL,'2016-05-23 08:04:42','2016-05-23 08:04:42'),(8380,695,188,'2016-05-23','2016-05-23 22:00:00','2016-05-23 23:00:00',NULL,NULL,NULL,'2016-05-23 22:11:33','2016-05-23 22:11:33'),(8381,695,196,'2016-05-23','2016-05-23 23:00:00','2016-05-24 00:00:00',NULL,NULL,NULL,'2016-05-23 23:05:39','2016-05-23 23:05:39'),(8382,697,201,'2016-05-23','2016-05-23 23:00:00','2016-05-24 00:00:00',NULL,NULL,NULL,'2016-05-23 23:05:40','2016-05-23 23:05:40'),(8383,697,197,'2016-05-23','2016-05-23 23:00:00','2016-05-24 00:00:00',NULL,NULL,NULL,'2016-05-23 23:05:40','2016-05-23 23:05:40'),(8384,695,192,'2016-05-24','2016-05-24 00:00:00','2016-05-24 01:00:00',NULL,NULL,NULL,'2016-05-24 00:05:31','2016-05-24 00:05:31'),(8385,697,184,'2016-05-24','2016-05-24 00:00:00','2016-05-24 01:00:00',NULL,NULL,NULL,'2016-05-24 00:05:31','2016-05-24 00:05:31'),(8386,695,173,'2016-05-24','2016-05-24 00:00:00','2016-05-24 01:00:00',NULL,NULL,NULL,'2016-05-24 00:05:31','2016-05-24 00:05:31'),(8387,695,174,'2016-05-24','2016-05-24 00:00:00','2016-05-24 01:00:00',NULL,NULL,NULL,'2016-05-24 00:05:31','2016-05-24 00:05:31'),(8388,697,182,'2016-05-24','2016-05-24 01:00:00','2016-05-24 02:00:00',NULL,NULL,NULL,'2016-05-24 01:06:12','2016-05-24 01:06:12'),(8389,695,189,'2016-05-24','2016-05-24 02:00:00','2016-05-24 03:00:00',NULL,NULL,NULL,'2016-05-24 02:07:42','2016-05-24 02:07:42'),(8390,690,185,'2016-05-24','2016-05-24 02:00:00','2016-05-24 03:00:00',NULL,NULL,NULL,'2016-05-24 02:07:42','2016-05-24 02:07:42'),(8391,695,196,'2016-05-24','2016-05-24 04:00:00','2016-05-24 05:00:00',NULL,NULL,NULL,'2016-05-24 04:05:17','2016-05-24 04:05:17'),(8392,697,201,'2016-05-24','2016-05-24 04:00:00','2016-05-24 05:00:00',NULL,NULL,NULL,'2016-05-24 04:05:18','2016-05-24 04:05:18'),(8393,695,188,'2016-05-24','2016-05-24 06:00:00','2016-05-24 07:00:00',NULL,NULL,NULL,'2016-05-24 06:06:09','2016-05-24 06:06:09'),(8394,695,193,'2016-05-24','2016-05-24 07:00:00','2016-05-24 08:00:00',NULL,NULL,NULL,'2016-05-24 07:05:58','2016-05-24 07:05:58'),(8395,697,204,'2016-05-24','2016-05-24 07:00:00','2016-05-24 08:00:00',NULL,NULL,NULL,'2016-05-24 07:05:58','2016-05-24 07:05:58'),(8396,695,190,'2016-05-24','2016-05-24 07:00:00','2016-05-24 08:00:00',NULL,NULL,NULL,'2016-05-24 07:05:58','2016-05-24 07:05:58'),(8397,695,194,'2016-05-24','2016-05-24 07:00:00','2016-05-24 08:00:00',NULL,NULL,NULL,'2016-05-24 07:05:58','2016-05-24 07:05:58'),(8398,695,183,'2016-05-24','2016-05-24 08:00:00','2016-05-24 09:00:00',NULL,NULL,NULL,'2016-05-24 08:05:02','2016-05-24 08:05:02'),(8399,697,197,'2016-05-24','2016-05-24 08:00:00','2016-05-24 09:00:00',NULL,NULL,NULL,'2016-05-24 08:05:02','2016-05-24 08:05:02'),(8400,695,181,'2016-05-24','2016-05-24 08:00:00','2016-05-24 09:00:00',NULL,NULL,NULL,'2016-05-24 08:05:02','2016-05-24 08:05:02'),(8401,697,182,'2016-05-25','2016-05-25 00:00:00','2016-05-25 01:00:00',NULL,NULL,NULL,'2016-05-25 00:06:39','2016-05-25 00:06:39'),(8402,695,173,'2016-05-25','2016-05-25 00:00:00','2016-05-25 01:00:00',NULL,NULL,NULL,'2016-05-25 00:06:39','2016-05-25 00:06:39'),(8403,695,192,'2016-05-25','2016-05-25 00:00:00','2016-05-25 01:00:00',NULL,NULL,NULL,'2016-05-25 00:06:39','2016-05-25 00:06:39'),(8404,695,181,'2016-05-25','2016-05-25 00:00:00','2016-05-25 01:00:00',NULL,NULL,NULL,'2016-05-25 00:06:39','2016-05-25 00:06:39'),(8405,697,203,'2016-05-25','2016-05-25 01:00:00','2016-05-25 02:00:00',NULL,NULL,NULL,'2016-05-25 01:06:22','2016-05-25 01:06:22'),(8406,695,196,'2016-05-25','2016-05-25 07:00:00','2016-05-25 08:00:00',NULL,NULL,NULL,'2016-05-25 07:06:02','2016-05-25 07:06:02'),(8407,695,193,'2016-05-25','2016-05-25 07:00:00','2016-05-25 08:00:00',NULL,NULL,NULL,'2016-05-25 07:06:02','2016-05-25 07:06:02'),(8408,697,184,'2016-05-25','2016-05-25 07:00:00','2016-05-25 08:00:00',NULL,NULL,NULL,'2016-05-25 07:06:03','2016-05-25 07:06:03'),(8409,695,190,'2016-05-25','2016-05-25 07:00:00','2016-05-25 08:00:00',NULL,NULL,NULL,'2016-05-25 07:06:03','2016-05-25 07:06:03'),(8410,695,183,'2016-05-25','2016-05-25 07:00:00','2016-05-25 08:00:00',NULL,NULL,NULL,'2016-05-25 07:06:03','2016-05-25 07:06:03'),(8411,697,204,'2016-05-25','2016-05-25 07:00:00','2016-05-25 08:00:00',NULL,NULL,NULL,'2016-05-25 07:06:03','2016-05-25 07:06:03'),(8412,695,174,'2016-05-25','2016-05-25 07:00:00','2016-05-25 08:00:00',NULL,NULL,NULL,'2016-05-25 07:06:03','2016-05-25 07:06:03'),(8413,697,201,'2016-05-25','2016-05-25 07:00:00','2016-05-25 08:00:00',NULL,NULL,NULL,'2016-05-25 07:06:03','2016-05-25 07:06:03'),(8414,695,194,'2016-05-25','2016-05-25 07:00:00','2016-05-25 08:00:00',NULL,NULL,NULL,'2016-05-25 07:06:03','2016-05-25 07:06:03'),(8415,697,197,'2016-05-25','2016-05-25 08:00:00','2016-05-25 09:00:00',NULL,NULL,NULL,'2016-05-25 08:04:45','2016-05-25 08:04:45'),(8416,695,189,'2016-05-25','2016-05-25 08:00:00','2016-05-25 09:00:00',NULL,NULL,NULL,'2016-05-25 08:04:45','2016-05-25 08:04:45'),(8417,690,185,'2016-05-25','2016-05-25 08:00:00','2016-05-25 09:00:00',NULL,NULL,NULL,'2016-05-25 08:04:46','2016-05-25 08:04:46'),(8418,695,188,'2016-05-25','2016-05-25 21:00:00','2016-05-25 22:00:00',NULL,NULL,NULL,'2016-05-25 21:05:14','2016-05-25 21:05:14'),(8419,695,191,'2016-05-25','2016-05-25 23:00:00','2016-05-26 00:00:00',NULL,NULL,NULL,'2016-05-25 23:05:40','2016-05-25 23:05:40'),(8420,695,192,'2016-05-26','2016-05-26 00:00:00','2016-05-26 01:00:00',NULL,NULL,NULL,'2016-05-26 00:10:19','2016-05-26 00:10:19'),(8421,695,174,'2016-05-26','2016-05-26 00:00:00','2016-05-26 01:00:00',NULL,NULL,NULL,'2016-05-26 00:10:19','2016-05-26 00:10:19'),(8422,695,173,'2016-05-26','2016-05-26 00:00:00','2016-05-26 01:00:00',NULL,NULL,NULL,'2016-05-26 00:10:20','2016-05-26 00:10:20'),(8423,697,184,'2016-05-26','2016-05-26 00:00:00','2016-05-26 01:00:00',NULL,NULL,NULL,'2016-05-26 00:10:20','2016-05-26 00:10:20'),(8424,697,202,'2016-05-26','2016-05-26 00:00:00','2016-05-26 01:00:00',NULL,NULL,NULL,'2016-05-26 00:10:20','2016-05-26 00:10:20'),(8425,697,203,'2016-05-26','2016-05-26 00:00:00','2016-05-26 01:00:00',NULL,NULL,NULL,'2016-05-26 00:10:20','2016-05-26 00:10:20'),(8426,695,188,'2016-05-26','2016-05-26 05:00:00','2016-05-26 06:00:00',NULL,NULL,NULL,'2016-05-26 05:01:49','2016-05-26 05:01:49'),(8427,695,193,'2016-05-26','2016-05-26 07:00:00','2016-05-26 08:00:00',NULL,NULL,NULL,'2016-05-26 07:02:52','2016-05-26 07:02:52'),(8428,695,190,'2016-05-26','2016-05-26 07:00:00','2016-05-26 08:00:00',NULL,NULL,NULL,'2016-05-26 07:02:52','2016-05-26 07:02:52'),(8429,697,201,'2016-05-26','2016-05-26 07:00:00','2016-05-26 08:00:00',NULL,NULL,NULL,'2016-05-26 07:02:52','2016-05-26 07:02:52'),(8430,695,183,'2016-05-26','2016-05-26 08:00:00','2016-05-26 09:00:00',NULL,NULL,NULL,'2016-05-26 08:04:37','2016-05-26 08:04:37'),(8431,697,197,'2016-05-26','2016-05-26 08:00:00','2016-05-26 09:00:00',NULL,NULL,NULL,'2016-05-26 08:04:37','2016-05-26 08:04:37'),(8432,695,181,'2016-05-26','2016-05-26 08:00:00','2016-05-26 09:00:00',NULL,NULL,NULL,'2016-05-26 08:04:37','2016-05-26 08:04:37'),(8433,695,189,'2016-05-26','2016-05-26 08:00:00','2016-05-26 09:00:00',NULL,NULL,NULL,'2016-05-26 08:04:37','2016-05-26 08:04:37'),(8434,697,182,'2016-05-26','2016-05-26 08:00:00','2016-05-26 09:00:00',NULL,NULL,NULL,'2016-05-26 08:04:37','2016-05-26 08:04:37'),(8435,695,191,'2016-05-26','2016-05-26 08:00:00','2016-05-26 09:00:00',NULL,NULL,NULL,'2016-05-26 08:04:37','2016-05-26 08:04:37'),(8436,695,196,'2016-05-26','2016-05-26 23:00:00','2016-05-27 00:00:00',NULL,NULL,NULL,'2016-05-26 23:04:50','2016-05-26 23:04:50'),(8437,697,204,'2016-05-26','2016-05-26 23:00:00','2016-05-27 00:00:00',NULL,NULL,NULL,'2016-05-26 23:04:50','2016-05-26 23:04:50'),(8438,695,174,'2016-05-27','2016-05-27 00:00:00','2016-05-27 01:00:00',NULL,NULL,NULL,'2016-05-27 00:02:04','2016-05-27 00:02:04'),(8439,695,173,'2016-05-27','2016-05-27 00:00:00','2016-05-27 01:00:00',NULL,NULL,NULL,'2016-05-27 00:02:04','2016-05-27 00:02:04'),(8440,695,181,'2016-05-27','2016-05-27 00:00:00','2016-05-27 01:00:00',NULL,NULL,NULL,'2016-05-27 00:02:04','2016-05-27 00:02:04'),(8441,695,196,'2016-05-27','2016-05-27 00:00:00','2016-05-27 01:00:00',NULL,NULL,NULL,'2016-05-27 00:02:04','2016-05-27 00:02:04'),(8442,695,191,'2016-05-27','2016-05-27 00:00:00','2016-05-27 01:00:00',NULL,NULL,NULL,'2016-05-27 00:02:04','2016-05-27 00:02:04'),(8443,697,202,'2016-05-27','2016-05-27 00:00:00','2016-05-27 01:00:00',NULL,NULL,NULL,'2016-05-27 00:02:05','2016-05-27 00:02:05'),(8444,695,188,'2016-05-27','2016-05-27 05:00:00','2016-05-27 06:00:00',NULL,NULL,NULL,'2016-05-27 05:02:43','2016-05-27 05:02:43'),(8445,690,185,'2016-05-27','2016-05-27 06:00:00','2016-05-27 07:00:00',NULL,NULL,NULL,'2016-05-27 06:03:52','2016-05-27 06:03:52'),(8446,695,194,'2016-05-27','2016-05-27 06:00:00','2016-05-27 07:00:00',NULL,NULL,NULL,'2016-05-27 06:03:53','2016-05-27 06:03:53'),(8447,697,184,'2016-05-27','2016-05-27 07:00:00','2016-05-27 08:00:00',NULL,NULL,NULL,'2016-05-27 07:03:14','2016-05-27 07:03:14'),(8448,695,190,'2016-05-27','2016-05-27 08:00:00','2016-05-27 09:00:00',NULL,NULL,NULL,'2016-05-27 08:04:20','2016-05-27 08:04:20'),(8449,695,183,'2016-05-27','2016-05-27 08:00:00','2016-05-27 09:00:00',NULL,NULL,NULL,'2016-05-27 08:04:20','2016-05-27 08:04:20'),(8450,697,204,'2016-05-27','2016-05-27 08:00:00','2016-05-27 09:00:00',NULL,NULL,NULL,'2016-05-27 08:04:20','2016-05-27 08:04:20'),(8451,695,192,'2016-05-27','2016-05-27 08:00:00','2016-05-27 09:00:00',NULL,NULL,NULL,'2016-05-27 08:04:21','2016-05-27 08:04:21'),(8452,695,189,'2016-05-27','2016-05-27 08:00:00','2016-05-27 09:00:00',NULL,NULL,NULL,'2016-05-27 08:04:21','2016-05-27 08:04:21'),(8453,697,182,'2016-05-27','2016-05-27 08:00:00','2016-05-27 09:00:00',NULL,NULL,NULL,'2016-05-27 08:04:21','2016-05-27 08:04:21'),(8454,697,197,'2016-05-27','2016-05-27 22:00:00','2016-05-27 23:00:00',NULL,NULL,NULL,'2016-05-27 22:05:37','2016-05-27 22:05:37'),(8455,695,193,'2016-05-27','2016-05-27 22:00:00','2016-05-27 23:00:00',NULL,NULL,NULL,'2016-05-27 22:05:37','2016-05-27 22:05:37'),(8456,695,188,'2016-05-29','2016-05-29 22:00:00','2016-05-29 23:00:00',NULL,NULL,NULL,'2016-05-29 22:10:39','2016-05-29 22:10:39'),(8457,697,184,'2016-05-29','2016-05-29 22:00:00','2016-05-29 23:00:00',NULL,NULL,NULL,'2016-05-29 22:10:39','2016-05-29 22:10:39'),(8458,695,194,'2016-05-29','2016-05-29 23:00:00','2016-05-30 00:00:00',NULL,NULL,NULL,'2016-05-29 23:02:07','2016-05-29 23:02:07'),(8459,695,196,'2016-05-29','2016-05-29 23:00:00','2016-05-30 00:00:00',NULL,NULL,NULL,'2016-05-29 23:02:07','2016-05-29 23:02:07'),(8460,695,183,'2016-05-29','2016-05-29 23:00:00','2016-05-30 00:00:00',NULL,NULL,NULL,'2016-05-29 23:02:08','2016-05-29 23:02:08'),(8461,695,193,'2016-05-29','2016-05-29 23:00:00','2016-05-30 00:00:00',NULL,NULL,NULL,'2016-05-29 23:02:08','2016-05-29 23:02:08'),(8462,697,204,'2016-05-29','2016-05-29 23:00:00','2016-05-30 00:00:00',NULL,NULL,NULL,'2016-05-29 23:02:08','2016-05-29 23:02:08'),(8463,695,190,'2016-05-29','2016-05-29 23:00:00','2016-05-30 00:00:00',NULL,NULL,NULL,'2016-05-29 23:02:08','2016-05-29 23:02:08'),(8464,695,174,'2016-05-29','2016-05-29 23:00:00','2016-05-30 00:00:00',NULL,NULL,NULL,'2016-05-29 23:02:08','2016-05-29 23:02:08'),(8465,695,180,'2016-05-29','2016-05-29 23:00:00','2016-05-30 00:00:00',NULL,NULL,NULL,'2016-05-29 23:02:09','2016-05-29 23:02:09'),(8466,695,191,'2016-05-29','2016-05-29 23:00:00','2016-05-30 00:00:00',NULL,NULL,NULL,'2016-05-29 23:02:09','2016-05-29 23:02:09'),(8467,697,182,'2016-05-29','2016-05-29 23:00:00','2016-05-30 00:00:00',NULL,NULL,NULL,'2016-05-29 23:02:10','2016-05-29 23:02:10'),(8468,697,197,'2016-05-29','2016-05-29 23:00:00','2016-05-30 00:00:00',NULL,NULL,NULL,'2016-05-29 23:02:10','2016-05-29 23:02:10'),(8469,696,189,'2016-05-30','2016-05-30 00:00:00','2016-05-30 01:00:00',NULL,NULL,NULL,'2016-05-30 00:02:02','2016-05-30 00:02:02'),(8470,700,185,'2016-05-30','2016-05-30 00:00:00','2016-05-30 01:00:00',NULL,NULL,NULL,'2016-05-30 00:02:03','2016-05-30 00:02:03'),(8471,701,197,'2016-05-30','2016-05-30 00:00:00','2016-05-30 01:00:00',NULL,NULL,NULL,'2016-05-30 00:02:03','2016-05-30 00:02:03'),(8472,696,192,'2016-05-30','2016-05-30 00:00:00','2016-05-30 01:00:00',NULL,NULL,NULL,'2016-05-30 00:02:03','2016-05-30 00:02:03'),(8473,696,173,'2016-05-30','2016-05-30 00:00:00','2016-05-30 01:00:00',NULL,NULL,NULL,'2016-05-30 00:02:03','2016-05-30 00:02:03'),(8474,696,193,'2016-05-30','2016-05-30 00:00:00','2016-05-30 01:00:00',NULL,NULL,NULL,'2016-05-30 00:02:03','2016-05-30 00:02:03'),(8475,696,181,'2016-05-30','2016-05-30 00:00:00','2016-05-30 01:00:00',NULL,NULL,NULL,'2016-05-30 00:02:03','2016-05-30 00:02:03'),(8476,696,187,'2016-05-30','2016-05-30 00:00:00','2016-05-30 01:00:00',NULL,NULL,NULL,'2016-05-30 00:02:04','2016-05-30 00:02:04'),(8477,701,202,'2016-05-30','2016-05-30 00:00:00','2016-05-30 01:00:00',NULL,NULL,NULL,'2016-05-30 00:02:04','2016-05-30 00:02:04'),(8478,701,203,'2016-05-30','2016-05-30 01:00:00','2016-05-30 02:00:00',NULL,NULL,NULL,'2016-05-30 01:02:54','2016-05-30 01:02:54'),(8479,696,196,'2016-05-30','2016-05-30 05:00:00','2016-05-30 06:00:00',NULL,NULL,NULL,'2016-05-30 05:02:45','2016-05-30 05:02:45'),(8480,701,184,'2016-05-30','2016-05-30 05:00:00','2016-05-30 06:00:00',NULL,NULL,NULL,'2016-05-30 05:02:45','2016-05-30 05:02:45'),(8481,696,191,'2016-05-30','2016-05-30 05:00:00','2016-05-30 06:00:00',NULL,NULL,NULL,'2016-05-30 05:02:45','2016-05-30 05:02:45'),(8482,701,204,'2016-05-30','2016-05-30 05:00:00','2016-05-30 06:00:00',NULL,NULL,NULL,'2016-05-30 05:02:45','2016-05-30 05:02:45'),(8483,696,190,'2016-05-30','2016-05-30 05:00:00','2016-05-30 06:00:00',NULL,NULL,NULL,'2016-05-30 05:02:46','2016-05-30 05:02:46'),(8484,696,194,'2016-05-30','2016-05-30 05:00:00','2016-05-30 06:00:00',NULL,NULL,NULL,'2016-05-30 05:02:46','2016-05-30 05:02:46'),(8485,696,183,'2016-05-30','2016-05-30 05:00:00','2016-05-30 06:00:00',NULL,NULL,NULL,'2016-05-30 05:02:46','2016-05-30 05:02:46'),(8486,696,188,'2016-05-30','2016-05-30 05:00:00','2016-05-30 06:00:00',NULL,NULL,NULL,'2016-05-30 05:02:46','2016-05-30 05:02:46'),(8487,696,180,'2016-05-30','2016-05-30 05:00:00','2016-05-30 06:00:00',NULL,NULL,NULL,'2016-05-30 05:02:47','2016-05-30 05:02:47'),(8488,696,174,'2016-05-30','2016-05-30 05:00:00','2016-05-30 06:00:00',NULL,NULL,NULL,'2016-05-30 05:02:47','2016-05-30 05:02:47'),(8489,701,182,'2016-05-30','2016-05-30 05:00:00','2016-05-30 06:00:00',NULL,NULL,NULL,'2016-05-30 05:02:47','2016-05-30 05:02:47'),(8490,701,201,'2016-05-30','2016-05-30 22:00:00','2016-05-30 23:00:00',NULL,NULL,NULL,'2016-05-30 22:10:32','2016-05-30 22:10:32'),(8491,696,192,'2016-05-31','2016-05-31 00:00:00','2016-05-31 01:00:00',NULL,NULL,NULL,'2016-05-31 00:02:17','2016-05-31 00:02:17'),(8492,696,187,'2016-05-31','2016-05-31 00:00:00','2016-05-31 01:00:00',NULL,NULL,NULL,'2016-05-31 00:02:17','2016-05-31 00:02:17'),(8493,696,174,'2016-05-31','2016-05-31 00:00:00','2016-05-31 01:00:00',NULL,NULL,NULL,'2016-05-31 00:02:17','2016-05-31 00:02:17'),(8494,696,173,'2016-05-31','2016-05-31 00:00:00','2016-05-31 01:00:00',NULL,NULL,NULL,'2016-05-31 00:02:18','2016-05-31 00:02:18'),(8495,701,197,'2016-05-31','2016-05-31 00:00:00','2016-05-31 01:00:00',NULL,NULL,NULL,'2016-05-31 00:02:18','2016-05-31 00:02:18'),(8496,701,202,'2016-05-31','2016-05-31 00:00:00','2016-05-31 01:00:00',NULL,NULL,NULL,'2016-05-31 00:02:18','2016-05-31 00:02:18'),(8497,701,201,'2016-05-31','2016-05-31 05:00:00','2016-05-31 06:00:00',NULL,NULL,NULL,'2016-05-31 05:02:45','2016-05-31 05:02:45'),(8498,696,188,'2016-05-31','2016-05-31 06:00:00','2016-05-31 07:00:00',NULL,NULL,NULL,'2016-05-31 06:03:05','2016-05-31 06:03:05'),(8499,696,193,'2016-05-31','2016-05-31 07:00:00','2016-05-31 08:00:00',NULL,NULL,NULL,'2016-05-31 07:02:51','2016-05-31 07:02:51'),(8500,701,184,'2016-05-31','2016-05-31 07:00:00','2016-05-31 08:00:00',NULL,NULL,NULL,'2016-05-31 07:02:51','2016-05-31 07:02:51'),(8501,701,204,'2016-05-31','2016-05-31 07:00:00','2016-05-31 08:00:00',NULL,NULL,NULL,'2016-05-31 07:02:52','2016-05-31 07:02:52'),(8502,696,190,'2016-05-31','2016-05-31 07:00:00','2016-05-31 08:00:00',NULL,NULL,NULL,'2016-05-31 07:02:52','2016-05-31 07:02:52'),(8503,696,183,'2016-05-31','2016-05-31 07:00:00','2016-05-31 08:00:00',NULL,NULL,NULL,'2016-05-31 07:02:52','2016-05-31 07:02:52'),(8504,696,194,'2016-05-31','2016-05-31 07:00:00','2016-05-31 08:00:00',NULL,NULL,NULL,'2016-05-31 07:02:52','2016-05-31 07:02:52'),(8505,696,181,'2016-05-31','2016-05-31 08:00:00','2016-05-31 09:00:00',NULL,NULL,NULL,'2016-05-31 08:01:42','2016-05-31 08:01:42'),(8506,696,189,'2016-05-31','2016-05-31 08:00:00','2016-05-31 09:00:00',NULL,NULL,NULL,'2016-05-31 08:01:43','2016-05-31 08:01:43'),(8507,700,185,'2016-05-31','2016-05-31 08:00:00','2016-05-31 09:00:00',NULL,NULL,NULL,'2016-05-31 08:01:43','2016-05-31 08:01:43'),(8508,701,182,'2016-05-31','2016-05-31 08:00:00','2016-05-31 09:00:00',NULL,NULL,NULL,'2016-05-31 08:01:43','2016-05-31 08:01:43'),(8509,696,191,'2016-05-31','2016-05-31 08:00:00','2016-05-31 09:00:00',NULL,NULL,NULL,'2016-05-31 08:01:43','2016-05-31 08:01:43'),(8510,696,196,'2016-05-31','2016-05-31 23:00:00','2016-06-01 00:00:00',NULL,NULL,NULL,'2016-05-31 23:02:46','2016-05-31 23:02:46'),(8511,701,182,'2016-06-01','2016-06-01 00:00:00','2016-06-01 01:00:00',NULL,NULL,NULL,'2016-06-01 00:02:05','2016-06-01 00:02:05'),(8512,696,192,'2016-06-01','2016-06-01 00:00:00','2016-06-01 01:00:00',NULL,NULL,NULL,'2016-06-01 00:02:05','2016-06-01 00:02:05'),(8513,696,173,'2016-06-01','2016-06-01 00:00:00','2016-06-01 01:00:00',NULL,NULL,NULL,'2016-06-01 00:02:05','2016-06-01 00:02:05'),(8514,696,181,'2016-06-01','2016-06-01 00:00:00','2016-06-01 01:00:00',NULL,NULL,NULL,'2016-06-01 00:02:05','2016-06-01 00:02:05'),(8515,696,190,'2016-06-01','2016-06-01 00:00:00','2016-06-01 01:00:00',NULL,NULL,NULL,'2016-06-01 00:02:06','2016-06-01 00:02:06'),(8516,701,202,'2016-06-01','2016-06-01 00:00:00','2016-06-01 01:00:00',NULL,NULL,NULL,'2016-06-01 00:02:06','2016-06-01 00:02:06'),(8517,701,203,'2016-06-01','2016-06-01 01:00:00','2016-06-01 02:00:00',NULL,NULL,NULL,'2016-06-01 01:03:19','2016-06-01 01:03:19'),(8518,696,188,'2016-06-01','2016-06-01 06:00:00','2016-06-01 07:00:00',NULL,NULL,NULL,'2016-06-01 06:03:38','2016-06-01 06:03:38'),(8519,701,204,'2016-06-01','2016-06-01 07:00:00','2016-06-01 08:00:00',NULL,NULL,NULL,'2016-06-01 07:02:57','2016-06-01 07:02:57'),(8520,701,184,'2016-06-01','2016-06-01 07:00:00','2016-06-01 08:00:00',NULL,NULL,NULL,'2016-06-01 07:02:57','2016-06-01 07:02:57'),(8521,696,183,'2016-06-01','2016-06-01 07:00:00','2016-06-01 08:00:00',NULL,NULL,NULL,'2016-06-01 07:02:57','2016-06-01 07:02:57'),(8522,696,193,'2016-06-01','2016-06-01 07:00:00','2016-06-01 08:00:00',NULL,NULL,NULL,'2016-06-01 07:02:57','2016-06-01 07:02:57'),(8523,696,194,'2016-06-01','2016-06-01 07:00:00','2016-06-01 08:00:00',NULL,NULL,NULL,'2016-06-01 07:02:57','2016-06-01 07:02:57'),(8524,696,174,'2016-06-01','2016-06-01 07:00:00','2016-06-01 08:00:00',NULL,NULL,NULL,'2016-06-01 07:02:57','2016-06-01 07:02:57'),(8525,701,197,'2016-06-01','2016-06-01 08:00:00','2016-06-01 09:00:00',NULL,NULL,NULL,'2016-06-01 08:01:59','2016-06-01 08:01:59'),(8526,696,189,'2016-06-01','2016-06-01 08:00:00','2016-06-01 09:00:00',NULL,NULL,NULL,'2016-06-01 08:02:00','2016-06-01 08:02:00'),(8527,700,185,'2016-06-01','2016-06-01 08:00:00','2016-06-01 09:00:00',NULL,NULL,NULL,'2016-06-01 08:02:00','2016-06-01 08:02:00'),(8528,696,196,'2016-06-01','2016-06-01 23:00:00','2016-06-02 00:00:00',NULL,NULL,NULL,'2016-06-01 23:05:17','2016-06-01 23:05:17'),(8529,696,180,'2016-06-01','2016-06-01 23:00:00','2016-06-02 00:00:00',NULL,NULL,NULL,'2016-06-01 23:05:18','2016-06-01 23:05:18'),(8530,696,191,'2016-06-01','2016-06-01 23:00:00','2016-06-02 00:00:00',NULL,NULL,NULL,'2016-06-01 23:05:19','2016-06-01 23:05:19'),(8531,701,197,'2016-06-02','2016-06-02 00:00:00','2016-06-02 01:00:00',NULL,NULL,NULL,'2016-06-02 00:02:30','2016-06-02 00:02:30'),(8532,696,174,'2016-06-02','2016-06-02 00:00:00','2016-06-02 01:00:00',NULL,NULL,NULL,'2016-06-02 00:02:31','2016-06-02 00:02:31'),(8533,696,173,'2016-06-02','2016-06-02 00:00:00','2016-06-02 01:00:00',NULL,NULL,NULL,'2016-06-02 00:02:31','2016-06-02 00:02:31'),(8534,696,187,'2016-06-02','2016-06-02 00:00:00','2016-06-02 01:00:00',NULL,NULL,NULL,'2016-06-02 00:02:31','2016-06-02 00:02:31'),(8535,701,203,'2016-06-02','2016-06-02 01:00:00','2016-06-02 02:00:00',NULL,NULL,NULL,'2016-06-02 01:05:33','2016-06-02 01:05:33'),(8536,701,202,'2016-06-02','2016-06-02 01:00:00','2016-06-02 02:00:00',NULL,NULL,NULL,'2016-06-02 01:05:33','2016-06-02 01:05:33'),(8537,696,188,'2016-06-02','2016-06-02 06:00:00','2016-06-02 07:00:00',NULL,NULL,NULL,'2016-06-02 06:03:16','2016-06-02 06:03:16'),(8538,702,171,'2016-06-02','2016-06-02 06:00:00','2016-06-02 07:00:00',NULL,NULL,NULL,'2016-06-02 06:03:16','2016-06-02 06:03:16'),(8539,701,184,'2016-06-02','2016-06-02 07:00:00','2016-06-02 08:00:00',NULL,NULL,NULL,'2016-06-02 07:02:22','2016-06-02 07:02:22'),(8540,696,193,'2016-06-02','2016-06-02 07:00:00','2016-06-02 08:00:00',NULL,NULL,NULL,'2016-06-02 07:02:22','2016-06-02 07:02:22'),(8541,696,194,'2016-06-02','2016-06-02 07:00:00','2016-06-02 08:00:00',NULL,NULL,NULL,'2016-06-02 07:02:22','2016-06-02 07:02:22'),(8542,696,190,'2016-06-02','2016-06-02 08:00:00','2016-06-02 09:00:00',NULL,NULL,NULL,'2016-06-02 08:01:29','2016-06-02 08:01:29'),(8543,701,204,'2016-06-02','2016-06-02 08:00:00','2016-06-02 09:00:00',NULL,NULL,NULL,'2016-06-02 08:01:29','2016-06-02 08:01:29'),(8544,696,180,'2016-06-02','2016-06-02 08:00:00','2016-06-02 09:00:00',NULL,NULL,NULL,'2016-06-02 08:01:29','2016-06-02 08:01:29'),(8545,696,191,'2016-06-02','2016-06-02 08:00:00','2016-06-02 09:00:00',NULL,NULL,NULL,'2016-06-02 08:01:29','2016-06-02 08:01:29'),(8546,696,189,'2016-06-02','2016-06-02 08:00:00','2016-06-02 09:00:00',NULL,NULL,NULL,'2016-06-02 08:01:29','2016-06-02 08:01:29'),(8547,701,182,'2016-06-02','2016-06-02 08:00:00','2016-06-02 09:00:00',NULL,NULL,NULL,'2016-06-02 08:01:29','2016-06-02 08:01:29'),(8548,700,185,'2016-06-02','2016-06-02 08:00:00','2016-06-02 09:00:00',NULL,NULL,NULL,'2016-06-02 08:01:29','2016-06-02 08:01:29'),(8549,696,183,'2016-06-02','2016-06-02 08:00:00','2016-06-02 09:00:00',NULL,NULL,NULL,'2016-06-02 08:01:30','2016-06-02 08:01:30'),(8550,696,196,'2016-06-02','2016-06-02 23:00:00','2016-06-03 00:00:00',NULL,NULL,NULL,'2016-06-02 23:02:06','2016-06-02 23:02:06'),(8551,696,174,'2016-06-03','2016-06-03 00:00:00','2016-06-03 01:00:00',NULL,NULL,NULL,'2016-06-03 00:02:17','2016-06-03 00:02:17'),(8552,696,187,'2016-06-03','2016-06-03 00:00:00','2016-06-03 01:00:00',NULL,NULL,NULL,'2016-06-03 00:02:17','2016-06-03 00:02:17'),(8553,701,202,'2016-06-03','2016-06-03 00:00:00','2016-06-03 01:00:00',NULL,NULL,NULL,'2016-06-03 00:02:17','2016-06-03 00:02:17'),(8554,696,181,'2016-06-03','2016-06-03 00:00:00','2016-06-03 01:00:00',NULL,NULL,NULL,'2016-06-03 00:02:17','2016-06-03 00:02:17'),(8555,701,182,'2016-06-03','2016-06-03 01:00:00','2016-06-03 02:00:00',NULL,NULL,NULL,'2016-06-03 01:02:47','2016-06-03 01:02:47'),(8556,696,173,'2016-06-03','2016-06-03 01:00:00','2016-06-03 02:00:00',NULL,NULL,NULL,'2016-06-03 01:02:47','2016-06-03 01:02:47'),(8557,701,203,'2016-06-03','2016-06-03 01:00:00','2016-06-03 02:00:00',NULL,NULL,NULL,'2016-06-03 01:02:47','2016-06-03 01:02:47'),(8558,696,183,'2016-06-03','2016-06-03 05:00:00','2016-06-03 06:00:00',NULL,NULL,NULL,'2016-06-03 05:03:14','2016-06-03 05:03:14'),(8559,696,188,'2016-06-03','2016-06-03 06:00:00','2016-06-03 07:00:00',NULL,NULL,NULL,'2016-06-03 06:03:15','2016-06-03 06:03:15'),(8560,696,190,'2016-06-03','2016-06-03 07:00:00','2016-06-03 08:00:00',NULL,NULL,NULL,'2016-06-03 07:03:11','2016-06-03 07:03:11'),(8561,701,184,'2016-06-03','2016-06-03 07:00:00','2016-06-03 08:00:00',NULL,NULL,NULL,'2016-06-03 07:03:11','2016-06-03 07:03:11'),(8562,696,193,'2016-06-03','2016-06-03 07:00:00','2016-06-03 08:00:00',NULL,NULL,NULL,'2016-06-03 07:03:11','2016-06-03 07:03:11'),(8563,696,194,'2016-06-03','2016-06-03 07:00:00','2016-06-03 08:00:00',NULL,NULL,NULL,'2016-06-03 07:03:11','2016-06-03 07:03:11'),(8564,700,185,'2016-06-03','2016-06-03 07:00:00','2016-06-03 08:00:00',NULL,NULL,NULL,'2016-06-03 07:03:11','2016-06-03 07:03:11'),(8565,696,196,'2016-06-03','2016-06-03 08:00:00','2016-06-03 09:00:00',NULL,NULL,NULL,'2016-06-03 08:04:55','2016-06-03 08:04:55'),(8566,696,180,'2016-06-03','2016-06-03 08:00:00','2016-06-03 09:00:00',NULL,NULL,NULL,'2016-06-03 08:04:55','2016-06-03 08:04:55'),(8567,696,191,'2016-06-03','2016-06-03 08:00:00','2016-06-03 09:00:00',NULL,NULL,NULL,'2016-06-03 08:04:55','2016-06-03 08:04:55'),(8568,696,189,'2016-06-03','2016-06-03 08:00:00','2016-06-03 09:00:00',NULL,NULL,NULL,'2016-06-03 08:04:55','2016-06-03 08:04:55'),(8569,701,197,'2016-06-03','2016-06-03 08:00:00','2016-06-03 09:00:00',NULL,NULL,NULL,'2016-06-03 08:04:55','2016-06-03 08:04:55'),(8570,701,204,'2016-06-03','2016-06-03 13:00:00','2016-06-03 14:00:00',NULL,NULL,NULL,'2016-06-03 13:07:23','2016-06-03 13:07:23'),(8571,696,188,'2016-06-05','2016-06-05 22:00:00','2016-06-05 23:00:00',NULL,NULL,NULL,'2016-06-05 22:08:19','2016-06-05 22:08:19'),(8572,701,184,'2016-06-05','2016-06-05 22:00:00','2016-06-05 23:00:00',NULL,NULL,NULL,'2016-06-05 22:08:19','2016-06-05 22:08:19'),(8573,696,196,'2016-06-05','2016-06-05 23:00:00','2016-06-06 00:00:00',NULL,NULL,NULL,'2016-06-05 23:02:14','2016-06-05 23:02:14'),(8574,696,190,'2016-06-05','2016-06-05 23:00:00','2016-06-06 00:00:00',NULL,NULL,NULL,'2016-06-05 23:02:14','2016-06-05 23:02:14'),(8575,696,180,'2016-06-05','2016-06-05 23:00:00','2016-06-06 00:00:00',NULL,NULL,NULL,'2016-06-05 23:02:15','2016-06-05 23:02:15'),(8576,696,174,'2016-06-05','2016-06-05 23:00:00','2016-06-06 00:00:00',NULL,NULL,NULL,'2016-06-05 23:02:15','2016-06-05 23:02:15'),(8577,696,191,'2016-06-05','2016-06-05 23:00:00','2016-06-06 00:00:00',NULL,NULL,NULL,'2016-06-05 23:02:15','2016-06-05 23:02:15'),(8578,696,189,'2016-06-05','2016-06-05 23:00:00','2016-06-06 00:00:00',NULL,NULL,NULL,'2016-06-05 23:02:15','2016-06-05 23:02:15'),(8579,700,185,'2016-06-05','2016-06-05 23:00:00','2016-06-06 00:00:00',NULL,NULL,NULL,'2016-06-05 23:02:15','2016-06-05 23:02:15'),(8580,703,182,'2016-06-06','2016-06-06 00:00:00','2016-06-06 01:00:00',NULL,NULL,NULL,'2016-06-06 00:02:34','2016-06-06 00:02:34'),(8581,704,180,'2016-06-06','2016-06-06 00:00:00','2016-06-06 01:00:00',NULL,NULL,NULL,'2016-06-06 00:02:34','2016-06-06 00:02:34'),(8582,704,196,'2016-06-06','2016-06-06 00:00:00','2016-06-06 01:00:00',NULL,NULL,NULL,'2016-06-06 00:02:34','2016-06-06 00:02:34'),(8583,704,183,'2016-06-06','2016-06-06 00:00:00','2016-06-06 01:00:00',NULL,NULL,NULL,'2016-06-06 00:02:34','2016-06-06 00:02:34'),(8584,703,204,'2016-06-06','2016-06-06 00:00:00','2016-06-06 01:00:00',NULL,NULL,NULL,'2016-06-06 00:02:35','2016-06-06 00:02:35'),(8585,704,181,'2016-06-06','2016-06-06 00:00:00','2016-06-06 01:00:00',NULL,NULL,NULL,'2016-06-06 00:02:35','2016-06-06 00:02:35'),(8586,704,173,'2016-06-06','2016-06-06 00:00:00','2016-06-06 01:00:00',NULL,NULL,NULL,'2016-06-06 00:02:35','2016-06-06 00:02:35'),(8587,704,187,'2016-06-06','2016-06-06 00:00:00','2016-06-06 01:00:00',NULL,NULL,NULL,'2016-06-06 00:02:35','2016-06-06 00:02:35'),(8588,703,203,'2016-06-06','2016-06-06 00:00:00','2016-06-06 01:00:00',NULL,NULL,NULL,'2016-06-06 00:02:36','2016-06-06 00:02:36'),(8589,703,202,'2016-06-06','2016-06-06 01:00:00','2016-06-06 02:00:00',NULL,NULL,NULL,'2016-06-06 01:02:31','2016-06-06 01:02:31'),(8590,704,190,'2016-06-06','2016-06-06 01:00:00','2016-06-06 02:00:00',NULL,NULL,NULL,'2016-06-06 01:02:31','2016-06-06 01:02:31'),(8591,704,193,'2016-06-06','2016-06-06 01:00:00','2016-06-06 02:00:00',NULL,NULL,NULL,'2016-06-06 01:02:31','2016-06-06 01:02:31'),(8592,705,168,'2016-06-06','2016-06-06 02:00:00','2016-06-06 03:00:00',NULL,NULL,NULL,'2016-06-06 02:04:43','2016-06-06 02:04:43'),(8593,705,185,'2016-06-06','2016-06-06 02:00:00','2016-06-06 03:00:00',NULL,NULL,NULL,'2016-06-06 02:04:43','2016-06-06 02:04:43'),(8594,704,188,'2016-06-06','2016-06-06 06:00:00','2016-06-06 07:00:00',NULL,NULL,NULL,'2016-06-06 06:02:53','2016-06-06 06:02:53'),(8595,703,184,'2016-06-06','2016-06-06 07:00:00','2016-06-06 08:00:00',NULL,NULL,NULL,'2016-06-06 07:02:52','2016-06-06 07:02:52'),(8596,704,174,'2016-06-06','2016-06-06 07:00:00','2016-06-06 08:00:00',NULL,NULL,NULL,'2016-06-06 07:02:52','2016-06-06 07:02:52'),(8597,704,191,'2016-06-06','2016-06-06 08:00:00','2016-06-06 09:00:00',NULL,NULL,NULL,'2016-06-06 08:05:10','2016-06-06 08:05:10'),(8598,704,194,'2016-06-06','2016-06-06 23:00:00','2016-06-07 00:00:00',NULL,NULL,NULL,'2016-06-06 23:02:55','2016-06-06 23:02:55'),(8599,703,201,'2016-06-06','2016-06-06 23:00:00','2016-06-07 00:00:00',NULL,NULL,NULL,'2016-06-06 23:02:56','2016-06-06 23:02:56'),(8600,703,176,'2016-06-06','2016-06-06 23:00:00','2016-06-07 00:00:00',NULL,NULL,NULL,'2016-06-06 23:02:56','2016-06-06 23:02:56'),(8601,704,189,'2016-06-06','2016-06-06 23:00:00','2016-06-07 00:00:00',NULL,NULL,NULL,'2016-06-06 23:02:56','2016-06-06 23:02:56'),(8602,704,190,'2016-06-07','2016-06-07 00:00:00','2016-06-07 01:00:00',NULL,NULL,NULL,'2016-06-07 00:02:27','2016-06-07 00:02:27'),(8603,704,192,'2016-06-07','2016-06-07 00:00:00','2016-06-07 01:00:00',NULL,NULL,NULL,'2016-06-07 00:02:27','2016-06-07 00:02:27'),(8604,704,174,'2016-06-07','2016-06-07 00:00:00','2016-06-07 01:00:00',NULL,NULL,NULL,'2016-06-07 00:02:27','2016-06-07 00:02:27'),(8605,704,173,'2016-06-07','2016-06-07 00:00:00','2016-06-07 01:00:00',NULL,NULL,NULL,'2016-06-07 00:02:27','2016-06-07 00:02:27'),(8606,703,176,'2016-06-07','2016-06-07 00:00:00','2016-06-07 01:00:00',NULL,NULL,NULL,'2016-06-07 00:02:27','2016-06-07 00:02:27'),(8607,704,187,'2016-06-07','2016-06-07 00:00:00','2016-06-07 01:00:00',NULL,NULL,NULL,'2016-06-07 00:02:28','2016-06-07 00:02:28'),(8608,703,202,'2016-06-07','2016-06-07 00:00:00','2016-06-07 01:00:00',NULL,NULL,NULL,'2016-06-07 00:02:28','2016-06-07 00:02:28'),(8609,704,194,'2016-06-07','2016-06-07 01:00:00','2016-06-07 02:00:00',NULL,NULL,NULL,'2016-06-07 01:02:51','2016-06-07 01:02:51'),(8610,703,184,'2016-06-07','2016-06-07 05:00:00','2016-06-07 06:00:00',NULL,NULL,NULL,'2016-06-07 05:02:42','2016-06-07 05:02:42'),(8611,704,188,'2016-06-07','2016-06-07 06:00:00','2016-06-07 07:00:00',NULL,NULL,NULL,'2016-06-07 06:02:51','2016-06-07 06:02:51'),(8612,703,201,'2016-06-07','2016-06-07 07:00:00','2016-06-07 08:00:00',NULL,NULL,NULL,'2016-06-07 07:02:36','2016-06-07 07:02:36'),(8613,704,196,'2016-06-07','2016-06-07 07:00:00','2016-06-07 08:00:00',NULL,NULL,NULL,'2016-06-07 07:02:36','2016-06-07 07:02:36'),(8614,704,180,'2016-06-07','2016-06-07 08:00:00','2016-06-07 09:00:00',NULL,NULL,NULL,'2016-06-07 08:01:38','2016-06-07 08:01:38'),(8615,704,181,'2016-06-07','2016-06-07 08:00:00','2016-06-07 09:00:00',NULL,NULL,NULL,'2016-06-07 08:01:38','2016-06-07 08:01:38'),(8616,704,191,'2016-06-07','2016-06-07 08:00:00','2016-06-07 09:00:00',NULL,NULL,NULL,'2016-06-07 08:01:38','2016-06-07 08:01:38'),(8617,705,185,'2016-06-07','2016-06-07 08:00:00','2016-06-07 09:00:00',NULL,NULL,NULL,'2016-06-07 08:01:38','2016-06-07 08:01:38'),(8618,704,193,'2016-06-07','2016-06-07 08:00:00','2016-06-07 09:00:00',NULL,NULL,NULL,'2016-06-07 08:01:38','2016-06-07 08:01:38'),(8619,703,182,'2016-06-07','2016-06-07 08:00:00','2016-06-07 09:00:00',NULL,NULL,NULL,'2016-06-07 08:01:39','2016-06-07 08:01:39'),(8620,704,189,'2016-06-07','2016-06-07 23:00:00','2016-06-08 00:00:00',NULL,NULL,NULL,'2016-06-07 23:03:39','2016-06-07 23:03:39'),(8621,704,183,'2016-06-07','2016-06-07 23:00:00','2016-06-08 00:00:00',NULL,NULL,NULL,'2016-06-07 23:03:39','2016-06-07 23:03:39'),(8622,704,173,'2016-06-08','2016-06-08 00:00:00','2016-06-08 01:00:00',NULL,NULL,NULL,'2016-06-08 00:02:36','2016-06-08 00:02:36'),(8623,704,189,'2016-06-08','2016-06-08 00:00:00','2016-06-08 01:00:00',NULL,NULL,NULL,'2016-06-08 00:02:36','2016-06-08 00:02:36'),(8624,704,192,'2016-06-08','2016-06-08 00:00:00','2016-06-08 01:00:00',NULL,NULL,NULL,'2016-06-08 00:02:37','2016-06-08 00:02:37'),(8625,704,187,'2016-06-08','2016-06-08 00:00:00','2016-06-08 01:00:00',NULL,NULL,NULL,'2016-06-08 00:02:37','2016-06-08 00:02:37'),(8626,703,184,'2016-06-08','2016-06-08 00:15:00','2016-06-08 01:15:00',NULL,NULL,NULL,'2016-06-08 00:15:10','2016-06-08 00:15:10'),(8627,703,203,'2016-06-08','2016-06-08 01:00:00','2016-06-08 02:00:00',NULL,NULL,NULL,'2016-06-08 01:01:34','2016-06-08 01:01:34'),(8628,704,174,'2016-06-08','2016-06-08 02:15:00','2016-06-08 03:15:00',NULL,NULL,NULL,'2016-06-08 02:20:14','2016-06-08 02:20:14'),(8629,704,188,'2016-06-08','2016-06-08 05:15:00','2016-06-08 06:15:00',NULL,NULL,NULL,'2016-06-08 05:15:16','2016-06-08 05:15:16'),(8630,703,201,'2016-06-08','2016-06-08 06:15:00','2016-06-08 07:15:00',NULL,NULL,NULL,'2016-06-08 06:20:08','2016-06-08 06:20:08'),(8631,703,202,'2016-06-08','2016-06-08 06:45:00','2016-06-08 07:45:00',NULL,NULL,NULL,'2016-06-08 06:50:23','2016-06-08 06:50:23'),(8632,704,193,'2016-06-08','2016-06-08 07:00:00','2016-06-08 08:00:00',NULL,NULL,NULL,'2016-06-08 07:01:42','2016-06-08 07:01:42'),(8633,703,176,'2016-06-08','2016-06-08 07:00:00','2016-06-08 08:00:00',NULL,NULL,NULL,'2016-06-08 07:01:42','2016-06-08 07:01:42'),(8634,704,194,'2016-06-08','2016-06-08 07:00:00','2016-06-08 08:00:00',NULL,NULL,NULL,'2016-06-08 07:04:31','2016-06-08 07:04:31'),(8635,704,191,'2016-06-08','2016-06-08 07:15:00','2016-06-08 08:15:00',NULL,NULL,NULL,'2016-06-08 07:20:09','2016-06-08 07:20:09'),(8636,704,180,'2016-06-08','2016-06-08 07:15:00','2016-06-08 08:15:00',NULL,NULL,NULL,'2016-06-08 07:20:09','2016-06-08 07:20:09'),(8637,704,190,'2016-06-08','2016-06-08 07:30:00','2016-06-08 08:30:00',NULL,NULL,NULL,'2016-06-08 07:30:51','2016-06-08 07:30:51'),(8638,705,185,'2016-06-08','2016-06-08 07:30:00','2016-06-08 08:30:00',NULL,NULL,NULL,'2016-06-08 07:35:11','2016-06-08 07:35:11'),(8639,703,182,'2016-06-08','2016-06-08 07:45:00','2016-06-08 08:45:00',NULL,NULL,NULL,'2016-06-08 07:50:08','2016-06-08 07:50:08'),(8640,704,183,'2016-06-08','2016-06-08 08:00:00','2016-06-08 09:00:00',NULL,NULL,NULL,'2016-06-08 08:01:16','2016-06-08 08:01:16'),(8641,704,196,'2016-06-08','2016-06-08 22:30:00','2016-06-08 23:30:00',NULL,NULL,NULL,'2016-06-08 22:35:16','2016-06-08 22:35:16'),(8642,703,197,'2016-06-08','2016-06-08 23:30:00','2016-06-09 00:30:00',NULL,NULL,NULL,'2016-06-08 23:30:13','2016-06-08 23:30:13'),(8643,703,202,'2016-06-09','2016-06-09 00:00:00','2016-06-09 01:00:00',NULL,NULL,NULL,'2016-06-09 00:05:37','2016-06-09 00:05:37'),(8644,703,203,'2016-06-09','2016-06-09 00:00:00','2016-06-09 01:00:00',NULL,NULL,NULL,'2016-06-09 00:10:13','2016-06-09 00:10:13'),(8645,704,174,'2016-06-09','2016-06-09 01:15:00','2016-06-09 02:15:00',NULL,NULL,NULL,'2016-06-09 01:15:17','2016-06-09 01:15:17'),(8646,704,190,'2016-06-09','2016-06-09 01:15:00','2016-06-09 02:15:00',NULL,NULL,NULL,'2016-06-09 01:15:17','2016-06-09 01:15:17'),(8647,704,183,'2016-06-09','2016-06-09 01:30:00','2016-06-09 02:30:00',NULL,NULL,NULL,'2016-06-09 01:35:11','2016-06-09 01:35:11'),(8648,704,188,'2016-06-09','2016-06-09 05:00:00','2016-06-09 06:00:00',NULL,NULL,NULL,'2016-06-09 05:10:11','2016-06-09 05:10:11'),(8649,703,197,'2016-06-09','2016-06-09 06:00:00','2016-06-09 07:00:00',NULL,NULL,NULL,'2016-06-09 06:02:07','2016-06-09 06:02:07'),(8650,703,176,'2016-06-09','2016-06-09 06:30:00','2016-06-09 07:30:00',NULL,NULL,NULL,'2016-06-09 06:35:15','2016-06-09 06:35:15'),(8651,703,184,'2016-06-09','2016-06-09 06:45:00','2016-06-09 07:45:00',NULL,NULL,NULL,'2016-06-09 06:55:15','2016-06-09 06:55:15'),(8652,704,193,'2016-06-09','2016-06-09 07:00:00','2016-06-09 08:00:00',NULL,NULL,NULL,'2016-06-09 07:01:37','2016-06-09 07:01:37'),(8653,704,194,'2016-06-09','2016-06-09 07:00:00','2016-06-09 08:00:00',NULL,NULL,NULL,'2016-06-09 07:02:47','2016-06-09 07:02:47'),(8654,703,201,'2016-06-09','2016-06-09 07:15:00','2016-06-09 08:15:00',NULL,NULL,NULL,'2016-06-09 07:15:16','2016-06-09 07:15:16'),(8655,704,180,'2016-06-09','2016-06-09 07:15:00','2016-06-09 08:15:00',NULL,NULL,NULL,'2016-06-09 07:20:07','2016-06-09 07:20:07'),(8656,704,191,'2016-06-09','2016-06-09 07:15:00','2016-06-09 08:15:00',NULL,NULL,NULL,'2016-06-09 07:20:07','2016-06-09 07:20:07'),(8657,704,189,'2016-06-09','2016-06-09 07:30:00','2016-06-09 08:30:00',NULL,NULL,NULL,'2016-06-09 07:30:51','2016-06-09 07:30:51'),(8658,703,182,'2016-06-09','2016-06-09 07:30:00','2016-06-09 08:30:00',NULL,NULL,NULL,'2016-06-09 07:35:09','2016-06-09 07:35:09'),(8659,705,185,'2016-06-09','2016-06-09 07:45:00','2016-06-09 08:45:00',NULL,NULL,NULL,'2016-06-09 07:45:16','2016-06-09 07:45:16'),(8660,704,192,'2016-06-09','2016-06-09 07:45:00','2016-06-09 08:45:00',NULL,NULL,NULL,'2016-06-09 07:50:10','2016-06-09 07:50:10'),(8661,704,173,'2016-06-09','2016-06-09 08:00:00','2016-06-09 09:00:00',NULL,NULL,NULL,'2016-06-09 08:00:39','2016-06-09 08:00:39'),(8662,704,187,'2016-06-09','2016-06-09 08:15:00','2016-06-09 09:15:00',NULL,NULL,NULL,'2016-06-09 08:15:15','2016-06-09 08:15:15'),(8663,704,196,'2016-06-09','2016-06-09 22:30:00','2016-06-09 23:30:00',NULL,NULL,NULL,'2016-06-09 22:35:05','2016-06-09 22:35:05'),(8664,703,204,'2016-06-09','2016-06-09 22:45:00','2016-06-09 23:45:00',NULL,NULL,NULL,'2016-06-09 22:45:12','2016-06-09 22:45:12'),(8665,703,202,'2016-06-10','2016-06-10 01:00:00','2016-06-10 02:00:00',NULL,NULL,NULL,'2016-06-10 01:05:09','2016-06-10 01:05:09'),(8666,704,183,'2016-06-10','2016-06-10 05:00:00','2016-06-10 06:00:00',NULL,NULL,NULL,'2016-06-10 05:10:11','2016-06-10 05:10:11'),(8667,704,188,'2016-06-10','2016-06-10 05:00:00','2016-06-10 06:00:00',NULL,NULL,NULL,'2016-06-10 05:10:11','2016-06-10 05:10:11'),(8668,703,184,'2016-06-10','2016-06-10 07:00:00','2016-06-10 08:00:00',NULL,NULL,NULL,'2016-06-10 07:01:30','2016-06-10 07:01:30'),(8669,704,196,'2016-06-10','2016-06-10 07:00:00','2016-06-10 08:00:00',NULL,NULL,NULL,'2016-06-10 07:01:30','2016-06-10 07:01:30'),(8670,704,193,'2016-06-10','2016-06-10 07:00:00','2016-06-10 08:00:00',NULL,NULL,NULL,'2016-06-10 07:01:30','2016-06-10 07:01:30'),(8671,704,194,'2016-06-10','2016-06-10 07:00:00','2016-06-10 08:00:00',NULL,NULL,NULL,'2016-06-10 07:01:30','2016-06-10 07:01:30'),(8672,704,191,'2016-06-10','2016-06-10 07:15:00','2016-06-10 08:15:00',NULL,NULL,NULL,'2016-06-10 07:20:07','2016-06-10 07:20:07'),(8673,703,197,'2016-06-10','2016-06-10 07:15:00','2016-06-10 08:15:00',NULL,NULL,NULL,'2016-06-10 07:20:07','2016-06-10 07:20:07'),(8674,704,190,'2016-06-10','2016-06-10 07:30:00','2016-06-10 08:30:00',NULL,NULL,NULL,'2016-06-10 07:35:11','2016-06-10 07:35:11'),(8675,703,182,'2016-06-10','2016-06-10 07:30:00','2016-06-10 08:30:00',NULL,NULL,NULL,'2016-06-10 07:35:11','2016-06-10 07:35:11'),(8676,705,185,'2016-06-10','2016-06-10 07:30:00','2016-06-10 08:30:00',NULL,NULL,NULL,'2016-06-10 07:40:07','2016-06-10 07:40:07'),(8677,704,192,'2016-06-10','2016-06-10 07:45:00','2016-06-10 08:45:00',NULL,NULL,NULL,'2016-06-10 07:45:09','2016-06-10 07:45:09'),(8678,704,173,'2016-06-10','2016-06-10 08:00:00','2016-06-10 09:00:00',NULL,NULL,NULL,'2016-06-10 08:00:53','2016-06-10 08:00:53'),(8679,704,187,'2016-06-10','2016-06-10 08:00:00','2016-06-10 09:00:00',NULL,NULL,NULL,'2016-06-10 08:00:53','2016-06-10 08:00:53'),(8680,706,176,'2016-06-13','2016-06-13 15:00:00','2016-06-13 16:00:00',NULL,NULL,NULL,'2016-06-13 15:13:26','2016-06-13 15:13:26'),(8681,706,204,'2016-06-13','2016-06-13 15:00:00','2016-06-13 16:00:00',NULL,NULL,NULL,'2016-06-13 15:13:26','2016-06-13 15:13:26'),(8682,707,188,'2016-06-13','2016-06-13 21:00:00','2016-06-13 22:00:00',NULL,NULL,NULL,'2016-06-13 21:05:31','2016-06-13 21:05:31'),(8683,706,184,'2016-06-13','2016-06-13 22:00:00','2016-06-13 23:00:00',NULL,NULL,NULL,'2016-06-13 22:03:50','2016-06-13 22:03:50'),(8684,707,196,'2016-06-13','2016-06-13 22:30:00','2016-06-13 23:30:00',NULL,NULL,NULL,'2016-06-13 22:35:14','2016-06-13 22:35:14'),(8685,707,193,'2016-06-13','2016-06-13 22:30:00','2016-06-13 23:30:00',NULL,NULL,NULL,'2016-06-13 22:35:14','2016-06-13 22:35:14'),(8686,706,182,'2016-06-13','2016-06-13 22:30:00','2016-06-13 23:30:00',NULL,NULL,NULL,'2016-06-13 22:40:10','2016-06-13 22:40:10'),(8687,707,194,'2016-06-13','2016-06-13 22:45:00','2016-06-13 23:45:00',NULL,NULL,NULL,'2016-06-13 22:45:10','2016-06-13 22:45:10'),(8688,707,191,'2016-06-13','2016-06-13 22:45:00','2016-06-13 23:45:00',NULL,NULL,NULL,'2016-06-13 22:50:28','2016-06-13 22:50:28'),(8689,707,183,'2016-06-13','2016-06-13 22:45:00','2016-06-13 23:45:00',NULL,NULL,NULL,'2016-06-13 22:55:11','2016-06-13 22:55:11'),(8690,708,185,'2016-06-13','2016-06-13 23:00:00','2016-06-14 00:00:00',NULL,NULL,NULL,'2016-06-13 23:01:57','2016-06-13 23:01:57'),(8691,707,192,'2016-06-13','2016-06-13 23:15:00','2016-06-14 00:15:00',NULL,NULL,NULL,'2016-06-13 23:20:12','2016-06-13 23:20:12'),(8692,706,197,'2016-06-13','2016-06-13 23:15:00','2016-06-14 00:15:00',NULL,NULL,NULL,'2016-06-13 23:25:10','2016-06-13 23:25:10'),(8693,706,201,'2016-06-13','2016-06-13 23:15:00','2016-06-14 00:15:00',NULL,NULL,NULL,'2016-06-13 23:25:10','2016-06-13 23:25:10'),(8694,707,173,'2016-06-13','2016-06-13 23:30:00','2016-06-14 00:30:00',NULL,NULL,NULL,'2016-06-13 23:30:12','2016-06-13 23:30:12'),(8695,707,187,'2016-06-13','2016-06-13 23:30:00','2016-06-14 00:30:00',NULL,NULL,NULL,'2016-06-13 23:40:09','2016-06-13 23:40:09'),(8696,706,202,'2016-06-14','2016-06-14 04:00:00','2016-06-14 05:00:00',NULL,NULL,NULL,'2016-06-14 04:00:52','2016-06-14 04:00:52'),(8697,707,188,'2016-06-14','2016-06-14 04:45:00','2016-06-14 05:45:00',NULL,NULL,NULL,'2016-06-14 04:58:21','2016-06-14 04:58:21'),(8698,707,174,'2016-06-14','2016-06-13 22:15:00','2016-06-14 13:15:00',NULL,NULL,NULL,'2016-06-14 05:25:10','2016-06-23 06:15:00'),(8699,707,189,'2016-06-14','2016-06-14 05:15:00','2016-06-14 06:15:00',NULL,NULL,NULL,'2016-06-14 05:25:10','2016-06-14 05:25:10'),(8700,707,180,'2016-06-14','2016-06-14 05:30:00','2016-06-14 06:30:00',NULL,NULL,NULL,'2016-06-14 05:30:40','2016-06-14 05:30:40'),(8701,706,201,'2016-06-14','2016-06-14 06:00:00','2016-06-14 07:00:00',NULL,NULL,NULL,'2016-06-14 06:02:33','2016-06-14 06:02:33'),(8702,706,182,'2016-06-14','2016-06-14 06:00:00','2016-06-14 07:00:00',NULL,NULL,NULL,'2016-06-14 06:05:09','2016-06-14 06:05:09'),(8703,706,184,'2016-06-14','2016-06-14 07:00:00','2016-06-14 08:00:00',NULL,NULL,NULL,'2016-06-14 07:01:33','2016-06-14 07:01:33'),(8704,707,196,'2016-06-14','2016-06-14 07:00:00','2016-06-14 08:00:00',NULL,NULL,NULL,'2016-06-14 07:01:33','2016-06-14 07:01:33'),(8705,707,193,'2016-06-14','2016-06-14 07:00:00','2016-06-14 08:00:00',NULL,NULL,NULL,'2016-06-14 07:01:33','2016-06-14 07:01:33'),(8706,706,176,'2016-06-14','2016-06-14 07:00:00','2016-06-14 08:00:00',NULL,NULL,NULL,'2016-06-14 07:01:33','2016-06-14 07:01:33'),(8707,707,194,'2016-06-14','2016-06-14 07:00:00','2016-06-14 08:00:00',NULL,NULL,NULL,'2016-06-14 07:05:09','2016-06-14 07:05:09'),(8708,706,204,'2016-06-14','2016-06-14 07:15:00','2016-06-14 08:15:00',NULL,NULL,NULL,'2016-06-14 07:15:06','2016-06-14 07:15:06'),(8709,707,183,'2016-06-14','2016-06-14 07:15:00','2016-06-14 08:15:00',NULL,NULL,NULL,'2016-06-14 07:15:06','2016-06-14 07:15:06'),(8710,707,191,'2016-06-14','2016-06-14 07:15:00','2016-06-14 08:15:00',NULL,NULL,NULL,'2016-06-14 07:20:15','2016-06-14 07:20:15'),(8711,706,197,'2016-06-14','2016-06-14 07:15:00','2016-06-14 08:15:00',NULL,NULL,NULL,'2016-06-14 07:20:15','2016-06-14 07:20:15'),(8712,708,185,'2016-06-14','2016-06-14 07:30:00','2016-06-14 08:00:00',NULL,NULL,NULL,'2016-06-14 07:35:33','2016-06-23 04:03:54'),(8713,707,192,'2016-06-14','2016-06-14 07:45:00','2016-06-14 08:45:00',NULL,NULL,NULL,'2016-06-14 07:50:05','2016-06-14 07:50:05'),(8714,707,173,'2016-06-14','2016-06-14 08:00:00','2016-06-14 09:00:00',NULL,NULL,NULL,'2016-06-14 08:01:53','2016-06-14 08:01:53'),(8715,707,187,'2016-06-14','2016-06-14 08:30:00','2016-06-14 09:30:00',NULL,NULL,NULL,'2016-06-14 08:30:14','2016-06-14 08:30:14'),(8716,707,190,'2016-06-14','2016-06-14 23:00:00','2016-06-15 00:00:00',NULL,NULL,NULL,'2016-06-14 23:00:33','2016-06-14 23:00:33'),(8717,706,202,'2016-06-15','2016-06-15 00:15:00','2016-06-15 01:15:00',NULL,NULL,NULL,'2016-06-15 00:20:05','2016-06-15 00:20:05'),(8718,706,176,'2016-06-15','2016-06-15 02:45:00','2016-06-15 03:45:00',NULL,NULL,NULL,'2016-06-15 02:45:40','2016-06-15 02:45:40'),(8719,707,188,'2016-06-15','2016-06-15 05:00:00','2016-06-15 06:00:00',NULL,NULL,NULL,'2016-06-15 05:00:39','2016-06-15 05:00:39'),(8720,706,184,'2016-06-15','2016-06-15 07:00:00','2016-06-15 08:00:00',NULL,NULL,NULL,'2016-06-15 07:01:28','2016-06-15 07:01:28'),(8721,707,196,'2016-06-15','2016-06-15 07:00:00','2016-06-15 08:00:00',NULL,NULL,NULL,'2016-06-15 07:01:28','2016-06-15 07:01:28'),(8722,706,197,'2016-06-15','2016-06-15 07:15:00','2016-06-15 08:15:00',NULL,NULL,NULL,'2016-06-15 07:15:11','2016-06-15 07:15:11'),(8723,707,180,'2016-06-15','2016-06-15 07:15:00','2016-06-15 08:15:00',NULL,NULL,NULL,'2016-06-15 07:15:11','2016-06-15 07:15:11'),(8724,707,183,'2016-06-15','2016-06-15 07:15:00','2016-06-15 08:15:00',NULL,NULL,NULL,'2016-06-15 07:20:09','2016-06-15 07:20:09'),(8725,706,201,'2016-06-15','2016-06-15 07:15:00','2016-06-15 08:15:00',NULL,NULL,NULL,'2016-06-15 07:25:14','2016-06-15 07:25:14'),(8726,707,190,'2016-06-15','2016-06-15 07:30:00','2016-06-15 08:30:00',NULL,NULL,NULL,'2016-06-15 07:30:59','2016-06-15 07:30:59'),(8727,706,182,'2016-06-15','2016-06-15 07:30:00','2016-06-15 08:30:00',NULL,NULL,NULL,'2016-06-15 07:35:14','2016-06-15 07:35:14'),(8728,708,185,'2016-06-15','2016-06-15 07:30:00','2016-06-15 08:00:00',NULL,NULL,NULL,'2016-06-15 07:35:14','2016-06-23 04:03:54'),(8729,707,192,'2016-06-15','2016-06-15 07:45:00','2016-06-15 08:45:00',NULL,NULL,NULL,'2016-06-15 07:50:08','2016-06-15 07:50:08'),(8730,707,189,'2016-06-15','2016-06-15 08:00:00','2016-06-15 09:00:00',NULL,NULL,NULL,'2016-06-15 08:00:41','2016-06-15 08:00:41'),(8731,707,173,'2016-06-15','2016-06-15 08:00:00','2016-06-15 09:00:00',NULL,NULL,NULL,'2016-06-15 08:10:07','2016-06-15 08:10:07'),(8732,707,187,'2016-06-15','2016-06-15 08:45:00','2016-06-15 09:45:00',NULL,NULL,NULL,'2016-06-15 08:45:13','2016-06-15 08:45:13'),(8733,707,194,'2016-06-15','2016-06-15 22:30:00','2016-06-15 23:30:00',NULL,NULL,NULL,'2016-06-15 22:40:09','2016-06-15 22:40:09'),(8734,707,191,'2016-06-15','2016-06-15 22:45:00','2016-06-15 23:45:00',NULL,NULL,NULL,'2016-06-15 22:50:23','2016-06-15 22:50:23'),(8735,706,203,'2016-06-16','2016-06-16 02:30:00','2016-06-16 03:30:00',NULL,NULL,NULL,'2016-06-16 02:30:17','2016-06-16 02:30:17'),(8736,706,176,'2016-06-16','2016-06-16 03:30:00','2016-06-16 04:30:00',NULL,NULL,NULL,'2016-06-16 03:35:31','2016-06-16 03:35:31'),(8737,707,188,'2016-06-16','2016-06-16 04:45:00','2016-06-16 05:45:00',NULL,NULL,NULL,'2016-06-16 04:45:22','2016-06-16 04:45:22'),(8738,706,184,'2016-06-16','2016-06-16 07:00:00','2016-06-16 08:00:00',NULL,NULL,NULL,'2016-06-16 07:01:39','2016-06-16 07:01:39'),(8739,707,194,'2016-06-16','2016-06-16 07:00:00','2016-06-16 08:00:00',NULL,NULL,NULL,'2016-06-16 07:01:39','2016-06-16 07:01:39'),(8740,707,183,'2016-06-16','2016-06-16 07:00:00','2016-06-16 08:00:00',NULL,NULL,NULL,'2016-06-16 07:05:06','2016-06-16 07:05:06'),(8741,706,197,'2016-06-16','2016-06-16 07:00:00','2016-06-16 08:00:00',NULL,NULL,NULL,'2016-06-16 07:05:06','2016-06-16 07:05:06'),(8742,707,180,'2016-06-16','2016-06-16 07:15:00','2016-06-16 08:15:00',NULL,NULL,NULL,'2016-06-16 07:20:06','2016-06-16 07:20:06'),(8743,707,191,'2016-06-16','2016-06-16 07:30:00','2016-06-16 08:30:00',NULL,NULL,NULL,'2016-06-16 07:30:57','2016-06-16 07:30:57'),(8744,707,190,'2016-06-16','2016-06-16 07:30:00','2016-06-16 08:30:00',NULL,NULL,NULL,'2016-06-16 07:30:57','2016-06-16 07:30:57'),(8745,706,201,'2016-06-16','2016-06-16 07:30:00','2016-06-16 08:30:00',NULL,NULL,NULL,'2016-06-16 07:30:57','2016-06-16 07:30:57'),(8746,707,189,'2016-06-16','2016-06-16 07:30:00','2016-06-16 08:30:00',NULL,NULL,NULL,'2016-06-16 07:35:09','2016-06-16 07:35:09'),(8747,708,185,'2016-06-16','2016-06-16 07:30:00','2016-06-16 08:00:00',NULL,NULL,NULL,'2016-06-16 07:35:09','2016-06-23 04:03:54'),(8748,706,182,'2016-06-16','2016-06-16 07:45:00','2016-06-16 08:45:00',NULL,NULL,NULL,'2016-06-16 07:45:15','2016-06-16 07:45:15'),(8749,707,173,'2016-06-16','2016-06-16 07:45:00','2016-06-16 08:45:00',NULL,NULL,NULL,'2016-06-16 07:50:06','2016-06-16 07:50:06'),(8750,706,202,'2016-06-16','2016-06-16 07:45:00','2016-06-16 08:45:00',NULL,NULL,NULL,'2016-06-16 07:55:11','2016-06-16 07:55:11'),(8751,707,187,'2016-06-16','2016-06-16 08:00:00','2016-06-16 09:00:00',NULL,NULL,NULL,'2016-06-16 08:00:35','2016-06-16 08:00:35'),(8752,707,192,'2016-06-16','2016-06-16 08:00:00','2016-06-16 09:00:00',NULL,NULL,NULL,'2016-06-16 08:05:07','2016-06-16 08:05:07'),(8753,707,193,'2016-06-16','2016-06-16 23:00:00','2016-06-17 00:00:00',NULL,NULL,NULL,'2016-06-16 23:05:16','2016-06-16 23:05:16'),(8754,707,196,'2016-06-16','2016-06-16 23:15:00','2016-06-17 00:15:00',NULL,NULL,NULL,'2016-06-16 23:15:16','2016-06-16 23:15:16'),(8755,708,185,'2016-06-17','2016-06-17 01:30:00','2016-06-17 02:30:00',NULL,NULL,NULL,'2016-06-17 01:30:13','2016-06-17 01:30:13'),(8756,706,182,'2016-06-17','2016-06-17 04:15:00','2016-06-17 05:15:00',NULL,NULL,NULL,'2016-06-17 04:25:10','2016-06-17 04:25:10'),(8757,707,188,'2016-06-17','2016-06-17 05:30:00','2016-06-17 06:30:00',NULL,NULL,NULL,'2016-06-17 05:30:12','2016-06-17 05:30:12'),(8758,706,176,'2016-06-17','2016-06-17 06:45:00','2016-06-17 07:45:00',NULL,NULL,NULL,'2016-06-17 06:55:15','2016-06-17 06:55:15'),(8759,707,180,'2016-06-17','2016-06-17 06:45:00','2016-06-17 07:45:00',NULL,NULL,NULL,'2016-06-17 06:55:15','2016-06-17 06:55:15'),(8760,706,184,'2016-06-17','2016-06-17 07:00:00','2016-06-17 08:00:00',NULL,NULL,NULL,'2016-06-17 07:01:27','2016-06-17 07:01:27'),(8761,707,193,'2016-06-17','2016-06-17 07:00:00','2016-06-17 08:00:00',NULL,NULL,NULL,'2016-06-17 07:01:27','2016-06-17 07:01:27'),(8762,707,194,'2016-06-17','2016-06-17 07:00:00','2016-06-17 08:00:00',NULL,NULL,NULL,'2016-06-17 07:01:27','2016-06-17 07:01:27'),(8763,707,191,'2016-06-17','2016-06-17 07:45:00','2016-06-17 08:45:00',NULL,NULL,NULL,'2016-06-17 07:45:13','2016-06-17 07:45:13'),(8764,707,190,'2016-06-17','2016-06-17 07:45:00','2016-06-17 08:45:00',NULL,NULL,NULL,'2016-06-17 07:45:13','2016-06-17 07:45:13'),(8765,707,196,'2016-06-17','2016-06-17 07:45:00','2016-06-17 08:45:00',NULL,NULL,NULL,'2016-06-17 07:45:13','2016-06-17 07:45:13'),(8766,707,189,'2016-06-17','2016-06-17 07:45:00','2016-06-17 08:45:00',NULL,NULL,NULL,'2016-06-17 07:45:13','2016-06-17 07:45:13'),(8767,707,183,'2016-06-17','2016-06-17 07:45:00','2016-06-17 08:45:00',NULL,NULL,NULL,'2016-06-17 07:45:14','2016-06-17 07:45:14'),(8768,707,192,'2016-06-17','2016-06-17 07:45:00','2016-06-17 08:45:00',NULL,NULL,NULL,'2016-06-17 07:50:11','2016-06-17 07:50:11'),(8769,707,187,'2016-06-17','2016-06-17 08:00:00','2016-06-17 09:00:00',NULL,NULL,NULL,'2016-06-17 08:00:42','2016-06-17 08:00:42'),(8770,707,173,'2016-06-17','2016-06-17 08:00:00','2016-06-17 09:00:00',NULL,NULL,NULL,'2016-06-17 08:00:43','2016-06-17 08:00:43'),(8771,706,197,'2016-06-17','2016-06-17 08:15:00','2016-06-17 09:15:00',NULL,NULL,NULL,'2016-06-17 08:25:07','2016-06-17 08:25:07'),(8772,706,202,'2016-06-17','2016-06-17 08:45:00','2016-06-17 09:45:00',NULL,NULL,NULL,'2016-06-17 08:55:13','2016-06-17 08:55:13'),(8773,707,188,'2016-06-19','2016-06-19 21:00:00','2016-06-19 22:00:00',NULL,NULL,NULL,'2016-06-19 21:05:12','2016-06-19 21:05:12'),(8774,706,184,'2016-06-19','2016-06-19 22:00:00','2016-06-19 23:00:00',NULL,NULL,NULL,'2016-06-19 22:03:41','2016-06-19 22:03:41'),(8775,707,183,'2016-06-19','2016-06-19 22:15:00','2016-06-19 23:15:00',NULL,NULL,NULL,'2016-06-19 22:20:04','2016-06-19 22:20:04'),(8776,707,196,'2016-06-19','2016-06-19 22:30:00','2016-06-19 23:30:00',NULL,NULL,NULL,'2016-06-19 22:35:13','2016-06-19 22:35:13'),(8777,706,176,'2016-06-19','2016-06-19 22:30:00','2016-06-19 23:30:00',NULL,NULL,NULL,'2016-06-19 22:35:14','2016-06-19 22:35:14'),(8778,707,194,'2016-06-19','2016-06-19 22:30:00','2016-06-19 23:30:00',NULL,NULL,NULL,'2016-06-19 22:35:14','2016-06-19 22:35:14'),(8779,707,192,'2016-06-19','2016-06-19 22:30:00','2016-06-19 23:30:00',NULL,NULL,NULL,'2016-06-19 22:35:14','2016-06-19 22:35:14'),(8780,707,191,'2016-06-19','2016-06-19 22:30:00','2016-06-19 23:30:00',NULL,NULL,NULL,'2016-06-19 22:40:08','2016-06-19 22:40:08'),(8781,707,174,'2016-06-19','2016-06-19 22:45:00','2016-06-19 23:45:00',NULL,NULL,NULL,'2016-06-19 22:50:25','2016-06-19 22:50:25'),(8782,707,190,'2016-06-19','2016-06-19 22:45:00','2016-06-19 23:45:00',NULL,NULL,NULL,'2016-06-19 22:50:25','2016-06-19 22:50:25'),(8783,706,204,'2016-06-19','2016-06-19 22:45:00','2016-06-19 23:45:00',NULL,NULL,NULL,'2016-06-19 22:55:09','2016-06-19 22:55:09'),(8784,707,189,'2016-06-19','2016-06-19 23:00:00','2016-06-20 00:00:00',NULL,NULL,NULL,'2016-06-19 23:00:29','2016-06-19 23:00:29'),(8785,706,182,'2016-06-19','2016-06-19 23:00:00','2016-06-20 00:00:00',NULL,NULL,NULL,'2016-06-19 23:02:21','2016-06-19 23:02:21'),(8786,708,185,'2016-06-19','2016-06-19 23:00:00','2016-06-20 00:00:00',NULL,NULL,NULL,'2016-06-19 23:02:21','2016-06-19 23:02:21'),(8787,707,193,'2016-06-19','2016-06-19 23:15:00','2016-06-20 00:15:00',NULL,NULL,NULL,'2016-06-19 23:15:18','2016-06-19 23:15:18'),(8788,706,197,'2016-06-19','2016-06-19 23:15:00','2016-06-20 00:15:00',NULL,NULL,NULL,'2016-06-19 23:15:18','2016-06-19 23:15:18'),(8789,707,173,'2016-06-19','2016-06-19 23:15:00','2016-06-20 00:15:00',NULL,NULL,NULL,'2016-06-19 23:26:05','2016-06-19 23:26:05'),(8790,707,181,'2016-06-19','2016-06-19 23:30:00','2016-06-20 00:30:00',NULL,NULL,NULL,'2016-06-19 23:30:18','2016-06-19 23:30:18'),(8791,707,187,'2016-06-19','2016-06-19 23:45:00','2016-06-20 00:45:00',NULL,NULL,NULL,'2016-06-19 23:45:14','2016-06-19 23:45:14'),(8792,707,178,'2016-06-19','2016-06-19 23:45:00','2016-06-20 00:45:00',NULL,NULL,NULL,'2016-06-19 23:55:12','2016-06-19 23:55:12'),(8793,709,202,'2016-06-20','2016-06-20 00:15:00','2016-06-20 01:15:00',NULL,NULL,NULL,'2016-06-20 00:25:15','2016-06-20 00:25:15'),(8794,709,203,'2016-06-20','2016-06-20 00:30:00','2016-06-20 01:30:00',NULL,NULL,NULL,'2016-06-20 00:35:14','2016-06-20 00:35:14'),(8795,709,182,'2016-06-20','2016-06-20 04:45:00','2016-06-20 05:45:00',NULL,NULL,NULL,'2016-06-20 04:50:07','2016-06-20 04:50:07'),(8796,710,188,'2016-06-20','2016-06-20 05:00:00','2016-06-20 06:00:00',NULL,NULL,NULL,'2016-06-20 05:00:49','2016-06-20 05:00:49'),(8797,709,184,'2016-06-20','2016-06-20 07:00:00','2016-06-20 08:00:00',NULL,NULL,NULL,'2016-06-20 07:01:28','2016-06-20 07:01:28'),(8798,709,176,'2016-06-20','2016-06-20 07:00:00','2016-06-20 08:00:00',NULL,NULL,NULL,'2016-06-20 07:01:28','2016-06-20 07:01:28'),(8799,710,196,'2016-06-20','2016-06-20 07:00:00','2016-06-20 08:00:00',NULL,NULL,NULL,'2016-06-20 07:01:28','2016-06-20 07:01:28'),(8800,710,194,'2016-06-20','2016-06-20 07:00:00','2016-06-20 08:00:00',NULL,NULL,NULL,'2016-06-20 07:01:28','2016-06-20 07:01:28'),(8801,709,204,'2016-06-20','2016-06-20 07:00:00','2016-06-20 08:00:00',NULL,NULL,NULL,'2016-06-20 07:02:50','2016-06-20 07:02:50'),(8802,710,183,'2016-06-20','2016-06-20 07:00:00','2016-06-20 08:00:00',NULL,NULL,NULL,'2016-06-20 07:05:14','2016-06-20 07:05:14'),(8803,710,192,'2016-06-20','2016-06-20 07:00:00','2016-06-20 08:00:00',NULL,NULL,NULL,'2016-06-20 07:05:14','2016-06-20 07:05:14'),(8804,710,190,'2016-06-20','2016-06-20 07:15:00','2016-06-20 08:15:00',NULL,NULL,NULL,'2016-06-20 07:20:07','2016-06-20 07:20:07'),(8805,710,191,'2016-06-20','2016-06-20 07:15:00','2016-06-20 08:15:00',NULL,NULL,NULL,'2016-06-20 07:20:07','2016-06-20 07:20:07'),(8806,711,185,'2016-06-20','2016-06-20 07:15:00','2016-06-20 08:15:00',NULL,NULL,NULL,'2016-06-20 07:20:07','2016-06-20 07:20:07'),(8807,709,197,'2016-06-20','2016-06-20 07:15:00','2016-06-20 08:15:00',NULL,NULL,NULL,'2016-06-20 07:25:09','2016-06-20 07:25:09'),(8808,710,189,'2016-06-20','2016-06-20 07:30:00','2016-06-20 08:30:00',NULL,NULL,NULL,'2016-06-20 07:30:56','2016-06-20 07:30:56'),(8809,710,174,'2016-06-20','2016-06-20 07:30:00','2016-06-20 08:30:00',NULL,NULL,NULL,'2016-06-20 07:35:10','2016-06-20 07:35:10'),(8810,710,193,'2016-06-20','2016-06-20 07:30:00','2016-06-20 08:30:00',NULL,NULL,NULL,'2016-06-20 07:35:11','2016-06-20 07:35:11'),(8811,710,173,'2016-06-20','2016-06-20 08:00:00','2016-06-20 09:00:00',NULL,NULL,NULL,'2016-06-20 08:01:08','2016-06-20 08:01:08'),(8812,710,178,'2016-06-20','2016-06-20 08:00:00','2016-06-20 09:00:00',NULL,NULL,NULL,'2016-06-20 08:01:08','2016-06-20 08:01:08'),(8813,710,181,'2016-06-20','2016-06-20 08:00:00','2016-06-20 09:00:00',NULL,NULL,NULL,'2016-06-20 08:01:08','2016-06-20 08:01:08'),(8814,710,187,'2016-06-20','2016-06-20 08:15:00','2016-06-20 09:15:00',NULL,NULL,NULL,'2016-06-20 08:25:13','2016-06-20 08:25:13'),(8815,710,180,'2016-06-20','2016-06-20 22:45:00','2016-06-20 23:45:00',NULL,NULL,NULL,'2016-06-20 22:50:32','2016-06-20 22:50:32'),(8816,709,201,'2016-06-20','2016-06-20 23:15:00','2016-06-21 00:15:00',NULL,NULL,NULL,'2016-06-20 23:15:11','2016-06-20 23:15:11'),(8817,709,184,'2016-06-21','2016-06-21 00:00:00','2016-06-21 01:00:00',NULL,NULL,NULL,'2016-06-21 00:00:30','2016-06-21 00:00:30'),(8818,711,185,'2016-06-21','2016-06-21 00:15:00','2016-06-21 01:15:00',NULL,NULL,NULL,'2016-06-21 00:20:12','2016-06-21 00:20:12'),(8819,709,204,'2016-06-21','2016-06-21 02:15:00','2016-06-21 03:15:00',NULL,NULL,NULL,'2016-06-21 02:20:15','2016-06-21 02:20:15'),(8820,710,193,'2016-06-21','2016-06-21 03:45:00','2016-06-21 04:45:00',NULL,NULL,NULL,'2016-06-21 03:50:14','2016-06-21 03:50:14'),(8821,710,188,'2016-06-21','2016-06-21 05:00:00','2016-06-21 06:00:00',NULL,NULL,NULL,'2016-06-21 05:00:44','2016-06-21 05:00:44'),(8822,709,197,'2016-06-21','2016-06-21 06:15:00','2016-06-21 07:15:00',NULL,NULL,NULL,'2016-06-21 06:15:17','2016-06-21 06:15:17'),(8823,709,176,'2016-06-21','2016-06-21 07:00:00','2016-06-21 08:00:00',NULL,NULL,NULL,'2016-06-21 07:02:01','2016-06-21 07:02:01'),(8824,710,196,'2016-06-21','2016-06-21 07:00:00','2016-06-21 08:00:00',NULL,NULL,NULL,'2016-06-21 07:02:01','2016-06-21 07:02:01'),(8825,710,194,'2016-06-21','2016-06-21 07:00:00','2016-06-21 08:00:00',NULL,NULL,NULL,'2016-06-21 07:02:01','2016-06-21 07:02:01'),(8826,709,201,'2016-06-21','2016-06-21 07:00:00','2016-06-21 08:00:00',NULL,NULL,NULL,'2016-06-21 07:03:30','2016-06-21 07:03:30'),(8827,710,183,'2016-06-21','2016-06-21 07:00:00','2016-06-21 08:00:00',NULL,NULL,NULL,'2016-06-21 07:10:09','2016-06-21 07:10:09'),(8828,710,190,'2016-06-21','2016-06-21 07:15:00','2016-06-21 08:15:00',NULL,NULL,NULL,'2016-06-21 07:15:10','2016-06-21 07:15:10'),(8829,710,180,'2016-06-21','2016-06-21 07:15:00','2016-06-21 08:15:00',NULL,NULL,NULL,'2016-06-21 07:20:09','2016-06-21 07:20:09'),(8830,710,191,'2016-06-21','2016-06-21 07:15:00','2016-06-21 08:15:00',NULL,NULL,NULL,'2016-06-21 07:20:09','2016-06-21 07:20:09'),(8831,709,182,'2016-06-21','2016-06-21 07:30:00','2016-06-21 08:30:00',NULL,NULL,NULL,'2016-06-21 07:35:09','2016-06-21 07:35:09'),(8832,710,189,'2016-06-21','2016-06-21 07:30:00','2016-06-21 08:30:00',NULL,NULL,NULL,'2016-06-21 07:40:09','2016-06-21 07:40:09'),(8833,710,181,'2016-06-21','2016-06-21 07:45:00','2016-06-21 08:45:00',NULL,NULL,NULL,'2016-06-21 07:45:10','2016-06-21 07:45:10'),(8834,710,192,'2016-06-21','2016-06-21 08:00:00','2016-06-21 09:00:00',NULL,NULL,NULL,'2016-06-21 08:01:14','2016-06-21 08:01:14'),(8835,710,178,'2016-06-21','2016-06-21 08:00:00','2016-06-21 09:00:00',NULL,NULL,NULL,'2016-06-21 08:05:58','2016-06-21 08:05:58'),(8836,710,174,'2016-06-21','2016-06-21 08:00:00','2016-06-21 09:00:00',NULL,NULL,NULL,'2016-06-21 08:10:12','2016-06-21 08:10:12'),(8837,710,187,'2016-06-21','2016-06-21 08:30:00','2016-06-21 09:30:00',NULL,NULL,NULL,'2016-06-21 08:35:09','2016-06-21 08:35:09'),(8838,709,202,'2016-06-21','2016-06-21 09:15:00','2016-06-21 10:15:00',NULL,NULL,NULL,'2016-06-21 09:25:06','2016-06-21 09:25:06'),(8839,709,197,'2016-06-22','2016-06-22 00:00:00','2016-06-22 01:00:00',NULL,NULL,NULL,'2016-06-22 00:10:10','2016-06-22 00:10:10'),(8840,709,203,'2016-06-22','2016-06-22 00:30:00','2016-06-22 01:30:00',NULL,NULL,NULL,'2016-06-22 00:30:15','2016-06-22 00:30:15'),(8841,710,187,'2016-06-22','2016-06-22 00:45:00','2016-06-22 01:45:00',NULL,NULL,NULL,'2016-06-22 00:45:15','2016-06-22 00:45:15'),(8842,710,174,'2016-06-22','2016-06-22 00:45:00','2016-06-22 01:45:00',NULL,NULL,NULL,'2016-06-22 00:55:10','2016-06-22 00:55:10'),(8843,711,185,'2016-06-22','2016-06-22 04:45:00','2016-06-22 05:45:00',NULL,NULL,NULL,'2016-06-22 04:50:17','2016-06-23 07:03:18'),(8844,710,188,'2016-06-22','2016-06-22 05:00:00','2016-06-22 06:00:00',NULL,NULL,NULL,'2016-06-22 05:00:53','2016-06-22 05:00:53'),(8845,711,168,'2016-06-22','2016-06-22 06:45:00','2016-06-22 07:45:00',NULL,NULL,NULL,'2016-06-22 06:50:15','2016-06-23 07:03:18'),(8846,709,184,'2016-06-22','2016-06-22 07:00:00','2016-06-22 08:00:00',NULL,NULL,NULL,'2016-06-22 07:01:35','2016-06-22 07:01:35'),(8847,709,204,'2016-06-22','2016-06-22 07:00:00','2016-06-22 08:00:00',NULL,NULL,NULL,'2016-06-22 07:01:35','2016-06-22 07:01:35'),(8848,710,196,'2016-06-22','2016-06-22 07:00:00','2016-06-22 08:00:00',NULL,NULL,NULL,'2016-06-22 07:01:35','2016-06-22 07:01:35'),(8849,710,193,'2016-06-22','2016-06-22 07:00:00','2016-06-22 08:00:00',NULL,NULL,NULL,'2016-06-22 07:01:35','2016-06-22 07:01:35'),(8850,709,176,'2016-06-22','2016-06-22 07:00:00','2016-06-22 08:00:00',NULL,NULL,NULL,'2016-06-22 07:01:35','2016-06-22 07:01:35'),(8851,709,201,'2016-06-22','2016-06-22 07:00:00','2016-06-22 08:00:00',NULL,NULL,NULL,'2016-06-22 07:01:35','2016-06-22 07:01:35'),(8852,710,183,'2016-06-22','2016-06-22 07:00:00','2016-06-22 08:00:00',NULL,NULL,NULL,'2016-06-22 07:02:27','2016-06-22 07:02:27'),(8853,710,194,'2016-06-22','2016-06-22 07:00:00','2016-06-22 08:00:00',NULL,NULL,NULL,'2016-06-22 07:05:12','2016-06-22 07:05:12'),(8854,710,192,'2016-06-22','2016-06-22 07:15:00','2016-06-22 08:15:00',NULL,NULL,NULL,'2016-06-22 07:15:10','2016-06-22 07:15:10'),(8855,710,190,'2016-06-22','2016-06-22 07:15:00','2016-06-22 08:15:00',NULL,NULL,NULL,'2016-06-22 07:15:10','2016-06-22 07:15:10'),(8856,710,191,'2016-06-22','2016-06-22 07:15:00','2016-06-22 08:15:00',NULL,NULL,NULL,'2016-06-22 07:20:07','2016-06-22 07:20:07'),(8857,710,180,'2016-06-22','2016-06-22 07:15:00','2016-06-22 08:15:00',NULL,NULL,NULL,'2016-06-22 07:20:07','2016-06-22 07:20:07'),(8858,710,189,'2016-06-22','2016-06-22 07:30:00','2016-06-22 08:30:00',NULL,NULL,NULL,'2016-06-22 07:30:58','2016-06-22 07:30:58'),(8859,709,182,'2016-06-22','2016-06-22 07:30:00','2016-06-22 08:30:00',NULL,NULL,NULL,'2016-06-22 07:35:13','2016-06-22 07:35:13'),(8860,709,202,'2016-06-22','2016-06-22 07:45:00','2016-06-22 08:45:00',NULL,NULL,NULL,'2016-06-22 07:55:16','2016-06-22 07:55:16'),(8861,710,181,'2016-06-22','2016-06-22 08:00:00','2016-06-22 09:00:00',NULL,NULL,NULL,'2016-06-22 08:07:43','2016-06-22 08:07:43'),(8862,710,173,'2016-06-22','2016-06-22 23:30:00','2016-06-23 00:30:00',NULL,NULL,NULL,'2016-06-22 23:35:09','2016-06-22 23:35:09'),(8863,710,178,'2016-06-22','2016-06-22 23:30:00','2016-06-23 00:30:00',NULL,NULL,NULL,'2016-06-22 23:35:09','2016-06-22 23:35:09'),(8865,709,203,'2016-06-23','2016-06-23 01:45:00','2016-06-23 02:45:00',NULL,NULL,NULL,'2016-06-23 01:45:14','2016-06-23 01:45:14'),(8866,711,205,'2016-06-20','2016-06-19 22:00:00','2016-06-20 05:00:00',NULL,NULL,'','2016-06-23 02:54:31','2016-06-23 02:54:31'),(8867,711,205,'2016-06-23','2016-06-23 00:00:00','2016-06-23 08:00:00',NULL,NULL,'','2016-06-23 03:08:43','2016-06-23 03:09:53'),(8868,710,188,'2016-06-23','2016-06-23 03:15:00','2016-06-23 04:15:00',NULL,NULL,NULL,'2016-06-23 03:25:15','2016-06-23 03:25:15'),(8869,711,168,'2016-06-23','2016-06-23 03:30:00','2016-06-23 04:30:00',NULL,NULL,NULL,'2016-06-23 03:31:02','2016-06-23 03:31:02'),(8870,709,184,'2016-06-23','2016-06-23 07:00:00','2016-06-23 08:00:00',NULL,NULL,NULL,'2016-06-23 07:01:48','2016-06-23 07:01:48'),(8871,709,201,'2016-06-23','2016-06-23 07:00:00','2016-06-23 08:00:00',NULL,NULL,NULL,'2016-06-23 07:01:48','2016-06-23 07:01:48'),(8872,711,205,'2016-06-22','2016-06-22 01:15:00','2016-06-22 05:45:00',NULL,NULL,NULL,'2016-06-23 07:03:07','2016-06-23 07:03:18'),(8873,710,193,'2016-06-23','2016-06-23 07:00:00','2016-06-23 08:00:00',NULL,NULL,NULL,'2016-06-23 07:08:05','2016-06-23 07:08:05'),(8874,710,180,'2016-06-23','2016-06-23 07:00:00','2016-06-23 08:00:00',NULL,NULL,NULL,'2016-06-23 07:08:05','2016-06-23 07:08:05'),(8875,710,194,'2016-06-23','2016-06-23 07:00:00','2016-06-23 08:00:00',NULL,NULL,NULL,'2016-06-23 07:08:06','2016-06-23 07:08:06'),(8876,709,204,'2016-06-23','2016-06-23 07:00:00','2016-06-23 08:00:00',NULL,NULL,NULL,'2016-06-23 07:10:11','2016-06-23 07:10:11'),(8877,710,183,'2016-06-23','2016-06-23 07:15:00','2016-06-23 08:15:00',NULL,NULL,NULL,'2016-06-23 07:15:18','2016-06-23 07:15:18'),(8878,710,190,'2016-06-23','2016-06-23 07:15:00','2016-06-23 08:15:00',NULL,NULL,NULL,'2016-06-23 07:15:18','2016-06-23 07:15:18'),(8879,709,197,'2016-06-23','2016-06-23 07:15:00','2016-06-23 08:15:00',NULL,NULL,NULL,'2016-06-23 07:20:10','2016-06-23 07:20:10'),(8880,710,181,'2016-06-23','2016-06-23 07:30:00','2016-06-23 08:30:00',NULL,NULL,NULL,'2016-06-23 07:30:57','2016-06-23 07:30:57'),(8881,710,189,'2016-06-23','2016-06-23 07:30:00','2016-06-23 08:30:00',NULL,NULL,NULL,'2016-06-23 07:35:18','2016-06-23 07:35:18'),(8882,709,182,'2016-06-23','2016-06-23 07:30:00','2016-06-23 08:30:00',NULL,NULL,NULL,'2016-06-23 07:40:11','2016-06-23 07:40:11'),(8883,710,192,'2016-06-23','2016-06-23 07:45:00','2016-06-23 08:45:00',NULL,NULL,NULL,'2016-06-23 07:50:10','2016-06-23 07:50:10'),(8884,710,173,'2016-06-23','2016-06-23 08:00:00','2016-06-23 09:00:00',NULL,NULL,NULL,'2016-06-23 08:01:15','2016-06-23 08:01:15'),(8885,710,174,'2016-06-23','2016-06-23 08:00:00','2016-06-23 09:00:00',NULL,NULL,NULL,'2016-06-23 08:07:17','2016-06-23 08:07:17'),(8886,709,202,'2016-06-23','2016-06-23 08:45:00','2016-06-23 09:45:00',NULL,NULL,NULL,'2016-06-23 08:45:12','2016-06-23 08:45:12'),(8887,709,176,'2016-06-23','2016-06-23 22:30:00','2016-06-23 23:30:00',NULL,NULL,NULL,'2016-06-23 22:30:09','2016-06-23 22:30:09'),(8888,710,196,'2016-06-23','2016-06-23 22:30:00','2016-06-23 23:30:00',NULL,NULL,NULL,'2016-06-23 22:35:10','2016-06-23 22:35:10'),(8889,711,185,'2016-06-23','2016-06-23 23:00:00','2016-06-24 00:00:00',NULL,NULL,NULL,'2016-06-23 23:00:55','2016-06-23 23:00:55'),(8890,710,178,'2016-06-23','2016-06-23 23:15:00','2016-06-24 00:15:00',NULL,NULL,NULL,'2016-06-23 23:25:15','2016-06-23 23:25:15'),(8891,710,187,'2016-06-23','2016-06-23 23:30:00','2016-06-24 00:30:00',NULL,NULL,NULL,'2016-06-23 23:35:13','2016-06-23 23:35:13'),(8892,710,174,'2016-06-24','2016-06-24 00:00:00','2016-06-24 01:00:00',NULL,NULL,NULL,'2016-06-24 00:02:43','2016-06-24 00:02:43'),(8893,711,205,'2016-06-24','2016-06-24 00:50:00','2016-06-24 08:00:00',NULL,NULL,'','2016-06-24 00:49:41','2016-06-24 00:49:51'),(8894,711,185,'2016-06-24','2016-06-24 01:15:00','2016-06-24 02:15:00',NULL,NULL,NULL,'2016-06-24 01:20:15','2016-06-24 01:20:15'),(8895,710,193,'2016-06-24','2016-06-24 01:30:00','2016-06-24 02:30:00',NULL,NULL,NULL,'2016-06-24 01:35:20','2016-06-24 01:35:20'),(8896,710,173,'2016-06-24','2016-06-24 02:15:00','2016-06-24 03:15:00',NULL,NULL,NULL,'2016-06-24 02:15:17','2016-06-24 02:15:17'),(8897,709,197,'2016-06-24','2016-06-24 04:45:00','2016-06-24 05:45:00',NULL,NULL,NULL,'2016-06-24 04:45:19','2016-06-24 04:45:19'),(8898,710,188,'2016-06-24','2016-06-24 05:00:00','2016-06-24 06:00:00',NULL,NULL,NULL,'2016-06-24 05:10:17','2016-06-24 05:10:17'),(8899,710,178,'2016-06-24','2016-06-24 05:45:00','2016-06-24 06:45:00',NULL,NULL,NULL,'2016-06-24 05:45:21','2016-06-24 05:45:21'),(8900,710,180,'2016-06-24','2016-06-24 06:45:00','2016-06-24 07:45:00',NULL,NULL,NULL,'2016-06-24 06:55:11','2016-06-24 06:55:11'),(8901,709,184,'2016-06-24','2016-06-24 07:00:00','2016-06-24 08:00:00',NULL,NULL,NULL,'2016-06-24 07:01:30','2016-06-24 07:01:30'),(8902,710,196,'2016-06-24','2016-06-24 07:00:00','2016-06-24 08:00:00',NULL,NULL,NULL,'2016-06-24 07:01:30','2016-06-24 07:01:30'),(8903,710,192,'2016-06-24','2016-06-24 07:00:00','2016-06-24 08:00:00',NULL,NULL,NULL,'2016-06-24 07:05:13','2016-06-24 07:05:13'),(8904,709,204,'2016-06-24','2016-06-24 07:00:00','2016-06-24 08:00:00',NULL,NULL,NULL,'2016-06-24 07:05:13','2016-06-24 07:05:13'),(8905,710,190,'2016-06-24','2016-06-24 07:15:00','2016-06-24 08:15:00',NULL,NULL,NULL,'2016-06-24 07:15:16','2016-06-24 07:15:16'),(8906,710,189,'2016-06-24','2016-06-24 07:30:00','2016-06-24 08:30:00',NULL,NULL,NULL,'2016-06-24 07:30:11','2016-06-24 07:30:11'),(8907,709,176,'2016-06-24','2016-06-24 07:30:00','2016-06-24 08:30:00',NULL,NULL,NULL,'2016-06-24 07:30:11','2016-06-24 07:30:11'),(8908,710,183,'2016-06-24','2016-06-24 07:30:00','2016-06-24 08:30:00',NULL,NULL,NULL,'2016-06-24 07:35:10','2016-06-24 07:35:10'),(8909,710,181,'2016-06-24','2016-06-24 08:00:00','2016-06-24 09:00:00',NULL,NULL,NULL,'2016-06-24 08:00:49','2016-06-24 08:00:49'),(8910,710,194,'2016-06-24','2016-06-24 08:00:00','2016-06-24 09:00:00',NULL,NULL,NULL,'2016-06-24 08:05:08','2016-06-24 08:05:08'),(8911,710,187,'2016-06-24','2016-06-24 08:15:00','2016-06-24 09:15:00',NULL,NULL,NULL,'2016-06-24 08:15:07','2016-06-24 08:15:07'),(8912,709,202,'2016-06-24','2016-06-24 08:15:00','2016-06-24 09:15:00',NULL,NULL,NULL,'2016-06-24 08:20:07','2016-06-24 08:20:07'),(8913,709,182,'2016-06-24','2016-06-24 15:00:00','2016-06-24 16:00:00',NULL,NULL,NULL,'2016-06-24 15:14:30','2016-06-24 15:14:30'),(8914,710,188,'2016-06-26','2016-06-26 22:00:00','2016-06-26 23:00:00',NULL,NULL,NULL,'2016-06-26 22:04:20','2016-06-26 22:04:20'),(8915,709,184,'2016-06-26','2016-06-26 22:00:00','2016-06-26 23:00:00',NULL,NULL,NULL,'2016-06-26 22:07:50','2016-06-26 22:07:50'),(8916,710,183,'2016-06-26','2016-06-26 22:15:00','2016-06-26 23:15:00',NULL,NULL,NULL,'2016-06-26 22:20:08','2016-06-26 22:20:08'),(8917,710,194,'2016-06-26','2016-06-26 22:30:00','2016-06-26 23:30:00',NULL,NULL,NULL,'2016-06-26 22:30:19','2016-06-26 22:30:19'),(8918,710,196,'2016-06-26','2016-06-26 22:30:00','2016-06-26 23:30:00',NULL,NULL,NULL,'2016-06-26 22:35:14','2016-06-26 22:35:14'),(8919,709,176,'2016-06-26','2016-06-26 22:30:00','2016-06-26 23:30:00',NULL,NULL,NULL,'2016-06-26 22:35:14','2016-06-26 22:35:14'),(8920,710,193,'2016-06-26','2016-06-26 22:30:00','2016-06-26 23:30:00',NULL,NULL,NULL,'2016-06-26 22:40:13','2016-06-26 22:40:13'),(8921,709,182,'2016-06-26','2016-06-26 22:45:00','2016-06-26 23:45:00',NULL,NULL,NULL,'2016-06-26 22:45:19','2016-06-26 22:45:19'),(8922,710,180,'2016-06-26','2016-06-26 22:45:00','2016-06-26 23:45:00',NULL,NULL,NULL,'2016-06-26 22:50:32','2016-06-26 22:50:32'),(8923,710,191,'2016-06-26','2016-06-26 23:00:00','2016-06-27 00:00:00',NULL,NULL,NULL,'2016-06-26 23:00:30','2016-06-26 23:00:30'),(8924,711,185,'2016-06-26','2016-06-26 23:00:00','2016-06-27 00:00:00',NULL,NULL,NULL,'2016-06-26 23:01:49','2016-06-26 23:01:49'),(8925,709,197,'2016-06-26','2016-06-26 23:00:00','2016-06-27 00:00:00',NULL,NULL,NULL,'2016-06-26 23:10:25','2016-06-26 23:10:25'),(8926,710,192,'2016-06-26','2016-06-26 23:15:00','2016-06-27 00:15:00',NULL,NULL,NULL,'2016-06-26 23:15:19','2016-06-26 23:15:19'),(8927,710,178,'2016-06-26','2016-06-26 23:30:00','2016-06-27 00:30:00',NULL,NULL,NULL,'2016-06-26 23:30:19','2016-06-26 23:30:19'),(8928,710,181,'2016-06-26','2016-06-26 23:30:00','2016-06-27 00:30:00',NULL,NULL,NULL,'2016-06-26 23:35:30','2016-06-26 23:35:30'),(8929,710,187,'2016-06-26','2016-06-26 23:45:00','2016-06-27 00:45:00',NULL,NULL,NULL,'2016-06-26 23:45:15','2016-06-26 23:45:15'),(8930,710,189,'2016-06-26','2016-06-26 23:45:00','2016-06-27 00:45:00',NULL,NULL,NULL,'2016-06-26 23:45:15','2016-06-26 23:45:15'),(8931,715,174,'2016-06-27','2016-06-27 00:00:00','2016-06-27 01:00:00',NULL,NULL,NULL,'2016-06-27 00:00:40','2016-06-27 00:00:40'),(8932,715,173,'2016-06-27','2016-06-27 00:00:00','2016-06-27 01:00:00',NULL,NULL,NULL,'2016-06-27 00:05:10','2016-06-27 00:05:10'),(8933,716,202,'2016-06-27','2016-06-27 00:15:00','2016-06-27 01:15:00',NULL,NULL,NULL,'2016-06-27 00:15:14','2016-06-27 00:15:14'),(8934,713,175,'2016-06-27','2016-06-27 00:15:00','2016-06-27 01:15:00',NULL,NULL,NULL,'2016-06-27 00:15:14','2016-06-27 00:15:14'),(8935,712,168,'2016-06-27','2016-06-27 02:00:00','2016-06-27 03:00:00',NULL,NULL,NULL,'2016-06-27 02:04:20','2016-06-27 02:04:20'),(8936,715,188,'2016-06-27','2016-06-27 05:45:00','2016-06-27 06:45:00',NULL,NULL,NULL,'2016-06-27 05:45:22','2016-06-27 05:45:22'),(8937,715,193,'2016-06-27','2016-06-27 06:45:00','2016-06-27 07:45:00',NULL,NULL,NULL,'2016-06-27 06:55:12','2016-06-27 06:55:12'),(8938,716,184,'2016-06-27','2016-06-27 07:00:00','2016-06-27 08:00:00',NULL,NULL,NULL,'2016-06-27 07:02:03','2016-06-27 07:02:03'),(8939,715,183,'2016-06-27','2016-06-27 07:00:00','2016-06-27 08:00:00',NULL,NULL,NULL,'2016-06-27 07:10:13','2016-06-27 07:10:13'),(8940,715,180,'2016-06-27','2016-06-27 07:15:00','2016-06-27 08:15:00',NULL,NULL,NULL,'2016-06-27 07:20:05','2016-06-27 07:20:05'),(8941,715,194,'2016-06-27','2016-06-27 07:15:00','2016-06-27 08:15:00',NULL,NULL,NULL,'2016-06-27 07:25:14','2016-06-27 07:25:14'),(8942,712,185,'2016-06-27','2016-06-27 07:30:00','2016-06-27 08:30:00',NULL,NULL,NULL,'2016-06-27 07:31:06','2016-06-27 07:31:06'),(8943,715,191,'2016-06-27','2016-06-27 07:30:00','2016-06-27 08:30:00',NULL,NULL,NULL,'2016-06-27 07:35:11','2016-06-27 07:35:11'),(8944,715,192,'2016-06-27','2016-06-27 07:45:00','2016-06-27 08:45:00',NULL,NULL,NULL,'2016-06-27 07:50:15','2016-06-27 07:50:15'),(8945,715,187,'2016-06-27','2016-06-27 08:30:00','2016-06-27 09:30:00',NULL,NULL,NULL,'2016-06-27 08:30:19','2016-06-27 08:30:19'),(8946,716,197,'2016-06-27','2016-06-27 08:30:00','2016-06-27 09:30:00',NULL,NULL,NULL,'2016-06-27 08:40:11','2016-06-27 08:40:11'),(8947,715,196,'2016-06-27','2016-06-27 22:30:00','2016-06-27 23:30:00',NULL,NULL,NULL,'2016-06-27 22:35:15','2016-06-27 22:35:15'),(8948,716,182,'2016-06-27','2016-06-27 22:30:00','2016-06-27 23:30:00',NULL,NULL,NULL,'2016-06-27 22:40:15','2016-06-27 22:40:15'),(8949,715,190,'2016-06-27','2016-06-27 22:45:00','2016-06-27 23:45:00',NULL,NULL,NULL,'2016-06-27 22:45:34','2016-06-27 22:45:34'),(8950,716,176,'2016-06-27','2016-06-27 22:45:00','2016-06-27 23:45:00',NULL,NULL,NULL,'2016-06-27 22:50:24','2016-06-27 22:50:24'),(8951,715,181,'2016-06-27','2016-06-27 23:00:00','2016-06-28 00:00:00',NULL,NULL,NULL,'2016-06-27 23:00:35','2016-06-27 23:00:35'),(8952,715,189,'2016-06-27','2016-06-27 23:00:00','2016-06-28 00:00:00',NULL,NULL,NULL,'2016-06-27 23:00:35','2016-06-27 23:00:35'),(8953,716,201,'2016-06-27','2016-06-27 23:00:00','2016-06-28 00:00:00',NULL,NULL,NULL,'2016-06-27 23:00:36','2016-06-27 23:00:36'),(8954,715,178,'2016-06-27','2016-06-27 23:30:00','2016-06-28 00:30:00',NULL,NULL,NULL,'2016-06-27 23:30:49','2016-06-27 23:30:49'),(8955,715,178,'2016-06-28','2016-06-28 00:45:00','2016-06-28 01:45:00',NULL,NULL,NULL,'2016-06-28 00:50:24','2016-06-28 00:50:24'),(8956,715,173,'2016-06-28','2016-06-28 01:15:00','2016-06-28 02:15:00',NULL,NULL,NULL,'2016-06-28 01:25:17','2016-06-28 01:25:17'),(8957,712,168,'2016-06-28','2016-06-28 02:00:00','2016-06-28 03:00:00',NULL,NULL,NULL,'2016-06-28 02:03:47','2016-06-28 02:03:47'),(8958,715,188,'2016-06-28','2016-06-28 05:00:00','2016-06-28 06:00:00',NULL,NULL,NULL,'2016-06-28 05:00:52','2016-06-28 05:00:52'),(8959,715,193,'2016-06-28','2016-06-28 06:45:00','2016-06-28 07:45:00',NULL,NULL,NULL,'2016-06-28 06:55:12','2016-06-28 06:55:12'),(8960,716,184,'2016-06-28','2016-06-28 07:00:00','2016-06-28 08:00:00',NULL,NULL,NULL,'2016-06-28 07:03:47','2016-06-28 07:03:47'),(8961,715,196,'2016-06-28','2016-06-28 07:00:00','2016-06-28 08:00:00',NULL,NULL,NULL,'2016-06-28 07:03:47','2016-06-28 07:03:47'),(8962,716,176,'2016-06-28','2016-06-28 07:00:00','2016-06-28 08:00:00',NULL,NULL,NULL,'2016-06-28 07:03:47','2016-06-28 07:03:47'),(8963,715,194,'2016-06-28','2016-06-28 07:00:00','2016-06-28 08:00:00',NULL,NULL,NULL,'2016-06-28 07:03:47','2016-06-28 07:03:47'),(8964,715,183,'2016-06-28','2016-06-28 07:00:00','2016-06-28 08:00:00',NULL,NULL,NULL,'2016-06-28 07:03:47','2016-06-28 07:03:47'),(8965,716,201,'2016-06-28','2016-06-28 07:00:00','2016-06-28 08:00:00',NULL,NULL,NULL,'2016-06-28 07:03:48','2016-06-28 07:03:48'),(8966,715,190,'2016-06-28','2016-06-28 07:15:00','2016-06-28 08:15:00',NULL,NULL,NULL,'2016-06-28 07:15:22','2016-06-28 07:15:22'),(8967,715,180,'2016-06-28','2016-06-28 07:15:00','2016-06-28 08:15:00',NULL,NULL,NULL,'2016-06-28 07:20:14','2016-06-28 07:20:14'),(8968,715,189,'2016-06-28','2016-06-28 07:30:00','2016-06-28 08:30:00',NULL,NULL,NULL,'2016-06-28 07:31:00','2016-06-28 07:31:00'),(8969,716,182,'2016-06-28','2016-06-28 07:30:00','2016-06-28 08:30:00',NULL,NULL,NULL,'2016-06-28 07:31:00','2016-06-28 07:31:00'),(8970,715,191,'2016-06-28','2016-06-28 07:30:00','2016-06-28 08:30:00',NULL,NULL,NULL,'2016-06-28 07:35:13','2016-06-28 07:35:13'),(8971,715,192,'2016-06-28','2016-06-28 07:45:00','2016-06-28 08:45:00',NULL,NULL,NULL,'2016-06-28 07:45:19','2016-06-28 07:45:19'),(8972,715,174,'2016-06-28','2016-06-28 08:00:00','2016-06-28 09:00:00',NULL,NULL,NULL,'2016-06-28 08:03:06','2016-06-28 08:03:06'),(8973,715,187,'2016-06-28','2016-06-28 08:15:00','2016-06-28 09:15:00',NULL,NULL,NULL,'2016-06-28 08:25:09','2016-06-28 08:25:09'),(8974,716,202,'2016-06-28','2016-06-28 08:45:00','2016-06-28 09:45:00',NULL,NULL,NULL,'2016-06-28 08:55:15','2016-06-28 08:55:15'),(8975,712,185,'2016-06-28','2016-06-28 23:00:00','2016-06-29 00:00:00',NULL,NULL,NULL,'2016-06-28 23:03:00','2016-06-28 23:03:00'),(8976,715,181,'2016-06-28','2016-06-28 23:30:00','2016-06-29 00:30:00',NULL,NULL,NULL,'2016-06-28 23:30:17','2016-06-28 23:30:17'),(8977,715,194,'2016-06-29','2016-06-29 00:00:00','2016-06-29 01:00:00',NULL,NULL,NULL,'2016-06-29 00:03:06','2016-06-29 00:03:06'),(8978,716,203,'2016-06-29','2016-06-29 00:30:00','2016-06-29 01:30:00',NULL,NULL,NULL,'2016-06-29 00:35:19','2016-06-29 00:35:19'),(8979,715,193,'2016-06-29','2016-06-29 03:15:00','2016-06-29 04:15:00',NULL,NULL,NULL,'2016-06-29 03:20:17','2016-06-29 03:20:17'),(8980,715,188,'2016-06-29','2016-06-29 05:00:00','2016-06-29 06:00:00',NULL,NULL,NULL,'2016-06-29 05:00:39','2016-06-29 05:00:39'),(8981,715,192,'2016-06-29','2016-06-29 06:00:00','2016-06-29 07:00:00',NULL,NULL,NULL,'2016-06-29 06:02:14','2016-06-29 06:02:14'),(8982,712,185,'2016-06-29','2016-06-29 06:15:00','2016-06-29 07:15:00',NULL,NULL,NULL,'2016-06-29 06:25:17','2016-06-29 06:25:17'),(8983,716,184,'2016-06-29','2016-06-29 07:00:00','2016-06-29 08:00:00',NULL,NULL,NULL,'2016-06-29 07:01:54','2016-06-29 07:01:54'),(8984,715,174,'2016-06-29','2016-06-29 07:00:00','2016-06-29 08:00:00',NULL,NULL,NULL,'2016-06-29 07:01:54','2016-06-29 07:01:54'),(8985,715,196,'2016-06-29','2016-06-29 07:00:00','2016-06-29 08:00:00',NULL,NULL,NULL,'2016-06-29 07:01:54','2016-06-29 07:01:54'),(8986,716,201,'2016-06-29','2016-06-29 07:00:00','2016-06-29 08:00:00',NULL,NULL,NULL,'2016-06-29 07:01:55','2016-06-29 07:01:55'),(8987,715,183,'2016-06-29','2016-06-29 07:00:00','2016-06-29 08:00:00',NULL,NULL,NULL,'2016-06-29 07:01:55','2016-06-29 07:01:55'),(8988,716,202,'2016-06-29','2016-06-29 07:15:00','2016-06-29 08:15:00',NULL,NULL,NULL,'2016-06-29 07:25:11','2016-06-29 07:25:11'),(8989,715,190,'2016-06-29','2016-06-29 07:15:00','2016-06-29 08:15:00',NULL,NULL,NULL,'2016-06-29 07:25:11','2016-06-29 07:25:11'),(8990,715,191,'2016-06-29','2016-06-29 07:30:00','2016-06-29 08:30:00',NULL,NULL,NULL,'2016-06-29 07:30:54','2016-06-29 07:30:54'),(8991,716,176,'2016-06-29','2016-06-29 07:30:00','2016-06-29 08:30:00',NULL,NULL,NULL,'2016-06-29 07:35:13','2016-06-29 07:35:13'),(8992,716,182,'2016-06-29','2016-06-29 07:30:00','2016-06-29 08:30:00',NULL,NULL,NULL,'2016-06-29 07:35:13','2016-06-29 07:35:13'),(8993,715,181,'2016-06-29','2016-06-29 07:45:00','2016-06-29 08:45:00',NULL,NULL,NULL,'2016-06-29 07:45:20','2016-06-29 07:45:20'),(8994,715,187,'2016-06-29','2016-06-29 07:45:00','2016-06-29 08:45:00',NULL,NULL,NULL,'2016-06-29 07:45:20','2016-06-29 07:45:20'),(8995,715,173,'2016-06-29','2016-06-29 08:00:00','2016-06-29 09:00:00',NULL,NULL,NULL,'2016-06-29 08:10:13','2016-06-29 08:10:13'),(8996,716,204,'2016-06-29','2016-06-29 22:15:00','2016-06-29 23:15:00',NULL,NULL,NULL,'2016-06-29 22:25:15','2016-06-29 22:25:15'),(8997,715,180,'2016-06-29','2016-06-29 22:30:00','2016-06-29 23:30:00',NULL,NULL,NULL,'2016-06-29 22:30:08','2016-06-29 22:30:08'),(8998,715,189,'2016-06-29','2016-06-29 23:00:00','2016-06-30 00:00:00',NULL,NULL,NULL,'2016-06-29 23:03:24','2016-06-29 23:03:24'),(8999,715,178,'2016-06-29','2016-06-29 23:15:00','2016-06-30 00:15:00',NULL,NULL,NULL,'2016-06-29 23:20:17','2016-06-29 23:20:17'),(9000,716,203,'2016-06-30','2016-06-30 00:15:00','2016-06-30 01:15:00',NULL,NULL,NULL,'2016-06-30 00:25:13','2016-06-30 00:25:13'),(9001,716,202,'2016-06-30','2016-06-30 00:45:00','2016-06-30 01:45:00',NULL,NULL,NULL,'2016-06-30 00:45:22','2016-06-30 00:45:22'),(9002,715,189,'2016-06-30','2016-06-30 01:15:00','2016-06-30 02:15:00',NULL,NULL,NULL,'2016-06-30 01:15:17','2016-06-30 01:15:17'),(9003,715,188,'2016-06-30','2016-06-30 06:30:00','2016-06-30 07:30:00',NULL,NULL,NULL,'2016-06-30 06:30:13','2016-06-30 06:30:13'),(9004,716,201,'2016-06-30','2016-06-30 06:45:00','2016-06-30 07:45:00',NULL,NULL,NULL,'2016-06-30 06:55:14','2016-06-30 06:55:14'),(9005,716,184,'2016-06-30','2016-06-30 07:00:00','2016-06-30 08:00:00',NULL,NULL,NULL,'2016-06-30 07:01:35','2016-06-30 07:01:35'),(9006,715,193,'2016-06-30','2016-06-30 07:00:00','2016-06-30 08:00:00',NULL,NULL,NULL,'2016-06-30 07:01:36','2016-06-30 07:01:36'),(9007,715,196,'2016-06-30','2016-06-30 07:00:00','2016-06-30 08:00:00',NULL,NULL,NULL,'2016-06-30 07:01:36','2016-06-30 07:01:36'),(9008,715,194,'2016-06-30','2016-06-30 07:00:00','2016-06-30 08:00:00',NULL,NULL,NULL,'2016-06-30 07:01:36','2016-06-30 07:01:36'),(9009,715,183,'2016-06-30','2016-06-30 07:00:00','2016-06-30 08:00:00',NULL,NULL,NULL,'2016-06-30 07:02:55','2016-06-30 07:02:55'),(9010,716,204,'2016-06-30','2016-06-30 07:15:00','2016-06-30 08:15:00',NULL,NULL,NULL,'2016-06-30 07:15:10','2016-06-30 07:15:10'),(9011,715,190,'2016-06-30','2016-06-30 07:15:00','2016-06-30 08:15:00',NULL,NULL,NULL,'2016-06-30 07:20:14','2016-06-30 07:20:14'),(9012,715,180,'2016-06-30','2016-06-30 07:15:00','2016-06-30 08:15:00',NULL,NULL,NULL,'2016-06-30 07:20:14','2016-06-30 07:20:14'),(9013,712,168,'2016-06-30','2016-06-30 07:15:00','2016-06-30 08:15:00',NULL,NULL,NULL,'2016-06-30 07:20:14','2016-06-30 07:20:14'),(9014,716,176,'2016-06-30','2016-06-30 07:15:00','2016-06-30 08:15:00',NULL,NULL,NULL,'2016-06-30 07:25:15','2016-06-30 07:25:15'),(9015,715,181,'2016-06-30','2016-06-30 07:30:00','2016-06-30 08:30:00',NULL,NULL,NULL,'2016-06-30 07:31:01','2016-06-30 07:31:01'),(9016,715,191,'2016-06-30','2016-06-30 07:30:00','2016-06-30 08:30:00',NULL,NULL,NULL,'2016-06-30 07:31:01','2016-06-30 07:31:01'),(9017,716,182,'2016-06-30','2016-06-30 07:30:00','2016-06-30 08:30:00',NULL,NULL,NULL,'2016-06-30 07:35:12','2016-06-30 07:35:12'),(9018,712,185,'2016-06-30','2016-06-30 07:45:00','2016-06-30 08:45:00',NULL,NULL,NULL,'2016-06-30 07:45:17','2016-06-30 07:45:17'),(9019,715,192,'2016-06-30','2016-06-30 07:45:00','2016-06-30 08:45:00',NULL,NULL,NULL,'2016-06-30 07:45:17','2016-06-30 07:45:17'),(9020,715,173,'2016-06-30','2016-06-30 08:00:00','2016-06-30 09:00:00',NULL,NULL,NULL,'2016-06-30 08:02:36','2016-06-30 08:02:36'),(9021,715,174,'2016-06-30','2016-06-30 08:00:00','2016-06-30 09:00:00',NULL,NULL,NULL,'2016-06-30 08:10:15','2016-06-30 08:10:15'),(9022,715,187,'2016-06-30','2016-06-30 09:00:00','2016-06-30 10:00:00',NULL,NULL,NULL,'2016-06-30 09:05:11','2016-06-30 09:05:11'),(9023,715,178,'2016-06-30','2016-06-30 23:30:00','2016-07-01 00:30:00',NULL,NULL,NULL,'2016-06-30 23:36:05','2016-06-30 23:36:05'),(9024,716,197,'2016-07-01','2016-07-01 01:30:00','2016-07-01 02:30:00',NULL,NULL,NULL,'2016-07-01 01:30:29','2016-07-01 01:30:29'),(9025,715,173,'2016-07-01','2016-07-01 02:15:00','2016-07-01 03:15:00',NULL,NULL,NULL,'2016-07-01 02:15:26','2016-07-01 02:15:26'),(9026,716,204,'2016-07-01','2016-07-01 05:15:00','2016-07-01 06:15:00',NULL,NULL,NULL,'2016-07-01 05:20:18','2016-07-01 05:20:18'),(9027,716,184,'2016-07-01','2016-07-01 07:00:00','2016-07-01 08:00:00',NULL,NULL,NULL,'2016-07-01 07:01:46','2016-07-01 07:01:46'),(9028,715,194,'2016-07-01','2016-07-01 07:00:00','2016-07-01 08:00:00',NULL,NULL,NULL,'2016-07-01 07:01:46','2016-07-01 07:01:46'),(9029,715,174,'2016-07-01','2016-07-01 07:00:00','2016-07-01 08:00:00',NULL,NULL,NULL,'2016-07-01 07:03:56','2016-07-01 07:03:56'),(9030,715,190,'2016-07-01','2016-07-01 07:15:00','2016-07-01 08:15:00',NULL,NULL,NULL,'2016-07-01 07:20:08','2016-07-01 07:20:08'),(9031,715,180,'2016-07-01','2016-07-01 07:15:00','2016-07-01 08:15:00',NULL,NULL,NULL,'2016-07-01 07:20:08','2016-07-01 07:20:08'),(9032,715,189,'2016-07-01','2016-07-01 07:30:00','2016-07-01 08:30:00',NULL,NULL,NULL,'2016-07-01 07:30:08','2016-07-01 07:30:08'),(9033,712,185,'2016-07-01','2016-07-01 07:30:00','2016-07-01 08:30:00',NULL,NULL,NULL,'2016-07-01 07:35:16','2016-07-01 07:35:16'),(9034,715,191,'2016-07-01','2016-07-01 07:30:00','2016-07-01 08:30:00',NULL,NULL,NULL,'2016-07-01 07:35:17','2016-07-01 07:35:17'),(9035,715,183,'2016-07-01','2016-07-01 07:30:00','2016-07-01 08:30:00',NULL,NULL,NULL,'2016-07-01 07:35:17','2016-07-01 07:35:17'),(9036,715,192,'2016-07-01','2016-07-01 07:45:00','2016-07-01 08:45:00',NULL,NULL,NULL,'2016-07-01 07:45:17','2016-07-01 07:45:17'),(9037,715,181,'2016-07-01','2016-07-01 08:00:00','2016-07-01 09:00:00',NULL,NULL,NULL,'2016-07-01 08:00:49','2016-07-01 08:00:49'),(9038,715,196,'2016-07-01','2016-07-01 08:00:00','2016-07-01 09:00:00',NULL,NULL,NULL,'2016-07-01 08:02:23','2016-07-01 08:02:23'),(9039,716,202,'2016-07-01','2016-07-01 08:00:00','2016-07-01 09:00:00',NULL,NULL,NULL,'2016-07-01 08:10:11','2016-07-01 08:10:11'),(9040,715,178,'2016-07-01','2016-07-01 08:15:00','2016-07-01 09:15:00',NULL,NULL,NULL,'2016-07-01 08:15:19','2016-07-01 08:15:19'),(9041,715,187,'2016-07-01','2016-07-01 08:15:00','2016-07-01 09:15:00',NULL,NULL,NULL,'2016-07-01 08:20:13','2016-07-01 08:20:13'),(9042,715,188,'2016-07-03','2016-07-03 22:00:00','2016-07-03 23:00:00',NULL,NULL,NULL,'2016-07-03 22:03:42','2016-07-03 22:03:42'),(9043,716,184,'2016-07-03','2016-07-03 22:15:00','2016-07-03 23:15:00',NULL,NULL,NULL,'2016-07-03 22:20:08','2016-07-03 22:20:08'),(9044,715,189,'2016-07-03','2016-07-03 22:30:00','2016-07-03 23:30:00',NULL,NULL,NULL,'2016-07-03 22:30:10','2016-07-03 22:30:10'),(9045,715,194,'2016-07-03','2016-07-03 22:30:00','2016-07-03 23:30:00',NULL,NULL,NULL,'2016-07-03 22:35:10','2016-07-03 22:35:10'),(9046,715,193,'2016-07-03','2016-07-03 22:30:00','2016-07-03 23:30:00',NULL,NULL,NULL,'2016-07-03 22:35:10','2016-07-03 22:35:10'),(9047,716,176,'2016-07-03','2016-07-03 22:30:00','2016-07-03 23:30:00',NULL,NULL,NULL,'2016-07-03 22:40:18','2016-07-03 22:40:18'),(9048,715,183,'2016-07-03','2016-07-03 22:30:00','2016-07-03 23:30:00',NULL,NULL,NULL,'2016-07-03 22:40:18','2016-07-03 22:40:18'),(9049,715,180,'2016-07-03','2016-07-03 22:45:00','2016-07-03 23:45:00',NULL,NULL,NULL,'2016-07-03 22:50:36','2016-07-03 22:50:36'),(9050,715,190,'2016-07-03','2016-07-03 22:45:00','2016-07-03 23:45:00',NULL,NULL,NULL,'2016-07-03 22:50:36','2016-07-03 22:50:36'),(9051,716,182,'2016-07-03','2016-07-03 23:00:00','2016-07-04 00:00:00',NULL,NULL,NULL,'2016-07-03 23:00:28','2016-07-03 23:00:28'),(9052,712,185,'2016-07-03','2016-07-03 23:00:00','2016-07-04 00:00:00',NULL,NULL,NULL,'2016-07-03 23:04:02','2016-07-03 23:04:02'),(9053,715,196,'2016-07-03','2016-07-03 23:00:00','2016-07-04 00:00:00',NULL,NULL,NULL,'2016-07-03 23:04:02','2016-07-03 23:04:02'),(9054,715,191,'2016-07-03','2016-07-03 23:00:00','2016-07-04 00:00:00',NULL,NULL,NULL,'2016-07-03 23:10:23','2016-07-03 23:10:23'),(9055,715,192,'2016-07-03','2016-07-03 23:15:00','2016-07-04 00:15:00',NULL,NULL,NULL,'2016-07-03 23:20:20','2016-07-03 23:20:20'),(9056,716,197,'2016-07-03','2016-07-03 23:15:00','2016-07-04 00:15:00',NULL,NULL,NULL,'2016-07-03 23:25:13','2016-07-03 23:25:13'),(9057,715,181,'2016-07-03','2016-07-03 23:30:00','2016-07-04 00:30:00',NULL,NULL,NULL,'2016-07-03 23:30:09','2016-07-03 23:30:09'),(9058,715,178,'2016-07-03','2016-07-03 23:30:00','2016-07-04 00:30:00',NULL,NULL,NULL,'2016-07-03 23:35:15','2016-07-03 23:35:15'),(9059,715,173,'2016-07-03','2016-07-03 23:30:00','2016-07-04 00:30:00',NULL,NULL,NULL,'2016-07-03 23:40:12','2016-07-03 23:40:12'),(9060,716,204,'2016-07-03','2016-07-03 23:45:00','2016-07-04 00:45:00',NULL,NULL,NULL,'2016-07-03 23:45:19','2016-07-03 23:45:19'),(9061,715,187,'2016-07-03','2016-07-03 23:45:00','2016-07-04 00:45:00',NULL,NULL,NULL,'2016-07-03 23:50:11','2016-07-03 23:50:11'),(9062,716,202,'2016-07-03','2016-07-03 23:45:00','2016-07-04 00:45:00',NULL,NULL,NULL,'2016-07-03 23:55:18','2016-07-03 23:55:18'),(9063,717,203,'2016-07-04','2016-07-04 00:30:00','2016-07-04 01:30:00',NULL,NULL,NULL,'2016-07-04 00:35:13','2016-07-04 00:35:13'),(9064,718,159,'2016-07-04','2016-07-04 00:30:00','2016-07-04 01:30:00',NULL,NULL,NULL,'2016-07-04 00:35:29','2016-07-04 00:35:29'),(9065,719,173,'2016-07-04','2016-07-04 04:45:00','2016-07-04 05:45:00',NULL,NULL,NULL,'2016-07-04 04:45:14','2016-07-04 04:45:14'),(9066,719,188,'2016-07-04','2016-07-04 05:15:00','2016-07-04 06:15:00',NULL,NULL,NULL,'2016-07-04 05:15:11','2016-07-04 05:15:11'),(9067,717,176,'2016-07-04','2016-07-04 07:00:00','2016-07-04 08:00:00',NULL,NULL,NULL,'2016-07-04 07:05:17','2016-07-04 07:05:17'),(9068,719,180,'2016-07-04','2016-07-04 07:15:00','2016-07-04 08:15:00',NULL,NULL,NULL,'2016-07-04 07:15:16','2016-07-04 07:15:16'),(9069,719,190,'2016-07-04','2016-07-04 07:15:00','2016-07-04 08:15:00',NULL,NULL,NULL,'2016-07-04 07:15:16','2016-07-04 07:15:16'),(9070,717,197,'2016-07-04','2016-07-04 07:15:00','2016-07-04 08:15:00',NULL,NULL,NULL,'2016-07-04 07:20:15','2016-07-04 07:20:15'),(9071,718,185,'2016-07-04','2016-07-04 07:15:00','2016-07-04 08:15:00',NULL,NULL,NULL,'2016-07-04 07:25:12','2016-07-04 07:25:12'),(9072,719,191,'2016-07-04','2016-07-04 07:30:00','2016-07-04 08:30:00',NULL,NULL,NULL,'2016-07-04 07:30:53','2016-07-04 07:30:53'),(9073,719,192,'2016-07-04','2016-07-04 07:45:00','2016-07-04 08:45:00',NULL,NULL,NULL,'2016-07-04 07:45:15','2016-07-04 07:45:15'),(9074,719,181,'2016-07-04','2016-07-04 08:00:00','2016-07-04 09:00:00',NULL,NULL,NULL,'2016-07-04 08:05:10','2016-07-04 08:05:10'),(9075,719,178,'2016-07-04','2016-07-04 08:00:00','2016-07-04 09:00:00',NULL,NULL,NULL,'2016-07-04 08:10:16','2016-07-04 08:10:16'),(9076,719,187,'2016-07-04','2016-07-04 08:15:00','2016-07-04 09:15:00',NULL,NULL,NULL,'2016-07-04 08:25:10','2016-07-04 08:25:10'),(9077,717,202,'2016-07-04','2016-07-04 08:45:00','2016-07-04 09:45:00',NULL,NULL,NULL,'2016-07-04 08:50:10','2016-07-04 08:50:10'),(9078,717,184,'2016-07-04','2016-07-04 22:15:00','2016-07-04 23:15:00',NULL,NULL,NULL,'2016-07-04 22:20:09','2016-07-04 22:20:09'),(9079,719,189,'2016-07-04','2016-07-04 22:30:00','2016-07-04 23:30:00',NULL,NULL,NULL,'2016-07-04 22:30:15','2016-07-04 22:30:15'),(9080,719,193,'2016-07-04','2016-07-04 22:30:00','2016-07-04 23:30:00',NULL,NULL,NULL,'2016-07-04 22:30:15','2016-07-04 22:30:15'),(9081,719,194,'2016-07-04','2016-07-04 22:30:00','2016-07-04 23:30:00',NULL,NULL,NULL,'2016-07-04 22:40:20','2016-07-04 22:40:20'),(9082,719,183,'2016-07-04','2016-07-04 22:45:00','2016-07-04 23:45:00',NULL,NULL,NULL,'2016-07-04 22:50:25','2016-07-04 22:50:25'),(9083,717,182,'2016-07-04','2016-07-04 23:00:00','2016-07-05 00:00:00',NULL,NULL,NULL,'2016-07-04 23:05:14','2016-07-04 23:05:14'),(9084,719,196,'2016-07-04','2016-07-04 23:00:00','2016-07-05 00:00:00',NULL,NULL,NULL,'2016-07-04 23:10:16','2016-07-04 23:10:16'),(9085,717,201,'2016-07-04','2016-07-04 23:15:00','2016-07-05 00:15:00',NULL,NULL,NULL,'2016-07-04 23:15:26','2016-07-04 23:15:26'),(9086,717,204,'2016-07-04','2016-07-04 23:15:00','2016-07-05 00:15:00',NULL,NULL,NULL,'2016-07-04 23:15:26','2016-07-04 23:15:26'),(9087,719,174,'2016-07-04','2016-07-04 23:30:00','2016-07-05 00:30:00',NULL,NULL,NULL,'2016-07-04 23:35:12','2016-07-04 23:35:12'),(9088,717,204,'2016-07-05','2016-07-05 00:00:00','2016-07-05 01:00:00',NULL,NULL,NULL,'2016-07-05 00:02:51','2016-07-05 00:02:51'),(9089,719,188,'2016-07-05','2016-07-05 03:30:00','2016-07-05 04:30:00',NULL,NULL,NULL,'2016-07-05 03:30:58','2016-07-05 03:30:58'),(9090,717,201,'2016-07-05','2016-07-05 06:45:00','2016-07-05 07:45:00',NULL,NULL,NULL,'2016-07-05 06:50:29','2016-07-05 06:50:29'),(9091,717,184,'2016-07-05','2016-07-05 07:00:00','2016-07-05 08:00:00',NULL,NULL,NULL,'2016-07-05 07:01:55','2016-07-05 07:01:55'),(9092,719,189,'2016-07-05','2016-07-05 07:00:00','2016-07-05 08:00:00',NULL,NULL,NULL,'2016-07-05 07:01:55','2016-07-05 07:01:55'),(9093,719,193,'2016-07-05','2016-07-05 07:00:00','2016-07-05 08:00:00',NULL,NULL,NULL,'2016-07-05 07:01:55','2016-07-05 07:01:55'),(9094,717,176,'2016-07-05','2016-07-05 07:00:00','2016-07-05 08:00:00',NULL,NULL,NULL,'2016-07-05 07:01:55','2016-07-05 07:01:55'),(9095,719,194,'2016-07-05','2016-07-05 07:00:00','2016-07-05 08:00:00',NULL,NULL,NULL,'2016-07-05 07:01:55','2016-07-05 07:01:55'),(9096,719,183,'2016-07-05','2016-07-05 07:00:00','2016-07-05 08:00:00',NULL,NULL,NULL,'2016-07-05 07:03:49','2016-07-05 07:03:49'),(9097,719,190,'2016-07-05','2016-07-05 07:15:00','2016-07-05 08:15:00',NULL,NULL,NULL,'2016-07-05 07:15:12','2016-07-05 07:15:12'),(9098,719,180,'2016-07-05','2016-07-05 07:15:00','2016-07-05 08:15:00',NULL,NULL,NULL,'2016-07-05 07:20:12','2016-07-05 07:20:12'),(9099,717,197,'2016-07-05','2016-07-05 07:15:00','2016-07-05 08:15:00',NULL,NULL,NULL,'2016-07-05 07:20:13','2016-07-05 07:20:13'),(9100,719,181,'2016-07-05','2016-07-05 07:30:00','2016-07-05 08:30:00',NULL,NULL,NULL,'2016-07-05 07:30:54','2016-07-05 07:30:54'),(9101,719,196,'2016-07-05','2016-07-05 07:30:00','2016-07-05 08:30:00',NULL,NULL,NULL,'2016-07-05 07:30:54','2016-07-05 07:30:54'),(9102,718,185,'2016-07-05','2016-07-05 07:30:00','2016-07-05 08:30:00',NULL,NULL,NULL,'2016-07-05 07:30:54','2016-07-05 07:30:54'),(9103,719,191,'2016-07-05','2016-07-05 07:30:00','2016-07-05 08:30:00',NULL,NULL,NULL,'2016-07-05 07:30:54','2016-07-05 07:30:54'),(9104,717,182,'2016-07-05','2016-07-05 07:30:00','2016-07-05 08:30:00',NULL,NULL,NULL,'2016-07-05 07:35:16','2016-07-05 07:35:16'),(9105,719,192,'2016-07-05','2016-07-05 07:45:00','2016-07-05 08:45:00',NULL,NULL,NULL,'2016-07-05 07:45:16','2016-07-05 07:45:16'),(9106,719,174,'2016-07-05','2016-07-05 08:00:00','2016-07-05 09:00:00',NULL,NULL,NULL,'2016-07-05 08:01:10','2016-07-05 08:01:10'),(9107,719,173,'2016-07-05','2016-07-05 08:00:00','2016-07-05 09:00:00',NULL,NULL,NULL,'2016-07-05 08:01:10','2016-07-05 08:01:10'),(9108,717,202,'2016-07-05','2016-07-05 08:30:00','2016-07-05 09:30:00',NULL,NULL,NULL,'2016-07-05 08:30:16','2016-07-05 08:30:16'),(9109,719,187,'2016-07-05','2016-07-05 08:45:00','2016-07-05 09:45:00',NULL,NULL,NULL,'2016-07-05 08:50:34','2016-07-05 08:50:34'),(9110,719,178,'2016-07-05','2016-07-05 23:15:00','2016-07-06 00:15:00',NULL,NULL,NULL,'2016-07-05 23:25:12','2016-07-05 23:25:12'),(9111,719,188,'2016-07-06','2016-07-06 03:30:00','2016-07-06 04:30:00',NULL,NULL,NULL,'2016-07-06 03:31:07','2016-07-06 03:31:07'),(9112,719,178,'2016-07-06','2016-07-06 04:45:00','2016-07-06 05:45:00',NULL,NULL,NULL,'2016-07-06 04:55:18','2016-07-06 04:55:18'),(9113,719,187,'2016-07-06','2016-07-06 05:15:00','2016-07-06 06:15:00',NULL,NULL,NULL,'2016-07-06 05:25:19','2016-07-06 05:25:19'),(9114,717,201,'2016-07-06','2016-07-06 06:45:00','2016-07-06 07:45:00',NULL,NULL,NULL,'2016-07-06 06:50:18','2016-07-06 06:50:18'),(9115,717,184,'2016-07-06','2016-07-06 07:00:00','2016-07-06 08:00:00',NULL,NULL,NULL,'2016-07-06 07:02:26','2016-07-06 07:02:26'),(9116,717,176,'2016-07-06','2016-07-06 07:00:00','2016-07-06 08:00:00',NULL,NULL,NULL,'2016-07-06 07:02:27','2016-07-06 07:02:27'),(9117,719,189,'2016-07-06','2016-07-06 07:00:00','2016-07-06 08:00:00',NULL,NULL,NULL,'2016-07-06 07:02:27','2016-07-06 07:02:27'),(9118,719,193,'2016-07-06','2016-07-06 07:00:00','2016-07-06 08:00:00',NULL,NULL,NULL,'2016-07-06 07:02:27','2016-07-06 07:02:27'),(9119,717,204,'2016-07-06','2016-07-06 07:00:00','2016-07-06 08:00:00',NULL,NULL,NULL,'2016-07-06 07:03:43','2016-07-06 07:03:43'),(9120,719,194,'2016-07-06','2016-07-06 07:00:00','2016-07-06 08:00:00',NULL,NULL,NULL,'2016-07-06 07:10:14','2016-07-06 07:10:14'),(9121,719,192,'2016-07-06','2016-07-06 07:15:00','2016-07-06 08:15:00',NULL,NULL,NULL,'2016-07-06 07:15:18','2016-07-06 07:15:18'),(9122,717,197,'2016-07-06','2016-07-06 07:15:00','2016-07-06 08:15:00',NULL,NULL,NULL,'2016-07-06 07:15:18','2016-07-06 07:15:18'),(9123,719,180,'2016-07-06','2016-07-06 07:15:00','2016-07-06 08:15:00',NULL,NULL,NULL,'2016-07-06 07:20:07','2016-07-06 07:20:07'),(9124,719,190,'2016-07-06','2016-07-06 07:15:00','2016-07-06 08:15:00',NULL,NULL,NULL,'2016-07-06 07:20:07','2016-07-06 07:20:07'),(9125,719,183,'2016-07-06','2016-07-06 07:30:00','2016-07-06 08:30:00',NULL,NULL,NULL,'2016-07-06 07:30:55','2016-07-06 07:30:55'),(9126,719,196,'2016-07-06','2016-07-06 07:30:00','2016-07-06 08:30:00',NULL,NULL,NULL,'2016-07-06 07:30:55','2016-07-06 07:30:55'),(9127,718,185,'2016-07-06','2016-07-06 07:30:00','2016-07-06 08:30:00',NULL,NULL,NULL,'2016-07-06 07:30:55','2016-07-06 07:30:55'),(9128,719,191,'2016-07-06','2016-07-06 07:30:00','2016-07-06 08:30:00',NULL,NULL,NULL,'2016-07-06 07:30:56','2016-07-06 07:30:56'),(9129,719,181,'2016-07-06','2016-07-06 08:00:00','2016-07-06 09:00:00',NULL,NULL,NULL,'2016-07-06 08:01:13','2016-07-06 08:01:13'),(9130,719,174,'2016-07-06','2016-07-06 08:00:00','2016-07-06 09:00:00',NULL,NULL,NULL,'2016-07-06 08:02:09','2016-07-06 08:02:09'),(9131,719,173,'2016-07-06','2016-07-06 08:00:00','2016-07-06 09:00:00',NULL,NULL,NULL,'2016-07-06 08:02:09','2016-07-06 08:02:09'),(9132,717,202,'2016-07-06','2016-07-06 08:15:00','2016-07-06 09:15:00',NULL,NULL,NULL,'2016-07-06 08:20:10','2016-07-06 08:20:10'),(9133,717,182,'2016-07-06','2016-07-06 22:45:00','2016-07-06 23:45:00',NULL,NULL,NULL,'2016-07-06 22:55:13','2016-07-06 22:55:13'),(9134,717,176,'2016-07-07','2016-07-07 00:00:00','2016-07-07 01:00:00',NULL,NULL,NULL,'2016-07-07 00:00:47','2016-07-07 00:00:47'),(9135,719,181,'2016-07-07','2016-07-07 00:30:00','2016-07-07 01:30:00',NULL,NULL,NULL,'2016-07-07 00:30:17','2016-07-07 00:30:17'),(9136,718,185,'2016-07-07','2016-07-07 01:00:00','2016-07-07 02:00:00',NULL,NULL,NULL,'2016-07-07 01:10:20','2016-07-07 01:10:20'),(9137,718,168,'2016-07-07','2016-07-07 02:45:00','2016-07-07 03:45:00',NULL,NULL,NULL,'2016-07-07 02:55:13','2016-07-07 02:55:13'),(9138,719,188,'2016-07-07','2016-07-07 03:15:00','2016-07-07 04:15:00',NULL,NULL,NULL,'2016-07-07 03:15:13','2016-07-07 03:15:13'),(9139,717,201,'2016-07-07','2016-07-07 05:15:00','2016-07-07 06:15:00',NULL,NULL,NULL,'2016-07-07 05:15:14','2016-07-07 05:15:14'),(9140,719,180,'2016-07-07','2016-07-07 06:00:00','2016-07-07 07:00:00',NULL,NULL,NULL,'2016-07-07 06:01:41','2016-07-07 06:01:41'),(9141,717,184,'2016-07-07','2016-07-07 07:00:00','2016-07-07 08:00:00',NULL,NULL,NULL,'2016-07-07 07:01:41','2016-07-07 07:01:41'),(9142,719,193,'2016-07-07','2016-07-07 07:00:00','2016-07-07 08:00:00',NULL,NULL,NULL,'2016-07-07 07:01:41','2016-07-07 07:01:41'),(9143,719,194,'2016-07-07','2016-07-07 07:00:00','2016-07-07 08:00:00',NULL,NULL,NULL,'2016-07-07 07:01:41','2016-07-07 07:01:41'),(9144,719,189,'2016-07-07','2016-07-07 07:00:00','2016-07-07 08:00:00',NULL,NULL,NULL,'2016-07-07 07:01:42','2016-07-07 07:01:42'),(9145,717,204,'2016-07-07','2016-07-07 07:00:00','2016-07-07 08:00:00',NULL,NULL,NULL,'2016-07-07 07:03:20','2016-07-07 07:03:20'),(9146,719,183,'2016-07-07','2016-07-07 07:00:00','2016-07-07 08:00:00',NULL,NULL,NULL,'2016-07-07 07:05:11','2016-07-07 07:05:11'),(9147,719,190,'2016-07-07','2016-07-07 07:15:00','2016-07-07 08:15:00',NULL,NULL,NULL,'2016-07-07 07:15:11','2016-07-07 07:15:11'),(9148,717,197,'2016-07-07','2016-07-07 07:15:00','2016-07-07 08:15:00',NULL,NULL,NULL,'2016-07-07 07:15:11','2016-07-07 07:15:11'),(9149,719,196,'2016-07-07','2016-07-07 07:30:00','2016-07-07 08:30:00',NULL,NULL,NULL,'2016-07-07 07:31:02','2016-07-07 07:31:02'),(9150,719,191,'2016-07-07','2016-07-07 07:30:00','2016-07-07 08:30:00',NULL,NULL,NULL,'2016-07-07 07:31:02','2016-07-07 07:31:02'),(9151,717,182,'2016-07-07','2016-07-07 07:30:00','2016-07-07 08:30:00',NULL,NULL,NULL,'2016-07-07 07:35:18','2016-07-07 07:35:18'),(9152,719,192,'2016-07-07','2016-07-07 07:45:00','2016-07-07 08:45:00',NULL,NULL,NULL,'2016-07-07 07:45:16','2016-07-07 07:45:16'),(9153,719,173,'2016-07-07','2016-07-07 08:00:00','2016-07-07 09:00:00',NULL,NULL,NULL,'2016-07-07 08:01:16','2016-07-07 08:01:16'),(9154,719,174,'2016-07-07','2016-07-07 08:00:00','2016-07-07 09:00:00',NULL,NULL,NULL,'2016-07-07 08:01:16','2016-07-07 08:01:16'),(9155,719,187,'2016-07-07','2016-07-07 08:00:00','2016-07-07 09:00:00',NULL,NULL,NULL,'2016-07-07 08:05:08','2016-07-07 08:05:08'),(9156,717,202,'2016-07-07','2016-07-07 08:45:00','2016-07-07 09:45:00',NULL,NULL,NULL,'2016-07-07 08:55:12','2016-07-07 08:55:12'),(9157,719,178,'2016-07-07','2016-07-07 23:15:00','2016-07-08 00:15:00',NULL,NULL,NULL,'2016-07-07 23:20:19','2016-07-07 23:20:19'),(9158,719,191,'2016-07-08','2016-07-08 03:30:00','2016-07-08 04:30:00',NULL,NULL,NULL,'2016-07-08 03:31:01','2016-07-08 03:31:01'),(9159,718,185,'2016-07-08','2016-07-08 03:30:00','2016-07-08 04:30:00',NULL,NULL,NULL,'2016-07-08 03:40:13','2016-07-08 03:40:13'),(9160,717,204,'2016-07-08','2016-07-08 04:00:00','2016-07-08 05:00:00',NULL,NULL,NULL,'2016-07-08 04:05:11','2016-07-08 04:05:11');
/*!40000 ALTER TABLE `rostered_shift` ENABLE KEYS */;
UNLOCK TABLES;

--
-- Table structure for table `rostered_shift_history`
--

DROP TABLE IF EXISTS `rostered_shift_history`;
/*!40101 SET @saved_cs_client     = @@character_set_client */;
/*!40101 SET character_set_client = utf8 */;
CREATE TABLE `rostered_shift_history` (
  `id` int(10) unsigned NOT NULL AUTO_INCREMENT,
  `created_at` timestamp NOT NULL DEFAULT '0000-00-00 00:00:00',
  `updated_at` timestamp NOT NULL DEFAULT '0000-00-00 00:00:00',
  `created_by` int(10) unsigned NOT NULL,
  `roster_id` int(10) unsigned NOT NULL,
  `user_id` int(10) unsigned NOT NULL,
  `created_event_id` int(10) unsigned DEFAULT NULL,
  `rostered_shift_id` int(10) unsigned DEFAULT NULL,
  `date` date NOT NULL,
  `start_time` timestamp NOT NULL DEFAULT '0000-00-00 00:00:00',
  `end_time` timestamp NOT NULL DEFAULT '0000-00-00 00:00:00',
  `event_type` enum('created','updated','deleted') COLLATE utf8_unicode_ci NOT NULL,
  PRIMARY KEY (`id`),
  KEY `rostered_shift_history_created_by_foreign` (`created_by`),
  KEY `rostered_shift_history_user_id_foreign` (`user_id`),
  KEY `rostered_shift_history_roster_id_foreign` (`roster_id`),
  KEY `rostered_shift_history_rostered_shift_id_foreign` (`rostered_shift_id`),
  KEY `rostered_shift_history_created_event_id_foreign` (`created_event_id`),
  CONSTRAINT `rostered_shift_history_created_by_foreign` FOREIGN KEY (`created_by`) REFERENCES `user` (`id`),
  CONSTRAINT `rostered_shift_history_created_event_id_foreign` FOREIGN KEY (`created_event_id`) REFERENCES `rostered_shift_history` (`id`),
  CONSTRAINT `rostered_shift_history_roster_id_foreign` FOREIGN KEY (`roster_id`) REFERENCES `roster` (`id`),
  CONSTRAINT `rostered_shift_history_rostered_shift_id_foreign` FOREIGN KEY (`rostered_shift_id`) REFERENCES `rostered_shift` (`id`) ON DELETE SET NULL,
  CONSTRAINT `rostered_shift_history_user_id_foreign` FOREIGN KEY (`user_id`) REFERENCES `user` (`id`)
) ENGINE=InnoDB AUTO_INCREMENT=6812 DEFAULT CHARSET=utf8 COLLATE=utf8_unicode_ci;
/*!40101 SET character_set_client = @saved_cs_client */;

--
-- Dumping data for table `rostered_shift_history`
--

LOCK TABLES `rostered_shift_history` WRITE;
/*!40000 ALTER TABLE `rostered_shift_history` DISABLE KEYS */;
INSERT INTO `rostered_shift_history` VALUES (6704,'2016-01-17 10:02:10','2016-01-17 10:02:10',167,621,159,NULL,6263,'2016-02-01','2016-01-31 22:00:00','2016-02-01 06:00:00','created'),(6705,'2016-01-18 04:23:24','2016-01-18 04:23:24',172,625,172,NULL,6264,'2016-01-18','2016-01-17 21:30:00','2016-01-18 06:00:00','created'),(6706,'2016-01-28 21:53:25','2016-01-28 21:53:25',168,629,168,NULL,6265,'2016-02-01','2016-01-31 22:00:00','2016-02-01 07:00:00','created'),(6707,'2016-01-28 21:53:25','2016-01-28 21:53:25',168,629,168,NULL,NULL,'2016-02-02','2016-02-01 22:00:00','2016-02-02 07:00:00','created'),(6708,'2016-01-28 21:53:25','2016-01-28 21:53:25',168,629,168,NULL,NULL,'2016-02-03','2016-02-02 22:00:00','2016-02-03 07:00:00','created'),(6709,'2016-01-28 21:53:25','2016-01-28 21:53:25',168,629,168,NULL,NULL,'2016-02-04','2016-02-03 22:00:00','2016-02-04 07:00:00','created'),(6710,'2016-01-28 21:53:25','2016-01-28 21:53:25',168,629,168,NULL,NULL,'2016-02-05','2016-02-04 22:00:00','2016-02-05 07:00:00','created'),(6711,'2016-01-28 21:53:25','2016-01-28 21:53:25',168,629,168,NULL,NULL,'2016-02-06','2016-02-05 22:00:00','2016-02-06 07:00:00','created'),(6712,'2016-01-28 21:53:25','2016-01-28 21:53:25',168,629,168,NULL,6271,'2016-02-07','2016-02-06 22:00:00','2016-02-07 07:00:00','created'),(6713,'2016-01-28 21:53:48','2016-01-28 21:53:48',168,630,168,NULL,6272,'2016-02-08','2016-02-07 22:00:00','2016-02-08 07:00:00','created'),(6714,'2016-01-28 21:53:48','2016-01-28 21:53:48',168,630,168,NULL,NULL,'2016-02-09','2016-02-08 22:00:00','2016-02-09 07:00:00','created'),(6715,'2016-01-28 21:53:48','2016-01-28 21:53:48',168,630,168,NULL,NULL,'2016-02-10','2016-02-09 22:00:00','2016-02-10 05:00:00','created'),(6716,'2016-01-28 21:53:48','2016-01-28 21:53:48',168,630,168,NULL,NULL,'2016-02-11','2016-02-10 22:00:00','2016-02-11 05:00:00','created'),(6717,'2016-01-28 21:53:48','2016-01-28 21:53:48',168,630,168,NULL,NULL,'2016-02-12','2016-02-11 22:00:00','2016-02-12 05:00:00','created'),(6718,'2016-01-28 21:53:48','2016-01-28 21:53:48',168,630,168,NULL,NULL,'2016-02-13','2016-02-12 22:00:00','2016-02-13 05:00:00','created'),(6719,'2016-01-28 21:53:48','2016-01-28 21:53:48',168,630,168,NULL,6278,'2016-02-14','2016-02-13 22:00:00','2016-02-14 05:00:00','created'),(6720,'2016-01-28 21:54:05','2016-01-28 21:54:05',168,631,168,NULL,6279,'2016-02-15','2016-02-14 23:00:00','2016-02-15 04:00:00','created'),(6721,'2016-01-28 21:54:05','2016-01-28 21:54:05',168,631,168,NULL,NULL,'2016-02-16','2016-02-15 23:00:00','2016-02-16 04:00:00','created'),(6722,'2016-01-28 21:54:05','2016-01-28 21:54:05',168,631,168,NULL,NULL,'2016-02-17','2016-02-16 23:00:00','2016-02-17 04:00:00','created'),(6723,'2016-01-28 21:54:05','2016-01-28 21:54:05',168,631,168,NULL,NULL,'2016-02-18','2016-02-17 23:00:00','2016-02-18 04:00:00','created'),(6724,'2016-01-28 21:54:05','2016-01-28 21:54:05',168,631,168,NULL,NULL,'2016-02-19','2016-02-18 23:00:00','2016-02-19 04:00:00','created'),(6725,'2016-01-28 21:54:05','2016-01-28 21:54:05',168,631,168,NULL,NULL,'2016-02-20','2016-02-19 23:00:00','2016-02-20 04:00:00','created'),(6726,'2016-01-28 21:54:05','2016-01-28 21:54:05',168,631,168,NULL,6285,'2016-02-21','2016-02-20 23:00:00','2016-02-21 04:00:00','created'),(6727,'2016-01-28 21:55:07','2016-01-28 21:55:07',168,628,168,NULL,6286,'2016-01-25','2016-01-24 22:00:00','2016-01-25 04:00:00','created'),(6728,'2016-01-28 21:55:07','2016-01-28 21:55:07',168,628,168,NULL,NULL,'2016-01-26','2016-01-25 22:00:00','2016-01-26 04:00:00','created'),(6729,'2016-01-28 21:55:07','2016-01-28 21:55:07',168,628,168,NULL,NULL,'2016-01-27','2016-01-26 22:00:00','2016-01-27 04:00:00','created'),(6730,'2016-01-28 21:55:07','2016-01-28 21:55:07',168,628,168,NULL,NULL,'2016-01-28','2016-01-27 22:00:00','2016-01-28 04:00:00','created'),(6731,'2016-01-28 21:55:07','2016-01-28 21:55:07',168,628,168,NULL,NULL,'2016-01-29','2016-01-28 22:00:00','2016-01-29 04:00:00','created'),(6732,'2016-01-28 21:55:07','2016-01-28 21:55:07',168,628,168,NULL,NULL,'2016-01-30','2016-01-29 22:00:00','2016-01-30 04:00:00','created'),(6733,'2016-01-28 21:55:07','2016-01-28 21:55:07',168,628,168,NULL,6292,'2016-01-31','2016-01-30 22:00:00','2016-01-31 04:00:00','created'),(6734,'2016-01-28 23:43:46','2016-01-28 23:43:46',168,628,173,NULL,6293,'2016-01-25','2016-01-24 22:00:00','2016-01-25 06:30:00','created'),(6735,'2016-01-28 23:43:46','2016-01-28 23:43:46',168,628,173,NULL,NULL,'2016-01-26','2016-01-25 22:30:00','2016-01-26 07:00:00','created'),(6736,'2016-01-28 23:43:46','2016-01-28 23:43:46',168,628,173,NULL,NULL,'2016-01-27','2016-01-26 22:30:00','2016-01-27 07:00:00','created'),(6737,'2016-01-28 23:43:46','2016-01-28 23:43:46',168,628,173,NULL,NULL,'2016-01-28','2016-01-27 22:00:00','2016-01-28 06:30:00','created'),(6738,'2016-01-28 23:43:46','2016-01-28 23:43:46',168,628,173,NULL,NULL,'2016-01-29','2016-01-28 22:00:00','2016-01-29 06:30:00','created'),(6739,'2016-01-28 23:44:28','2016-01-28 23:44:28',168,629,173,NULL,6298,'2016-02-01','2016-01-31 22:00:00','2016-02-01 06:30:00','created'),(6740,'2016-01-28 23:44:28','2016-01-28 23:44:28',168,629,173,NULL,NULL,'2016-02-02','2016-02-01 22:30:00','2016-02-02 07:00:00','created'),(6741,'2016-01-28 23:44:28','2016-01-28 23:44:28',168,629,173,NULL,NULL,'2016-02-03','2016-02-02 22:30:00','2016-02-03 07:00:00','created'),(6742,'2016-01-28 23:44:28','2016-01-28 23:44:28',168,629,173,NULL,NULL,'2016-02-04','2016-02-03 22:00:00','2016-02-04 06:30:00','created'),(6743,'2016-01-28 23:44:28','2016-01-28 23:44:28',168,629,173,NULL,NULL,'2016-02-05','2016-02-04 22:00:00','2016-02-05 06:30:00','created'),(6744,'2016-01-28 23:44:51','2016-01-28 23:44:51',168,630,173,NULL,6303,'2016-02-08','2016-02-07 22:00:00','2016-02-08 04:00:00','created'),(6745,'2016-01-28 23:44:51','2016-01-28 23:44:51',168,630,173,NULL,NULL,'2016-02-09','2016-02-08 22:00:00','2016-02-09 05:00:00','created'),(6746,'2016-01-28 23:44:51','2016-01-28 23:44:51',168,630,173,NULL,NULL,'2016-02-10','2016-02-09 22:00:00','2016-02-10 06:00:00','created'),(6747,'2016-01-28 23:44:51','2016-01-28 23:44:51',168,630,173,NULL,NULL,'2016-02-11','2016-02-10 22:00:00','2016-02-11 06:30:00','created'),(6748,'2016-01-28 23:44:51','2016-01-28 23:44:51',168,630,173,NULL,NULL,'2016-02-12','2016-02-11 22:30:00','2016-02-12 07:00:00','created'),(6749,'2016-01-28 23:48:37','2016-01-28 23:48:37',171,645,171,NULL,6308,'2016-01-25','2016-01-24 21:30:00','2016-01-25 06:00:00','created'),(6750,'2016-01-28 23:48:37','2016-01-28 23:48:37',171,645,171,NULL,6309,'2016-01-26','2016-01-25 21:30:00','2016-01-26 06:00:00','created'),(6751,'2016-01-28 23:48:37','2016-01-28 23:48:37',171,645,171,NULL,6310,'2016-01-27','2016-01-26 21:30:00','2016-01-27 06:00:00','created'),(6752,'2016-01-28 23:48:37','2016-01-28 23:48:37',171,645,171,NULL,6311,'2016-01-28','2016-01-27 21:30:00','2016-01-28 06:00:00','created'),(6753,'2016-01-28 23:48:37','2016-01-28 23:48:37',171,645,171,NULL,6312,'2016-01-29','2016-01-28 21:30:00','2016-01-29 06:00:00','created'),(6754,'2016-01-29 00:05:23','2016-01-29 00:05:23',168,628,174,NULL,6313,'2016-01-25','2016-01-24 22:00:00','2016-01-25 06:00:00','created'),(6755,'2016-01-29 00:05:23','2016-01-29 00:05:23',168,628,174,NULL,NULL,'2016-01-26','2016-01-25 22:30:00','2016-01-26 06:00:00','created'),(6756,'2016-01-29 00:05:23','2016-01-29 00:05:23',168,628,174,NULL,NULL,'2016-01-27','2016-01-26 22:40:00','2016-01-27 06:30:00','created'),(6757,'2016-01-29 00:05:23','2016-01-29 00:05:23',168,628,174,NULL,NULL,'2016-01-28','2016-01-27 22:30:00','2016-01-28 06:30:00','created'),(6758,'2016-01-29 00:05:23','2016-01-29 00:05:23',168,628,174,NULL,NULL,'2016-01-29','2016-01-28 23:00:00','2016-01-29 07:00:00','created'),(6759,'2016-01-29 00:05:51','2016-01-29 00:05:51',168,629,174,NULL,6318,'2016-02-01','2016-01-31 23:00:00','2016-02-01 07:00:00','created'),(6760,'2016-01-29 00:05:51','2016-01-29 00:05:51',168,629,174,NULL,NULL,'2016-02-02','2016-02-01 23:00:00','2016-02-02 07:00:00','created'),(6761,'2016-01-29 00:05:51','2016-01-29 00:05:51',168,629,174,NULL,NULL,'2016-02-03','2016-02-02 23:00:00','2016-02-03 07:00:00','created'),(6762,'2016-01-29 00:05:51','2016-01-29 00:05:51',168,629,174,NULL,NULL,'2016-02-04','2016-02-03 23:00:00','2016-02-04 07:00:00','created'),(6763,'2016-01-29 00:05:51','2016-01-29 00:05:51',168,629,174,NULL,NULL,'2016-02-05','2016-02-04 23:00:00','2016-02-05 07:00:00','created'),(6764,'2016-01-29 00:06:03','2016-01-29 00:06:03',168,630,174,NULL,6323,'2016-02-08','2016-02-07 23:00:00','2016-02-08 07:00:00','created'),(6765,'2016-01-29 00:06:03','2016-01-29 00:06:03',168,630,174,NULL,NULL,'2016-02-09','2016-02-08 23:00:00','2016-02-09 07:00:00','created'),(6766,'2016-01-29 00:06:03','2016-01-29 00:06:03',168,630,174,NULL,NULL,'2016-02-10','2016-02-09 23:00:00','2016-02-10 07:00:00','created'),(6767,'2016-01-29 00:06:03','2016-01-29 00:06:03',168,630,174,NULL,NULL,'2016-02-11','2016-02-10 23:00:00','2016-02-11 07:00:00','created'),(6768,'2016-01-29 00:06:03','2016-01-29 00:06:03',168,630,174,NULL,NULL,'2016-02-12','2016-02-11 23:00:00','2016-02-12 07:00:00','created'),(6769,'2016-01-29 00:10:23','2016-01-29 00:10:23',168,629,174,6760,NULL,'2016-02-02','2016-02-01 23:00:00','2016-02-02 07:00:00','updated'),(6770,'2016-01-29 00:10:23','2016-01-29 00:10:23',168,629,168,6707,NULL,'2016-02-02','2016-02-01 22:00:00','2016-02-02 07:00:00','updated'),(6771,'2016-01-29 00:10:23','2016-01-29 00:10:23',168,629,173,6740,NULL,'2016-02-02','2016-02-01 22:30:00','2016-02-02 07:00:00','updated'),(6772,'2016-01-29 00:36:12','2016-01-29 00:36:12',171,645,171,6749,6308,'2016-01-25','2016-01-24 21:30:00','2016-01-25 06:00:00','updated'),(6773,'2016-01-29 00:36:12','2016-01-29 00:36:12',171,645,171,6750,6309,'2016-01-26','2016-01-25 21:30:00','2016-01-26 06:00:00','updated'),(6774,'2016-01-29 00:36:12','2016-01-29 00:36:12',171,645,171,6751,6310,'2016-01-27','2016-01-26 21:30:00','2016-01-27 06:00:00','updated'),(6775,'2016-01-29 00:36:12','2016-01-29 00:36:12',171,645,171,6752,6311,'2016-01-28','2016-01-27 21:30:00','2016-01-28 06:00:00','updated'),(6776,'2016-01-29 00:36:12','2016-01-29 00:36:12',171,645,171,6753,6312,'2016-01-29','2016-01-28 21:30:00','2016-01-29 06:00:00','updated'),(6777,'2016-01-29 00:36:17','2016-01-29 00:36:17',171,645,171,6749,6308,'2016-01-25','2016-01-24 21:30:00','2016-01-25 06:00:00','updated'),(6778,'2016-01-29 00:36:17','2016-01-29 00:36:17',171,645,171,6750,6309,'2016-01-26','2016-01-25 21:30:00','2016-01-26 06:00:00','updated'),(6779,'2016-01-29 00:36:17','2016-01-29 00:36:17',171,645,171,6751,6310,'2016-01-27','2016-01-26 21:30:00','2016-01-27 06:00:00','updated'),(6780,'2016-01-29 00:36:17','2016-01-29 00:36:17',171,645,171,6752,6311,'2016-01-28','2016-01-27 21:30:00','2016-01-28 06:00:00','updated'),(6781,'2016-01-29 00:36:17','2016-01-29 00:36:17',171,645,171,6753,6312,'2016-01-29','2016-01-28 21:30:00','2016-01-29 06:00:00','updated'),(6782,'2016-01-29 03:43:32','2016-01-29 03:43:32',171,645,171,6753,6312,'2016-01-29','2016-01-28 21:30:00','2016-01-29 06:30:00','updated'),(6783,'2016-01-29 03:44:17','2016-01-29 03:44:17',171,645,171,6751,6310,'2016-01-27','2016-01-26 21:30:00','2016-01-27 06:30:00','updated'),(6784,'2016-01-29 03:44:45','2016-01-29 03:44:45',171,650,171,NULL,6328,'2016-02-01','2016-02-01 00:11:00','2016-02-01 01:12:00','created'),(6785,'2016-01-29 03:55:30','2016-01-29 03:55:30',168,632,168,NULL,NULL,'2016-02-22','2016-02-21 22:00:00','2016-02-22 07:00:00','created'),(6786,'2016-01-29 03:55:30','2016-01-29 03:55:30',168,632,168,NULL,NULL,'2016-02-23','2016-02-22 22:00:00','2016-02-23 07:00:00','created'),(6787,'2016-01-29 03:55:30','2016-01-29 03:55:30',168,632,168,NULL,NULL,'2016-02-24','2016-02-23 22:00:00','2016-02-24 07:00:00','created'),(6788,'2016-01-29 03:55:30','2016-01-29 03:55:30',168,632,168,NULL,NULL,'2016-02-25','2016-02-24 22:00:00','2016-02-25 07:00:00','created'),(6789,'2016-01-29 03:55:30','2016-01-29 03:55:30',168,632,168,NULL,NULL,'2016-02-26','2016-02-25 22:00:00','2016-02-26 07:00:00','created'),(6790,'2016-01-29 03:55:30','2016-01-29 03:55:30',168,632,168,NULL,NULL,'2016-02-27','2016-02-26 22:00:00','2016-02-27 07:00:00','created'),(6791,'2016-01-29 03:55:30','2016-01-29 03:55:30',168,632,168,NULL,NULL,'2016-02-28','2016-02-27 22:00:00','2016-02-28 07:00:00','created'),(6792,'2016-01-29 03:55:30','2016-01-29 03:55:30',168,632,173,NULL,6336,'2016-02-22','2016-02-21 22:00:00','2016-02-21 23:00:00','created'),(6793,'2016-01-29 03:55:30','2016-01-29 03:55:30',168,632,173,NULL,NULL,'2016-02-23','2016-02-22 22:00:00','2016-02-23 07:00:00','created'),(6794,'2016-01-29 03:55:30','2016-01-29 03:55:30',168,632,173,NULL,NULL,'2016-02-24','2016-02-23 22:00:00','2016-02-24 04:00:00','created'),(6795,'2016-01-29 03:55:30','2016-01-29 03:55:30',168,632,173,NULL,NULL,'2016-02-25','2016-02-24 22:30:00','2016-02-24 23:00:00','created'),(6796,'2016-01-29 03:55:30','2016-01-29 03:55:30',168,632,173,NULL,NULL,'2016-02-26','2016-02-25 22:30:00','2016-02-26 07:00:00','created'),(6797,'2016-01-29 03:55:30','2016-01-29 03:55:30',168,632,174,NULL,6341,'2016-02-22','2016-02-21 22:30:00','2016-02-22 01:00:00','created'),(6798,'2016-01-29 03:55:30','2016-01-29 03:55:30',168,632,174,NULL,NULL,'2016-02-23','2016-02-22 22:30:00','2016-02-23 01:30:00','created'),(6799,'2016-01-29 03:55:30','2016-01-29 03:55:30',168,632,174,NULL,NULL,'2016-02-24','2016-02-23 22:30:00','2016-02-24 01:30:00','created'),(6800,'2016-01-29 03:55:30','2016-01-29 03:55:30',168,632,174,NULL,NULL,'2016-02-25','2016-02-24 22:30:00','2016-02-25 07:00:00','created'),(6801,'2016-01-29 03:55:30','2016-01-29 03:55:30',168,632,174,NULL,NULL,'2016-02-26','2016-02-25 22:30:00','2016-02-26 07:00:00','created'),(6802,'2016-02-02 05:23:19','2016-02-02 05:23:19',176,629,168,6706,6265,'2016-02-01','2016-01-31 21:30:00','2016-02-01 07:00:00','updated'),(6803,'2016-02-02 05:23:19','2016-02-02 05:23:19',176,629,176,NULL,6346,'2016-02-01','2016-01-31 21:30:00','2016-02-01 06:00:00','created'),(6804,'2016-02-02 05:23:19','2016-02-02 05:23:19',176,629,176,NULL,NULL,'2016-02-02','2016-02-01 21:30:00','2016-02-02 06:00:00','created'),(6805,'2016-02-02 05:23:19','2016-02-02 05:23:19',176,629,176,NULL,NULL,'2016-02-03','2016-02-02 21:30:00','2016-02-03 06:00:00','created'),(6806,'2016-02-02 05:23:19','2016-02-02 05:23:19',176,629,176,NULL,NULL,'2016-02-04','2016-02-03 21:30:00','2016-02-04 06:00:00','created'),(6807,'2016-02-02 05:23:19','2016-02-02 05:23:19',176,629,176,NULL,NULL,'2016-02-05','2016-02-04 21:30:00','2016-02-05 06:00:00','created'),(6808,'2016-02-02 05:48:42','2016-02-02 05:48:42',170,629,168,6706,6265,'2016-02-01','2016-01-31 21:00:00','2016-02-01 07:00:00','updated'),(6809,'2016-02-02 05:48:42','2016-02-02 05:48:42',170,629,173,6739,6298,'2016-02-01','2016-01-31 21:00:00','2016-02-01 07:00:00','updated'),(6810,'2016-02-02 05:50:12','2016-02-02 05:50:12',170,655,170,NULL,6351,'2016-02-01','2016-01-31 21:00:00','2016-02-01 07:00:00','created'),(6811,'2016-02-02 05:50:12','2016-02-02 05:50:12',170,655,170,NULL,6352,'2016-02-02','2016-02-01 21:30:00','2016-02-02 06:30:00','created');
/*!40000 ALTER TABLE `rostered_shift_history` ENABLE KEYS */;
UNLOCK TABLES;

--
-- Table structure for table `rostered_shift_modified`
--

DROP TABLE IF EXISTS `rostered_shift_modified`;
/*!40101 SET @saved_cs_client     = @@character_set_client */;
/*!40101 SET character_set_client = utf8 */;
CREATE TABLE `rostered_shift_modified` (
  `id` int(10) unsigned NOT NULL AUTO_INCREMENT,
  `rostered_shift_id` int(10) unsigned NOT NULL,
  `user_id` int(10) unsigned NOT NULL,
  `event_details` text COLLATE utf8_unicode_ci NOT NULL,
  `created_at` timestamp NULL DEFAULT NULL,
  `updated_at` timestamp NULL DEFAULT NULL,
  PRIMARY KEY (`id`),
  KEY `rostered_shift_modified_rostered_shift_id_foreign` (`rostered_shift_id`),
  KEY `rostered_shift_modified_user_id_foreign` (`user_id`),
  CONSTRAINT `rostered_shift_modified_rostered_shift_id_foreign` FOREIGN KEY (`rostered_shift_id`) REFERENCES `rostered_shift` (`id`),
  CONSTRAINT `rostered_shift_modified_user_id_foreign` FOREIGN KEY (`user_id`) REFERENCES `user` (`id`)
) ENGINE=InnoDB DEFAULT CHARSET=utf8 COLLATE=utf8_unicode_ci;
/*!40101 SET character_set_client = @saved_cs_client */;

--
-- Dumping data for table `rostered_shift_modified`
--

LOCK TABLES `rostered_shift_modified` WRITE;
/*!40000 ALTER TABLE `rostered_shift_modified` DISABLE KEYS */;
/*!40000 ALTER TABLE `rostered_shift_modified` ENABLE KEYS */;
UNLOCK TABLES;

--
-- Table structure for table `schedule`
--

DROP TABLE IF EXISTS `schedule`;
/*!40101 SET @saved_cs_client     = @@character_set_client */;
/*!40101 SET character_set_client = utf8 */;
CREATE TABLE `schedule` (
  `id` int(10) unsigned NOT NULL AUTO_INCREMENT,
  `created_at` timestamp NOT NULL DEFAULT '0000-00-00 00:00:00',
  `updated_at` timestamp NOT NULL DEFAULT '0000-00-00 00:00:00',
  `role_id` int(10) unsigned NOT NULL,
  `start_date` date NOT NULL,
  `end_date` date NOT NULL,
  PRIMARY KEY (`id`),
  KEY `schedule_role_id_foreign` (`role_id`),
  CONSTRAINT `schedule_role_id_foreign` FOREIGN KEY (`role_id`) REFERENCES `role` (`id`)
) ENGINE=InnoDB AUTO_INCREMENT=36 DEFAULT CHARSET=utf8 COLLATE=utf8_unicode_ci;
/*!40101 SET character_set_client = @saved_cs_client */;

--
-- Dumping data for table `schedule`
--

LOCK TABLES `schedule` WRITE;
/*!40000 ALTER TABLE `schedule` DISABLE KEYS */;
INSERT INTO `schedule` VALUES (34,'2016-05-19 23:45:44','2016-05-19 23:45:44',5,'2016-05-16','2016-05-22'),(35,'2016-07-08 01:43:13','2016-07-08 01:43:13',5,'2016-07-04','2016-07-10');
/*!40000 ALTER TABLE `schedule` ENABLE KEYS */;
UNLOCK TABLES;

--
-- Table structure for table `scheduled_shift`
--

DROP TABLE IF EXISTS `scheduled_shift`;
/*!40101 SET @saved_cs_client     = @@character_set_client */;
/*!40101 SET character_set_client = utf8 */;
CREATE TABLE `scheduled_shift` (
  `id` int(10) unsigned NOT NULL AUTO_INCREMENT,
  `created_at` timestamp NOT NULL DEFAULT '0000-00-00 00:00:00',
  `updated_at` timestamp NOT NULL DEFAULT '0000-00-00 00:00:00',
  `schedule_id` int(10) unsigned NOT NULL,
  `rostered_shift_id` int(10) unsigned DEFAULT NULL,
  `date` date NOT NULL,
  `start_time` timestamp NOT NULL DEFAULT '0000-00-00 00:00:00',
  `end_time` timestamp NOT NULL DEFAULT '0000-00-00 00:00:00',
  PRIMARY KEY (`id`),
  KEY `scheduled_shift_schedule_id_foreign` (`schedule_id`),
  KEY `scheduled_shift_rostered_shift_id_foreign` (`rostered_shift_id`),
  CONSTRAINT `scheduled_shift_rostered_shift_id_foreign` FOREIGN KEY (`rostered_shift_id`) REFERENCES `rostered_shift` (`id`),
  CONSTRAINT `scheduled_shift_schedule_id_foreign` FOREIGN KEY (`schedule_id`) REFERENCES `schedule` (`id`)
) ENGINE=InnoDB AUTO_INCREMENT=27 DEFAULT CHARSET=utf8 COLLATE=utf8_unicode_ci;
/*!40101 SET character_set_client = @saved_cs_client */;

--
-- Dumping data for table `scheduled_shift`
--

LOCK TABLES `scheduled_shift` WRITE;
/*!40000 ALTER TABLE `scheduled_shift` DISABLE KEYS */;
/*!40000 ALTER TABLE `scheduled_shift` ENABLE KEYS */;
UNLOCK TABLES;

--
-- Table structure for table `shift_role`
--

DROP TABLE IF EXISTS `shift_role`;
/*!40101 SET @saved_cs_client     = @@character_set_client */;
/*!40101 SET character_set_client = utf8 */;
CREATE TABLE `shift_role` (
  `role_id` int(10) unsigned NOT NULL,
  `rostered_shift_id` int(10) unsigned NOT NULL,
  `created_at` timestamp NULL DEFAULT NULL,
  `updated_at` timestamp NULL DEFAULT NULL,
  KEY `shift_role_role_id_foreign` (`role_id`),
  KEY `shift_role_rostered_shift_id_foreign` (`rostered_shift_id`),
  CONSTRAINT `shift_role_role_id_foreign` FOREIGN KEY (`role_id`) REFERENCES `role` (`id`),
  CONSTRAINT `shift_role_rostered_shift_id_foreign` FOREIGN KEY (`rostered_shift_id`) REFERENCES `rostered_shift` (`id`)
) ENGINE=InnoDB DEFAULT CHARSET=utf8 COLLATE=utf8_unicode_ci;
/*!40101 SET character_set_client = @saved_cs_client */;

--
-- Dumping data for table `shift_role`
--

LOCK TABLES `shift_role` WRITE;
/*!40000 ALTER TABLE `shift_role` DISABLE KEYS */;
/*!40000 ALTER TABLE `shift_role` ENABLE KEYS */;
UNLOCK TABLES;

--
-- Table structure for table `shift_tasks`
--

DROP TABLE IF EXISTS `shift_tasks`;
/*!40101 SET @saved_cs_client     = @@character_set_client */;
/*!40101 SET character_set_client = utf8 */;
CREATE TABLE `shift_tasks` (
  `id` int(10) unsigned NOT NULL AUTO_INCREMENT,
  `task_id` int(10) unsigned NOT NULL,
  `rostered_shift_id` int(10) unsigned DEFAULT NULL,
  `scheduled_shift_id` int(10) unsigned DEFAULT NULL,
  `added_by` int(10) unsigned NOT NULL,
  `created_at` timestamp NULL DEFAULT NULL,
  `updated_at` timestamp NULL DEFAULT NULL,
  `notes` text COLLATE utf8_unicode_ci,
  `start_time` timestamp NOT NULL DEFAULT '0000-00-00 00:00:00',
  `end_time` timestamp NOT NULL DEFAULT '0000-00-00 00:00:00',
  PRIMARY KEY (`id`),
  KEY `shift_tasks_task_id_foreign` (`task_id`),
  KEY `shift_tasks_rostered_shift_id_foreign` (`rostered_shift_id`),
  KEY `shift_tasks_added_by_foreign` (`added_by`),
  KEY `shift_tasks_scheduled_shift_id_foreign` (`scheduled_shift_id`),
  CONSTRAINT `shift_tasks_added_by_foreign` FOREIGN KEY (`added_by`) REFERENCES `user` (`id`),
  CONSTRAINT `shift_tasks_rostered_shift_id_foreign` FOREIGN KEY (`rostered_shift_id`) REFERENCES `rostered_shift` (`id`),
  CONSTRAINT `shift_tasks_scheduled_shift_id_foreign` FOREIGN KEY (`scheduled_shift_id`) REFERENCES `scheduled_shift` (`id`),
  CONSTRAINT `shift_tasks_task_id_foreign` FOREIGN KEY (`task_id`) REFERENCES `tasks` (`id`)
) ENGINE=InnoDB AUTO_INCREMENT=1579 DEFAULT CHARSET=utf8 COLLATE=utf8_unicode_ci;
/*!40101 SET character_set_client = @saved_cs_client */;

--
-- Dumping data for table `shift_tasks`
--

LOCK TABLES `shift_tasks` WRITE;
/*!40000 ALTER TABLE `shift_tasks` DISABLE KEYS */;
INSERT INTO `shift_tasks` VALUES (1387,32,6398,NULL,168,'2016-03-02 21:57:48','2016-03-03 03:14:24',NULL,'2016-03-03 11:30:00','2016-03-03 11:45:00'),(1391,32,6398,NULL,168,'2016-03-02 21:57:48','2016-03-03 03:37:01',NULL,'2016-03-03 13:30:00','2016-03-03 14:30:00'),(1392,32,6398,NULL,168,'2016-03-02 21:57:48','2016-03-03 03:14:24',NULL,'2016-03-03 16:15:00','2016-03-03 16:30:00'),(1395,32,6428,NULL,168,'2016-03-02 21:57:48','2016-03-03 03:37:01',NULL,'2016-03-03 10:45:00','2016-03-03 11:00:00'),(1396,32,6433,NULL,168,'2016-03-02 21:57:48','2016-03-03 03:14:24',NULL,'2016-03-03 10:45:00','2016-03-03 11:00:00'),(1397,32,6433,NULL,168,'2016-03-02 21:57:49','2016-03-03 03:37:01',NULL,'2016-03-03 15:30:00','2016-03-03 15:45:00'),(1400,32,6443,NULL,168,'2016-03-02 21:57:49','2016-03-03 03:14:24',NULL,'2016-03-03 11:00:00','2016-03-03 11:15:00'),(1401,32,6443,NULL,168,'2016-03-02 21:57:49','2016-03-03 03:37:01',NULL,'2016-03-03 15:45:00','2016-03-03 16:00:00'),(1402,32,6448,NULL,168,'2016-03-02 21:57:49','2016-03-03 03:14:25',NULL,'2016-03-03 10:30:00','2016-03-03 10:45:00'),(1403,32,6388,NULL,168,'2016-03-02 21:57:49','2016-03-03 03:14:25',NULL,'2016-03-03 11:45:00','2016-03-03 12:00:00'),(1404,32,6393,NULL,168,'2016-03-02 21:57:49','2016-03-03 03:37:01',NULL,'2016-03-03 10:15:00','2016-03-03 10:30:00'),(1405,32,6393,NULL,168,'2016-03-02 21:57:49','2016-03-03 03:37:01',NULL,'2016-03-03 15:00:00','2016-03-03 15:15:00'),(1406,32,6438,NULL,168,'2016-03-02 21:57:49','2016-03-03 03:14:25',NULL,'2016-03-03 10:30:00','2016-03-03 10:45:00'),(1408,32,6383,NULL,168,'2016-03-02 21:57:49','2016-03-03 03:37:01',NULL,'2016-03-03 11:30:00','2016-03-03 11:45:00'),(1411,32,6458,NULL,168,'2016-03-02 21:57:49','2016-03-03 03:14:25',NULL,'2016-03-03 10:15:00','2016-03-03 10:30:00'),(1412,32,6458,NULL,168,'2016-03-02 21:57:49','2016-03-03 03:37:01',NULL,'2016-03-03 15:45:00','2016-03-03 16:00:00'),(1413,32,6408,NULL,168,'2016-03-02 21:57:49','2016-03-03 03:14:25',NULL,'2016-03-03 10:45:00','2016-03-03 11:00:00'),(1414,32,6408,NULL,168,'2016-03-02 21:57:49','2016-03-03 03:37:01',NULL,'2016-03-03 14:45:00','2016-03-03 15:00:00'),(1415,32,6453,NULL,168,'2016-03-02 21:57:49','2016-03-03 03:14:25',NULL,'2016-03-03 10:00:00','2016-03-03 10:15:00'),(1416,32,6378,NULL,168,'2016-03-02 21:57:49','2016-03-03 03:14:25',NULL,'2016-03-03 11:00:00','2016-03-03 11:15:00'),(1417,32,6399,NULL,159,'2016-03-02 22:04:09','2016-03-03 02:20:51',NULL,'2016-03-04 11:00:00','2016-03-04 11:30:00'),(1418,32,6399,NULL,159,'2016-03-02 22:04:09','2016-03-03 02:20:51',NULL,'2016-03-04 13:00:00','2016-03-04 13:30:00'),(1419,32,6399,NULL,159,'2016-03-02 22:04:09','2016-03-03 02:20:51',NULL,'2016-03-04 15:15:00','2016-03-04 15:45:00'),(1420,26,6399,NULL,159,'2016-03-02 22:04:09','2016-03-03 02:20:51',NULL,'2016-03-04 10:00:00','2016-03-04 10:30:00'),(1421,33,6399,NULL,159,'2016-03-02 22:04:09','2016-03-03 02:20:51',NULL,'2016-03-04 12:30:00','2016-03-04 13:00:00'),(1422,25,6399,NULL,159,'2016-03-02 22:04:09','2016-03-03 02:20:51',NULL,'2016-03-04 12:00:00','2016-03-04 12:30:00'),(1423,24,6399,NULL,159,'2016-03-02 22:04:09','2016-03-03 02:20:51',NULL,'2016-03-04 14:15:00','2016-03-04 14:45:00'),(1424,20,6399,NULL,159,'2016-03-02 22:04:09','2016-03-03 02:20:51',NULL,'2016-03-04 13:45:00','2016-03-04 14:15:00'),(1425,32,6464,NULL,159,'2016-03-02 22:04:09','2016-03-03 02:20:51',NULL,'2016-03-04 11:15:00','2016-03-04 11:45:00'),(1426,32,6464,NULL,159,'2016-03-02 22:04:09','2016-03-03 02:20:51',NULL,'2016-03-04 12:45:00','2016-03-04 13:15:00'),(1427,32,6464,NULL,159,'2016-03-02 22:04:09','2016-03-03 02:20:51',NULL,'2016-03-04 14:30:00','2016-03-04 15:00:00'),(1428,27,6464,NULL,159,'2016-03-02 22:04:09','2016-03-03 02:20:51',NULL,'2016-03-04 08:45:00','2016-03-04 09:15:00'),(1429,28,6464,NULL,159,'2016-03-02 22:04:09','2016-03-03 02:20:51',NULL,'2016-03-04 14:00:00','2016-03-04 14:30:00'),(1430,29,6464,NULL,159,'2016-03-02 22:04:09','2016-03-03 02:20:51',NULL,'2016-03-04 10:00:00','2016-03-04 10:30:00'),(1431,20,6464,NULL,159,'2016-03-02 22:04:09','2016-03-03 02:20:51',NULL,'2016-03-04 12:15:00','2016-03-04 12:45:00'),(1432,32,6888,NULL,159,'2016-03-02 22:14:41','2016-03-03 01:57:57',NULL,'2016-03-21 13:00:00','2016-03-21 14:00:00'),(1437,32,6883,NULL,159,'2016-03-02 22:14:41','2016-03-03 01:57:57',NULL,'2016-03-21 12:00:00','2016-03-21 13:00:00'),(1451,32,7121,NULL,168,'2016-03-03 03:14:24','2016-03-03 03:14:24',NULL,'2016-03-03 10:15:00','2016-03-03 10:30:00'),(1452,32,7121,NULL,168,'2016-03-03 03:14:24','2016-03-03 03:14:24',NULL,'2016-03-03 12:30:00','2016-03-03 13:00:00'),(1453,32,7121,NULL,168,'2016-03-03 03:14:24','2016-03-03 03:37:01',NULL,'2016-03-03 12:30:00','2016-03-03 13:30:00'),(1454,32,7121,NULL,168,'2016-03-03 03:37:01','2016-03-03 03:37:01',NULL,'2016-03-03 15:00:00','2016-03-03 15:15:00'),(1455,32,6428,NULL,168,'2016-03-03 03:37:01','2016-03-03 03:37:01',NULL,'2016-03-03 12:30:00','2016-03-03 13:30:00'),(1456,32,6428,NULL,168,'2016-03-03 03:37:01','2016-03-03 03:37:01',NULL,'2016-03-03 15:30:00','2016-03-03 15:45:00'),(1457,32,6433,NULL,168,'2016-03-03 03:37:01','2016-03-03 03:37:01',NULL,'2016-03-03 13:30:00','2016-03-03 14:30:00'),(1458,32,6443,NULL,168,'2016-03-03 03:37:01','2016-03-03 03:37:01',NULL,'2016-03-03 12:30:00','2016-03-03 13:00:00'),(1459,32,6448,NULL,168,'2016-03-03 03:37:01','2016-03-03 03:37:01',NULL,'2016-03-03 12:45:00','2016-03-03 13:45:00'),(1460,32,6448,NULL,168,'2016-03-03 03:37:01','2016-03-03 03:37:01',NULL,'2016-03-03 15:15:00','2016-03-03 15:30:00'),(1461,32,6388,NULL,168,'2016-03-03 03:37:01','2016-03-03 03:37:01',NULL,'2016-03-03 13:30:00','2016-03-03 14:30:00'),(1462,32,6388,NULL,168,'2016-03-03 03:37:01','2016-03-03 03:37:01',NULL,'2016-03-03 16:00:00','2016-03-03 16:15:00'),(1463,32,6393,NULL,168,'2016-03-03 03:37:01','2016-03-03 03:37:01',NULL,'2016-03-03 12:00:00','2016-03-03 13:00:00'),(1464,32,6438,NULL,168,'2016-03-03 03:37:01','2016-03-03 03:37:01',NULL,'2016-03-03 12:00:00','2016-03-03 13:00:00'),(1465,32,6438,NULL,168,'2016-03-03 03:37:01','2016-03-03 03:37:01',NULL,'2016-03-03 14:45:00','2016-03-03 15:00:00'),(1466,32,6383,NULL,168,'2016-03-03 03:37:01','2016-03-03 03:37:01',NULL,'2016-03-03 13:30:00','2016-03-03 14:30:00'),(1467,32,6383,NULL,168,'2016-03-03 03:37:01','2016-03-03 03:37:01',NULL,'2016-03-03 16:15:00','2016-03-03 16:30:00'),(1468,32,6418,NULL,168,'2016-03-03 03:37:01','2016-03-03 03:37:01',NULL,'2016-03-03 12:30:00','2016-03-03 13:30:00'),(1469,25,6418,NULL,168,'2016-03-03 03:37:01','2016-03-03 03:38:23',NULL,'2016-03-03 09:30:00','2016-03-03 12:30:00'),(1471,32,6413,NULL,168,'2016-03-03 03:37:01','2016-03-03 03:37:01',NULL,'2016-03-03 12:00:00','2016-03-03 13:00:00'),(1472,32,6458,NULL,168,'2016-03-03 03:37:01','2016-03-03 03:37:01',NULL,'2016-03-03 12:00:00','2016-03-03 13:00:00'),(1473,32,6408,NULL,168,'2016-03-03 03:37:01','2016-03-03 03:37:01',NULL,'2016-03-03 12:30:00','2016-03-03 13:30:00'),(1474,32,6453,NULL,168,'2016-03-03 03:37:02','2016-03-03 03:37:02',NULL,'2016-03-03 11:30:00','2016-03-03 12:30:00'),(1475,32,6453,NULL,168,'2016-03-03 03:37:02','2016-03-03 03:37:02',NULL,'2016-03-03 14:45:00','2016-03-03 15:00:00'),(1476,32,6378,NULL,168,'2016-03-03 03:37:02','2016-03-03 03:37:02',NULL,'2016-03-03 13:00:00','2016-03-03 14:00:00'),(1477,25,6423,NULL,168,'2016-03-03 03:38:23','2016-03-03 03:58:23',NULL,'2016-03-03 09:00:00','2016-03-03 12:00:00'),(1478,25,6423,NULL,168,'2016-03-03 03:38:23','2016-03-03 03:58:23',NULL,'2016-03-03 13:00:00','2016-03-03 17:30:00'),(1479,25,6418,NULL,168,'2016-03-03 03:38:23','2016-03-03 03:58:23',NULL,'2016-03-03 13:30:00','2016-03-03 17:30:00'),(1480,25,6413,NULL,168,'2016-03-03 03:38:23','2016-03-03 03:38:23',NULL,'2016-03-03 09:15:00','2016-03-03 12:00:00'),(1481,25,6433,NULL,168,'2016-03-03 03:58:23','2016-03-03 03:58:23',NULL,'2016-03-03 11:00:00','2016-03-03 11:30:00'),(1482,25,6433,NULL,168,'2016-03-03 03:58:23','2016-03-03 03:58:23',NULL,'2016-03-03 12:30:00','2016-03-03 13:30:00'),(1483,25,6413,NULL,168,'2016-03-03 03:58:23','2016-03-03 03:58:23',NULL,'2016-03-03 13:00:00','2016-03-03 17:15:00'),(1484,25,6413,NULL,168,'2016-03-03 03:58:23','2016-03-03 03:58:23',NULL,'2016-03-03 17:15:00','2016-03-03 17:45:00'),(1485,33,8179,NULL,168,'2016-03-30 01:12:14','2016-03-30 01:12:14',NULL,'2016-03-30 09:00:00','2016-03-30 17:30:00'),(1486,32,8234,NULL,168,'2016-03-30 01:12:14','2016-03-30 01:12:14',NULL,'2016-03-30 10:00:00','2016-03-30 10:15:00'),(1487,32,8234,NULL,168,'2016-03-30 01:12:14','2016-03-30 01:12:14',NULL,'2016-03-30 11:30:00','2016-03-30 12:30:00'),(1488,32,8234,NULL,168,'2016-03-30 01:12:14','2016-03-30 01:12:14',NULL,'2016-03-30 14:45:00','2016-03-30 15:00:00'),(1489,32,8209,NULL,168,'2016-03-30 01:12:14','2016-03-30 01:12:14',NULL,'2016-03-30 10:45:00','2016-03-30 11:00:00'),(1490,32,8209,NULL,168,'2016-03-30 01:12:14','2016-03-30 01:12:14',NULL,'2016-03-30 12:30:00','2016-03-30 13:30:00'),(1491,32,8209,NULL,168,'2016-03-30 01:12:14','2016-03-30 01:12:14',NULL,'2016-03-30 15:30:00','2016-03-30 15:45:00'),(1492,25,8209,NULL,168,'2016-03-30 01:12:14','2016-03-30 01:12:14',NULL,'2016-03-30 11:00:00','2016-03-30 11:30:00'),(1493,32,8184,NULL,168,'2016-03-30 01:12:15','2016-03-30 01:12:15',NULL,'2016-03-30 12:00:00','2016-03-30 13:00:00'),(1494,29,8184,NULL,168,'2016-03-30 01:12:15','2016-03-30 01:12:15',NULL,'2016-03-30 08:30:00','2016-03-30 12:00:00'),(1495,29,8184,NULL,168,'2016-03-30 01:12:15','2016-03-30 01:12:15',NULL,'2016-03-30 13:00:00','2016-03-30 13:30:00'),(1496,29,8184,NULL,168,'2016-03-30 01:12:15','2016-03-30 01:12:15',NULL,'2016-03-30 14:30:00','2016-03-30 17:00:00'),(1497,32,8219,NULL,168,'2016-03-30 01:12:15','2016-03-30 01:12:15',NULL,'2016-03-30 11:00:00','2016-03-30 11:15:00'),(1498,32,8219,NULL,168,'2016-03-30 01:12:15','2016-03-30 01:12:15',NULL,'2016-03-30 13:00:00','2016-03-30 13:30:00'),(1499,32,8219,NULL,168,'2016-03-30 01:12:15','2016-03-30 01:12:15',NULL,'2016-03-30 15:45:00','2016-03-30 16:00:00'),(1500,29,8219,NULL,168,'2016-03-30 01:12:15','2016-03-30 01:12:15',NULL,'2016-03-30 14:30:00','2016-03-30 15:45:00'),(1501,29,8219,NULL,168,'2016-03-30 01:12:15','2016-03-30 01:12:15',NULL,'2016-03-30 16:00:00','2016-03-30 16:30:00'),(1502,32,8224,NULL,168,'2016-03-30 01:12:15','2016-03-30 01:12:15',NULL,'2016-03-30 11:30:00','2016-03-30 12:00:00'),(1503,32,8169,NULL,168,'2016-03-30 01:12:15','2016-03-30 01:12:15',NULL,'2016-03-30 10:15:00','2016-03-30 10:45:00'),(1504,32,8169,NULL,168,'2016-03-30 01:12:15','2016-03-30 01:12:15',NULL,'2016-03-30 12:45:00','2016-03-30 13:15:00'),(1505,32,8169,NULL,168,'2016-03-30 01:12:15','2016-03-30 01:12:15',NULL,'2016-03-30 15:45:00','2016-03-30 16:15:00'),(1506,32,8214,NULL,168,'2016-03-30 01:12:15','2016-03-30 01:12:15',NULL,'2016-03-30 10:30:00','2016-03-30 10:45:00'),(1507,32,8214,NULL,168,'2016-03-30 01:12:15','2016-03-30 01:12:15',NULL,'2016-03-30 12:00:00','2016-03-30 13:00:00'),(1508,32,8214,NULL,168,'2016-03-30 01:12:15','2016-03-30 01:12:15',NULL,'2016-03-30 15:15:00','2016-03-30 15:30:00'),(1509,32,8199,NULL,168,'2016-03-30 01:12:15','2016-03-30 01:12:15',NULL,'2016-03-30 11:30:00','2016-03-30 12:00:00'),(1510,25,8199,NULL,168,'2016-03-30 01:12:15','2016-03-30 01:12:15',NULL,'2016-03-30 08:00:00','2016-03-30 11:30:00'),(1511,25,8199,NULL,168,'2016-03-30 01:12:15','2016-03-30 01:12:15',NULL,'2016-03-30 13:00:00','2016-03-30 16:30:00'),(1512,32,8159,NULL,168,'2016-03-30 01:12:15','2016-03-30 01:12:15',NULL,'2016-03-30 10:30:00','2016-03-30 10:45:00'),(1513,32,8159,NULL,168,'2016-03-30 01:12:15','2016-03-30 01:12:15',NULL,'2016-03-30 13:30:00','2016-03-30 14:15:00'),(1514,32,8159,NULL,168,'2016-03-30 01:12:15','2016-03-30 01:12:15',NULL,'2016-03-30 15:15:00','2016-03-30 15:30:00'),(1515,32,8194,NULL,168,'2016-03-30 01:12:15','2016-03-30 01:12:15',NULL,'2016-03-30 12:30:00','2016-03-30 13:30:00'),(1516,25,8194,NULL,168,'2016-03-30 01:12:15','2016-03-30 01:12:15',NULL,'2016-03-30 09:30:00','2016-03-30 12:30:00'),(1517,25,8194,NULL,168,'2016-03-30 01:12:15','2016-03-30 01:12:15',NULL,'2016-03-30 13:30:00','2016-03-30 17:30:00'),(1518,32,8189,NULL,168,'2016-03-30 01:12:15','2016-03-30 01:12:15',NULL,'2016-03-30 12:00:00','2016-03-30 13:00:00'),(1519,25,8189,NULL,168,'2016-03-30 01:12:15','2016-03-30 01:12:15',NULL,'2016-03-30 09:15:00','2016-03-30 12:00:00'),(1520,25,8189,NULL,168,'2016-03-30 01:12:15','2016-03-30 01:12:15',NULL,'2016-03-30 13:00:00','2016-03-30 17:30:00'),(1521,32,8164,NULL,168,'2016-03-30 01:12:15','2016-03-30 01:12:15',NULL,'2016-03-30 11:00:00','2016-03-30 11:15:00'),(1522,32,8164,NULL,168,'2016-03-30 01:12:15','2016-03-30 01:12:15',NULL,'2016-03-30 13:00:00','2016-03-30 14:00:00'),(1523,32,8164,NULL,168,'2016-03-30 01:12:15','2016-03-30 01:12:15',NULL,'2016-03-30 15:45:00','2016-03-30 16:00:00'),(1524,29,8164,NULL,168,'2016-03-30 01:12:15','2016-03-30 01:12:15',NULL,'2016-03-30 14:30:00','2016-03-30 15:45:00'),(1525,29,8164,NULL,168,'2016-03-30 01:12:15','2016-03-30 01:12:15',NULL,'2016-03-30 16:00:00','2016-03-30 16:15:00'),(1526,32,8154,NULL,168,'2016-03-30 01:12:15','2016-03-30 01:12:15',NULL,'2016-03-30 13:00:00','2016-03-30 14:00:00'),(1527,32,8154,NULL,168,'2016-03-30 01:12:15','2016-03-30 01:12:15',NULL,'2016-03-30 11:15:00','2016-03-30 11:30:00'),(1528,32,8154,NULL,168,'2016-03-30 01:12:15','2016-03-30 01:12:15',NULL,'2016-03-30 15:45:00','2016-03-30 16:00:00'),(1529,29,8154,NULL,168,'2016-03-30 01:12:15','2016-03-30 01:12:15',NULL,'2016-03-30 09:30:00','2016-03-30 11:15:00'),(1530,29,8154,NULL,168,'2016-03-30 01:12:15','2016-03-30 01:12:15',NULL,'2016-03-30 11:30:00','2016-03-30 12:00:00'),(1535,32,8301,NULL,170,'2016-04-06 22:51:46','2016-04-06 22:51:46',NULL,'2016-04-07 10:00:00','2016-04-07 10:15:00'),(1536,32,8301,NULL,170,'2016-04-06 22:51:46','2016-04-06 22:51:46',NULL,'2016-04-07 11:30:00','2016-04-07 12:30:00'),(1537,32,8301,NULL,170,'2016-04-06 22:51:46','2016-04-06 22:51:46',NULL,'2016-04-07 15:15:00','2016-04-07 15:30:00'),(1538,32,8278,NULL,170,'2016-04-06 22:51:46','2016-04-06 22:51:46',NULL,'2016-04-07 10:30:00','2016-04-07 10:45:00'),(1539,32,8278,NULL,170,'2016-04-06 22:51:46','2016-04-06 22:51:46',NULL,'2016-04-07 12:15:00','2016-04-07 13:30:00'),(1540,32,8282,NULL,170,'2016-04-06 22:51:46','2016-04-06 22:51:46',NULL,'2016-04-07 10:45:00','2016-04-07 11:00:00'),(1541,32,8282,NULL,170,'2016-04-06 22:51:46','2016-04-06 22:51:46',NULL,'2016-04-07 13:00:00','2016-04-07 14:00:00'),(1542,32,8282,NULL,170,'2016-04-06 22:51:46','2016-04-06 22:51:46',NULL,'2016-04-07 15:45:00','2016-04-07 16:00:00'),(1543,32,8324,NULL,170,'2016-04-06 22:51:46','2016-04-06 22:51:46',NULL,'2016-04-07 11:00:00','2016-04-07 11:15:00'),(1544,32,8324,NULL,170,'2016-04-06 22:51:46','2016-04-06 22:51:46',NULL,'2016-04-07 13:00:00','2016-04-07 14:00:00'),(1545,32,8324,NULL,170,'2016-04-06 22:51:46','2016-04-06 22:51:46',NULL,'2016-04-07 16:00:00','2016-04-07 16:15:00'),(1546,32,8294,NULL,170,'2016-04-06 22:51:46','2016-04-06 22:51:46',NULL,'2016-04-07 10:15:00','2016-04-07 10:30:00'),(1547,32,8294,NULL,170,'2016-04-06 22:51:46','2016-04-06 22:51:46',NULL,'2016-04-07 12:00:00','2016-04-07 13:00:00'),(1548,32,8294,NULL,170,'2016-04-06 22:51:46','2016-04-06 22:51:46',NULL,'2016-04-07 15:00:00','2016-04-07 15:15:00'),(1549,32,8252,NULL,170,'2016-04-06 22:51:46','2016-04-06 22:51:46',NULL,'2016-04-07 11:15:00','2016-04-07 11:30:00'),(1550,32,8252,NULL,170,'2016-04-06 22:51:46','2016-04-06 22:51:46',NULL,'2016-04-07 13:30:00','2016-04-07 14:30:00'),(1551,32,8252,NULL,170,'2016-04-06 22:51:46','2016-04-06 22:51:46',NULL,'2016-04-07 16:15:00','2016-04-07 16:30:00'),(1552,32,8255,NULL,170,'2016-04-06 22:51:46','2016-04-06 22:51:46',NULL,'2016-04-07 10:15:00','2016-04-07 10:30:00'),(1553,32,8255,NULL,170,'2016-04-06 22:51:46','2016-04-06 22:51:46',NULL,'2016-04-07 12:00:00','2016-04-07 13:00:00'),(1554,32,8255,NULL,170,'2016-04-06 22:51:46','2016-04-06 22:51:46',NULL,'2016-04-07 15:00:00','2016-04-07 15:15:00'),(1555,32,8286,NULL,170,'2016-04-06 22:51:46','2016-04-06 22:51:46',NULL,'2016-04-07 10:30:00','2016-04-07 10:45:00'),(1556,29,8286,NULL,170,'2016-04-06 22:51:46','2016-04-06 22:51:46',NULL,'2016-04-07 10:45:00','2016-04-07 11:30:00'),(1557,32,8286,NULL,170,'2016-04-06 22:51:46','2016-04-06 22:51:46',NULL,'2016-04-07 12:00:00','2016-04-07 13:00:00'),(1558,32,8286,NULL,170,'2016-04-06 22:51:46','2016-04-06 22:51:46',NULL,'2016-04-07 15:30:00','2016-04-07 15:45:00'),(1559,25,8275,NULL,170,'2016-04-06 22:51:46','2016-04-06 22:51:46',NULL,'2016-04-07 08:00:00','2016-04-07 11:30:00'),(1560,25,8275,NULL,170,'2016-04-06 22:51:46','2016-04-06 22:51:46',NULL,'2016-04-07 13:00:00','2016-04-07 16:30:00'),(1561,32,8275,NULL,170,'2016-04-06 22:51:46','2016-04-06 22:51:46',NULL,'2016-04-07 11:30:00','2016-04-07 12:00:00'),(1562,32,8244,NULL,170,'2016-04-06 22:51:46','2016-04-06 22:51:46',NULL,'2016-04-07 11:00:00','2016-04-07 11:15:00'),(1563,32,8244,NULL,170,'2016-04-06 22:51:46','2016-04-06 22:51:46',NULL,'2016-04-07 13:30:00','2016-04-07 14:30:00'),(1564,32,8244,NULL,170,'2016-04-06 22:51:46','2016-04-06 22:51:46',NULL,'2016-04-07 15:45:00','2016-04-07 16:00:00'),(1565,29,8244,NULL,170,'2016-04-06 22:51:46','2016-04-06 22:51:46',NULL,'2016-04-07 16:00:00','2016-04-07 17:30:00'),(1566,25,8271,NULL,170,'2016-04-06 22:51:46','2016-04-06 22:51:46',NULL,'2016-04-07 09:30:00','2016-04-07 12:00:00'),(1567,32,8271,NULL,170,'2016-04-06 22:51:46','2016-04-06 22:51:46',NULL,'2016-04-07 12:00:00','2016-04-07 13:00:00'),(1568,25,8271,NULL,170,'2016-04-06 22:51:46','2016-04-06 22:51:46',NULL,'2016-04-07 13:00:00','2016-04-07 17:00:00'),(1569,32,8267,NULL,170,'2016-04-06 22:51:46','2016-04-06 22:51:46',NULL,'2016-04-07 09:30:00','2016-04-07 10:00:00'),(1570,32,8248,NULL,170,'2016-04-06 22:51:46','2016-04-06 22:51:46',NULL,'2016-04-07 11:00:00','2016-04-07 11:15:00'),(1571,32,8248,NULL,170,'2016-04-06 22:51:46','2016-04-06 22:51:46',NULL,'2016-04-07 13:00:00','2016-04-07 14:00:00'),(1572,32,8248,NULL,170,'2016-04-06 22:51:46','2016-04-06 22:51:46',NULL,'2016-04-07 15:30:00','2016-04-07 15:45:00'),(1573,32,8297,NULL,170,'2016-04-06 22:51:46','2016-04-06 22:51:46',NULL,'2016-04-07 10:00:00','2016-04-07 10:15:00'),(1574,32,8297,NULL,170,'2016-04-06 22:51:46','2016-04-06 22:51:46',NULL,'2016-04-07 11:30:00','2016-04-07 12:30:00'),(1575,32,8297,NULL,170,'2016-04-06 22:51:46','2016-04-06 22:51:46',NULL,'2016-04-07 14:45:00','2016-04-07 15:00:00'),(1576,32,8240,NULL,170,'2016-04-06 22:51:46','2016-04-06 22:51:46',NULL,'2016-04-07 11:00:00','2016-04-07 11:15:00'),(1577,32,8240,NULL,170,'2016-04-06 22:51:46','2016-04-06 22:51:46',NULL,'2016-04-07 13:30:00','2016-04-07 14:30:00'),(1578,32,8240,NULL,170,'2016-04-06 22:51:46','2016-04-06 22:51:46',NULL,'2016-04-07 16:00:00','2016-04-07 16:15:00');
/*!40000 ALTER TABLE `shift_tasks` ENABLE KEYS */;
UNLOCK TABLES;

--
-- Table structure for table `shift_tasks_history`
--

DROP TABLE IF EXISTS `shift_tasks_history`;
/*!40101 SET @saved_cs_client     = @@character_set_client */;
/*!40101 SET character_set_client = utf8 */;
CREATE TABLE `shift_tasks_history` (
  `id` int(10) unsigned NOT NULL AUTO_INCREMENT,
  `created_at` timestamp NOT NULL DEFAULT '0000-00-00 00:00:00',
  `updated_at` timestamp NOT NULL DEFAULT '0000-00-00 00:00:00',
  `created_by` int(10) unsigned NOT NULL,
  `rostered_shift_history_id` int(10) unsigned DEFAULT NULL,
  `created_event_id` int(10) unsigned DEFAULT NULL,
  `shift_tasks_id` int(10) unsigned DEFAULT NULL,
  `task_id` int(10) unsigned DEFAULT NULL,
  `start_time` timestamp NOT NULL DEFAULT '0000-00-00 00:00:00',
  `end_time` timestamp NOT NULL DEFAULT '0000-00-00 00:00:00',
  `event_type` enum('created','updated','deleted') COLLATE utf8_unicode_ci NOT NULL,
  PRIMARY KEY (`id`),
  KEY `shift_tasks_history_created_by_foreign` (`created_by`),
  KEY `shift_tasks_history_shift_tasks_id_foreign` (`shift_tasks_id`),
  KEY `shift_tasks_history_created_event_id_foreign` (`created_event_id`),
  KEY `shift_tasks_history_rostered_shift_history_id_foreign` (`rostered_shift_history_id`),
  CONSTRAINT `shift_tasks_history_created_by_foreign` FOREIGN KEY (`created_by`) REFERENCES `user` (`id`),
  CONSTRAINT `shift_tasks_history_created_event_id_foreign` FOREIGN KEY (`created_event_id`) REFERENCES `shift_tasks_history` (`id`),
  CONSTRAINT `shift_tasks_history_rostered_shift_history_id_foreign` FOREIGN KEY (`rostered_shift_history_id`) REFERENCES `rostered_shift_history` (`id`),
  CONSTRAINT `shift_tasks_history_shift_tasks_id_foreign` FOREIGN KEY (`shift_tasks_id`) REFERENCES `shift_tasks` (`id`) ON DELETE SET NULL
) ENGINE=InnoDB AUTO_INCREMENT=856 DEFAULT CHARSET=utf8 COLLATE=utf8_unicode_ci;
/*!40101 SET character_set_client = @saved_cs_client */;

--
-- Dumping data for table `shift_tasks_history`
--

LOCK TABLES `shift_tasks_history` WRITE;
/*!40000 ALTER TABLE `shift_tasks_history` DISABLE KEYS */;
INSERT INTO `shift_tasks_history` VALUES (849,'2016-01-29 00:10:23','2016-01-29 00:10:23',168,6760,NULL,NULL,23,'2016-02-02 00:00:00','2016-02-02 00:30:00','created'),(850,'2016-01-29 00:10:23','2016-01-29 00:10:23',168,6760,NULL,NULL,23,'2016-02-02 02:15:00','2016-02-02 02:45:00','created'),(851,'2016-01-29 00:10:23','2016-01-29 00:10:23',168,6707,NULL,NULL,23,'2016-02-02 00:30:00','2016-02-02 01:00:00','created'),(852,'2016-01-29 00:10:23','2016-01-29 00:10:23',168,6707,NULL,NULL,23,'2016-02-02 02:30:00','2016-02-02 03:00:00','created'),(853,'2016-01-29 00:10:23','2016-01-29 00:10:23',168,6740,NULL,NULL,23,'2016-02-02 01:00:00','2016-02-02 01:30:00','created'),(854,'2016-01-29 00:10:23','2016-01-29 00:10:23',168,6740,NULL,NULL,23,'2016-02-02 02:45:00','2016-02-02 03:15:00','created'),(855,'2016-01-29 00:36:12','2016-01-29 00:36:12',171,6749,NULL,NULL,19,'2016-01-25 00:00:00','2016-01-25 04:00:00','created');
/*!40000 ALTER TABLE `shift_tasks_history` ENABLE KEYS */;
UNLOCK TABLES;

--
-- Table structure for table `site`
--

DROP TABLE IF EXISTS `site`;
/*!40101 SET @saved_cs_client     = @@character_set_client */;
/*!40101 SET character_set_client = utf8 */;
CREATE TABLE `site` (
  `id` int(10) unsigned NOT NULL AUTO_INCREMENT,
  `created_at` timestamp NOT NULL DEFAULT '0000-00-00 00:00:00',
  `updated_at` timestamp NOT NULL DEFAULT '0000-00-00 00:00:00',
  `name` varchar(255) COLLATE utf8_unicode_ci NOT NULL,
  `description` varchar(255) COLLATE utf8_unicode_ci NOT NULL,
  `organisation_id` int(10) unsigned NOT NULL,
  `address` varchar(200) COLLATE utf8_unicode_ci DEFAULT NULL,
  `post_code` varchar(45) COLLATE utf8_unicode_ci DEFAULT NULL,
  `city_id` int(10) unsigned NOT NULL,
  PRIMARY KEY (`id`),
  KEY `site_organisation_id_foreign` (`organisation_id`),
  KEY `site_city_id_foreign` (`city_id`),
  CONSTRAINT `site_city_id_foreign` FOREIGN KEY (`city_id`) REFERENCES `city` (`id`),
  CONSTRAINT `site_organisation_id_foreign` FOREIGN KEY (`organisation_id`) REFERENCES `organisation` (`id`)
) ENGINE=InnoDB AUTO_INCREMENT=6 DEFAULT CHARSET=utf8 COLLATE=utf8_unicode_ci;
/*!40101 SET character_set_client = @saved_cs_client */;

--
-- Dumping data for table `site`
--

LOCK TABLES `site` WRITE;
/*!40000 ALTER TABLE `site` DISABLE KEYS */;
INSERT INTO `site` VALUES (5,'0000-00-00 00:00:00','0000-00-00 00:00:00','Site','Site',23,'Site','3000',1);
/*!40000 ALTER TABLE `site` ENABLE KEYS */;
UNLOCK TABLES;

--
-- Table structure for table `subtasks`
--

DROP TABLE IF EXISTS `subtasks`;
/*!40101 SET @saved_cs_client     = @@character_set_client */;
/*!40101 SET character_set_client = utf8 */;
CREATE TABLE `subtasks` (
  `id` int(10) unsigned NOT NULL AUTO_INCREMENT,
  `created_at` timestamp NOT NULL DEFAULT '0000-00-00 00:00:00',
  `updated_at` timestamp NOT NULL DEFAULT '0000-00-00 00:00:00',
  `workstream_id` int(10) unsigned NOT NULL,
  `name` varchar(255) COLLATE utf8_unicode_ci NOT NULL,
  `description` varchar(255) COLLATE utf8_unicode_ci NOT NULL,
  PRIMARY KEY (`id`),
  KEY `subtasks_workstream_id_foreign` (`workstream_id`),
  CONSTRAINT `subtasks_workstream_id_foreign` FOREIGN KEY (`workstream_id`) REFERENCES `workstreams` (`id`) ON DELETE CASCADE ON UPDATE CASCADE
) ENGINE=InnoDB DEFAULT CHARSET=utf8 COLLATE=utf8_unicode_ci;
/*!40101 SET character_set_client = @saved_cs_client */;

--
-- Dumping data for table `subtasks`
--

LOCK TABLES `subtasks` WRITE;
/*!40000 ALTER TABLE `subtasks` DISABLE KEYS */;
/*!40000 ALTER TABLE `subtasks` ENABLE KEYS */;
UNLOCK TABLES;

--
-- Table structure for table `tasks`
--

DROP TABLE IF EXISTS `tasks`;
/*!40101 SET @saved_cs_client     = @@character_set_client */;
/*!40101 SET character_set_client = utf8 */;
CREATE TABLE `tasks` (
  `id` int(10) unsigned NOT NULL AUTO_INCREMENT,
  `organisation_id` int(10) unsigned NOT NULL,
  `name` varchar(45) COLLATE utf8_unicode_ci NOT NULL,
  `description` varchar(200) COLLATE utf8_unicode_ci DEFAULT NULL,
  `created_at` timestamp NULL DEFAULT NULL,
  `updated_at` timestamp NULL DEFAULT NULL,
  `identifier` varchar(255) COLLATE utf8_unicode_ci NOT NULL,
  `available` tinyint(1) NOT NULL,
  `paid` tinyint(1) NOT NULL,
  `planned` tinyint(1) NOT NULL,
  `color` varchar(6) COLLATE utf8_unicode_ci NOT NULL,
  `timeout` tinyint(1) NOT NULL,
  `leave` tinyint(1) NOT NULL,
  `break` tinyint(1) NOT NULL,
  PRIMARY KEY (`id`),
  KEY `tasks_organisation_id_foreign` (`organisation_id`),
  CONSTRAINT `tasks_organisation_id_foreign` FOREIGN KEY (`organisation_id`) REFERENCES `organisation` (`id`)
) ENGINE=InnoDB AUTO_INCREMENT=36 DEFAULT CHARSET=utf8 COLLATE=utf8_unicode_ci;
/*!40101 SET character_set_client = @saved_cs_client */;

--
-- Dumping data for table `tasks`
--

LOCK TABLES `tasks` WRITE;
/*!40000 ALTER TABLE `tasks` DISABLE KEYS */;
INSERT INTO `tasks` VALUES (20,23,'Team Meeting','Team meetings','2016-01-18 00:30:16','2016-07-04 02:36:00','team-meeting',0,0,1,'47ecd7',0,0,0),(24,23,'Rejects','off phone remediation work','2016-01-18 03:37:49','2016-07-04 02:36:00','rejects',0,0,1,'e73d79',0,0,0),(25,23,'Emails','Email','2016-01-18 03:41:00','2016-07-04 02:36:00','email-work',0,0,1,'c73af9',0,0,0),(26,23,'Claims','Claims','2016-01-28 22:24:02','2016-07-04 02:36:00','Claims',0,0,1,'f612ed',0,0,0),(27,23,'Outbound','Outbound','2016-03-02 03:39:05','2016-07-04 02:36:00','outbound',0,0,1,'69ce59',0,0,0),(28,23,'Senior Duties','Senior Duties','2016-03-02 04:09:02','2016-07-04 02:36:00','senior-duties',0,0,1,'2e978c',0,0,0),(29,23,'Special Projects','Special Projects','2016-03-02 04:09:02','2016-07-04 02:36:00','special-projects',0,0,1,'156fa9',0,0,0),(30,23,'System Down','Computer or connectivity is lost','2016-03-02 04:09:02','2016-07-04 02:36:00','system-down',0,0,1,'f03232',0,0,0),(31,23,'Walk In','Face to Face consultation','2016-03-02 04:09:02','2016-07-04 02:36:00','walk-in',0,0,1,'75a5db',0,0,0),(32,23,'Break','Break','2016-03-02 21:52:26','2016-07-04 02:36:00','Break',0,0,1,'e74c3c',0,0,1),(33,23,'Training and Coaching','Training and Coaching','2016-03-02 21:52:26','2016-07-04 02:36:00','Training and Coaching',0,0,1,'7b32e6',0,0,0),(34,23,'Personal time','Personal time','2016-05-18 23:30:15','2016-07-04 02:36:00','personal-time',0,0,0,'ff9933',0,0,1),(35,23,'Follow Up','Client follow up work off phone','2016-05-18 23:32:16','2016-07-04 02:36:00','follow-up',0,0,1,'29a329',0,0,0);
/*!40000 ALTER TABLE `tasks` ENABLE KEYS */;
UNLOCK TABLES;

--
-- Table structure for table `team`
--

DROP TABLE IF EXISTS `team`;
/*!40101 SET @saved_cs_client     = @@character_set_client */;
/*!40101 SET character_set_client = utf8 */;
CREATE TABLE `team` (
  `id` int(10) unsigned NOT NULL AUTO_INCREMENT,
  `organisation_id` int(10) unsigned NOT NULL,
  `team_leader_id` int(10) unsigned DEFAULT NULL,
  `manager_id` int(10) unsigned DEFAULT NULL,
  `name` varchar(100) COLLATE utf8_unicode_ci NOT NULL,
  `description` varchar(200) COLLATE utf8_unicode_ci DEFAULT NULL,
  `created_at` timestamp NULL DEFAULT NULL,
  `updated_at` timestamp NULL DEFAULT NULL,
  `deleted_at` timestamp NULL DEFAULT NULL,
  `campaign_id` int(10) unsigned NOT NULL,
  PRIMARY KEY (`id`),
  KEY `team_organisation_id_foreign` (`organisation_id`),
  KEY `team_team_leader_id_foreign` (`team_leader_id`),
  KEY `team_manager_id_foreign` (`manager_id`),
  KEY `team_campaign_id_foreign` (`campaign_id`),
  CONSTRAINT `team_campaign_id_foreign` FOREIGN KEY (`campaign_id`) REFERENCES `campaign` (`id`),
  CONSTRAINT `team_manager_id_foreign` FOREIGN KEY (`manager_id`) REFERENCES `user` (`id`),
  CONSTRAINT `team_organisation_id_foreign` FOREIGN KEY (`organisation_id`) REFERENCES `organisation` (`id`),
  CONSTRAINT `team_team_leader_id_foreign` FOREIGN KEY (`team_leader_id`) REFERENCES `user` (`id`)
) ENGINE=InnoDB AUTO_INCREMENT=46 DEFAULT CHARSET=utf8 COLLATE=utf8_unicode_ci;
/*!40101 SET character_set_client = @saved_cs_client */;

--
-- Dumping data for table `team`
--

LOCK TABLES `team` WRITE;
/*!40000 ALTER TABLE `team` DISABLE KEYS */;
INSERT INTO `team` VALUES (36,23,160,159,'Management','This is a team for Agyle Time staff user accounts',NULL,'2016-01-18 00:43:21',NULL,8),(40,23,171,171,'Client Experience','Client Experience AKA Best team eva YOLO','2016-01-18 04:01:36','2016-01-29 03:46:45',NULL,8),(41,23,172,172,'Training and Support','Training and Support','2016-01-18 04:01:52','2016-01-18 04:04:54',NULL,8),(44,23,170,168,'Off Phone','Off Phone','2016-02-22 02:55:37','2016-02-25 02:59:44',NULL,8),(45,23,170,168,'Master Schedule','Master Schedule','2016-02-22 02:55:39','2016-02-25 02:59:27',NULL,8);
/*!40000 ALTER TABLE `team` ENABLE KEYS */;
UNLOCK TABLES;

--
-- Table structure for table `team_avail_gen`
--

DROP TABLE IF EXISTS `team_avail_gen`;
/*!40101 SET @saved_cs_client     = @@character_set_client */;
/*!40101 SET character_set_client = utf8 */;
CREATE TABLE `team_avail_gen` (
  `team_id` int(10) unsigned NOT NULL,
  `availability_general_id` int(10) unsigned NOT NULL,
  `created_at` timestamp NULL DEFAULT NULL,
  `updated_at` timestamp NULL DEFAULT NULL,
  KEY `team_avail_gen_team_id_foreign` (`team_id`),
  KEY `team_avail_gen_availability_general_id_foreign` (`availability_general_id`),
  CONSTRAINT `team_avail_gen_availability_general_id_foreign` FOREIGN KEY (`availability_general_id`) REFERENCES `avail_general` (`id`),
  CONSTRAINT `team_avail_gen_team_id_foreign` FOREIGN KEY (`team_id`) REFERENCES `team` (`id`)
) ENGINE=InnoDB DEFAULT CHARSET=utf8 COLLATE=utf8_unicode_ci;
/*!40101 SET character_set_client = @saved_cs_client */;

--
-- Dumping data for table `team_avail_gen`
--

LOCK TABLES `team_avail_gen` WRITE;
/*!40000 ALTER TABLE `team_avail_gen` DISABLE KEYS */;
/*!40000 ALTER TABLE `team_avail_gen` ENABLE KEYS */;
UNLOCK TABLES;

--
-- Table structure for table `team_avail_spec`
--

DROP TABLE IF EXISTS `team_avail_spec`;
/*!40101 SET @saved_cs_client     = @@character_set_client */;
/*!40101 SET character_set_client = utf8 */;
CREATE TABLE `team_avail_spec` (
  `team_id` int(10) unsigned NOT NULL,
  `availability_specific_id` int(10) unsigned NOT NULL,
  `notes` varchar(200) COLLATE utf8_unicode_ci DEFAULT NULL,
  `created_at` timestamp NULL DEFAULT NULL,
  `updated_at` timestamp NULL DEFAULT NULL,
  KEY `team_avail_spec_team_id_foreign` (`team_id`),
  KEY `team_avail_spec_availability_specific_id_foreign` (`availability_specific_id`),
  CONSTRAINT `team_avail_spec_availability_specific_id_foreign` FOREIGN KEY (`availability_specific_id`) REFERENCES `avail_specific` (`id`),
  CONSTRAINT `team_avail_spec_team_id_foreign` FOREIGN KEY (`team_id`) REFERENCES `team` (`id`)
) ENGINE=InnoDB DEFAULT CHARSET=utf8 COLLATE=utf8_unicode_ci;
/*!40101 SET character_set_client = @saved_cs_client */;

--
-- Dumping data for table `team_avail_spec`
--

LOCK TABLES `team_avail_spec` WRITE;
/*!40000 ALTER TABLE `team_avail_spec` DISABLE KEYS */;
/*!40000 ALTER TABLE `team_avail_spec` ENABLE KEYS */;
UNLOCK TABLES;

--
-- Table structure for table `timesheet`
--

DROP TABLE IF EXISTS `timesheet`;
/*!40101 SET @saved_cs_client     = @@character_set_client */;
/*!40101 SET character_set_client = utf8 */;
CREATE TABLE `timesheet` (
  `id` int(10) unsigned NOT NULL AUTO_INCREMENT,
  `user_id` int(10) unsigned NOT NULL,
  `approval_stage` enum('not submitted','submitted','approved','denied','canceled','unopened') CHARACTER SET utf8 NOT NULL,
  `date_start` date NOT NULL,
  `date_end` date NOT NULL,
  `created_at` timestamp NULL DEFAULT NULL,
  `updated_at` timestamp NULL DEFAULT NULL,
  `notes` varchar(500) COLLATE utf8_unicode_ci DEFAULT NULL,
  `user_worked` tinyint(1) NOT NULL DEFAULT '1',
  PRIMARY KEY (`id`),
  KEY `timesheet_user_id_foreign` (`user_id`),
  CONSTRAINT `timesheet_user_id_foreign` FOREIGN KEY (`user_id`) REFERENCES `user` (`id`)
) ENGINE=InnoDB AUTO_INCREMENT=5598 DEFAULT CHARSET=utf8 COLLATE=utf8_unicode_ci;
/*!40101 SET character_set_client = @saved_cs_client */;

--
-- Dumping data for table `timesheet`
--

LOCK TABLES `timesheet` WRITE;
/*!40000 ALTER TABLE `timesheet` DISABLE KEYS */;
/*!40000 ALTER TABLE `timesheet` ENABLE KEYS */;
UNLOCK TABLES;

--
-- Table structure for table `timesheet_break`
--

DROP TABLE IF EXISTS `timesheet_break`;
/*!40101 SET @saved_cs_client     = @@character_set_client */;
/*!40101 SET character_set_client = utf8 */;
CREATE TABLE `timesheet_break` (
  `id` int(10) unsigned NOT NULL AUTO_INCREMENT,
  `timesheet_shift_id` int(10) unsigned NOT NULL,
  `start_time` timestamp NULL DEFAULT NULL,
  `finish_time` timestamp NULL DEFAULT NULL,
  `break_length` int(11) NOT NULL,
  PRIMARY KEY (`id`),
  KEY `timesheet_shift_id` (`timesheet_shift_id`),
  CONSTRAINT `timesheet_break_ibfk_1` FOREIGN KEY (`timesheet_shift_id`) REFERENCES `timesheet_shift` (`id`) ON DELETE CASCADE
) ENGINE=InnoDB AUTO_INCREMENT=4194 DEFAULT CHARSET=utf8 COLLATE=utf8_unicode_ci;
/*!40101 SET character_set_client = @saved_cs_client */;

--
-- Dumping data for table `timesheet_break`
--

LOCK TABLES `timesheet_break` WRITE;
/*!40000 ALTER TABLE `timesheet_break` DISABLE KEYS */;
/*!40000 ALTER TABLE `timesheet_break` ENABLE KEYS */;
UNLOCK TABLES;

--
-- Table structure for table `timesheet_integrations`
--

DROP TABLE IF EXISTS `timesheet_integrations`;
/*!40101 SET @saved_cs_client     = @@character_set_client */;
/*!40101 SET character_set_client = utf8 */;
CREATE TABLE `timesheet_integrations` (
  `id` int(10) unsigned NOT NULL AUTO_INCREMENT,
  `integration_id` int(10) unsigned NOT NULL,
  `timesheet_id` int(10) unsigned NOT NULL,
  `sent` tinyint(1) NOT NULL,
  `created_at` timestamp NOT NULL DEFAULT '0000-00-00 00:00:00',
  `updated_at` timestamp NOT NULL DEFAULT '0000-00-00 00:00:00',
  PRIMARY KEY (`id`),
  KEY `timesheet_integrations_integration_id_foreign` (`integration_id`),
  KEY `timesheet_integrations_timesheet_id_foreign` (`timesheet_id`),
  CONSTRAINT `timesheet_integrations_integration_id_foreign` FOREIGN KEY (`integration_id`) REFERENCES `integrations` (`id`) ON DELETE CASCADE ON UPDATE CASCADE,
  CONSTRAINT `timesheet_integrations_timesheet_id_foreign` FOREIGN KEY (`timesheet_id`) REFERENCES `timesheet` (`id`) ON DELETE CASCADE ON UPDATE CASCADE
) ENGINE=InnoDB AUTO_INCREMENT=5572 DEFAULT CHARSET=utf8 COLLATE=utf8_unicode_ci;
/*!40101 SET character_set_client = @saved_cs_client */;

--
-- Dumping data for table `timesheet_integrations`
--

LOCK TABLES `timesheet_integrations` WRITE;
/*!40000 ALTER TABLE `timesheet_integrations` DISABLE KEYS */;
/*!40000 ALTER TABLE `timesheet_integrations` ENABLE KEYS */;
UNLOCK TABLES;

--
-- Table structure for table `timesheet_shift`
--

DROP TABLE IF EXISTS `timesheet_shift`;
/*!40101 SET @saved_cs_client     = @@character_set_client */;
/*!40101 SET character_set_client = utf8 */;
CREATE TABLE `timesheet_shift` (
  `id` int(10) unsigned NOT NULL AUTO_INCREMENT,
  `timesheet_id` int(10) unsigned NOT NULL,
  `start_time` timestamp NULL DEFAULT NULL,
  `finish_time` timestamp NULL DEFAULT NULL,
  `notes` varchar(200) COLLATE utf8_unicode_ci DEFAULT NULL,
  `created_at` timestamp NULL DEFAULT NULL,
  `updated_at` timestamp NULL DEFAULT NULL,
  `number_of_units` float(8,2) NOT NULL,
  PRIMARY KEY (`id`),
  KEY `timesheet_id` (`timesheet_id`),
  CONSTRAINT `timesheet_shift_ibfk_1` FOREIGN KEY (`timesheet_id`) REFERENCES `timesheet` (`id`) ON DELETE CASCADE
) ENGINE=InnoDB AUTO_INCREMENT=4194 DEFAULT CHARSET=utf8 COLLATE=utf8_unicode_ci;
/*!40101 SET character_set_client = @saved_cs_client */;

--
-- Dumping data for table `timesheet_shift`
--

LOCK TABLES `timesheet_shift` WRITE;
/*!40000 ALTER TABLE `timesheet_shift` DISABLE KEYS */;
/*!40000 ALTER TABLE `timesheet_shift` ENABLE KEYS */;
UNLOCK TABLES;

--
-- Table structure for table `user`
--

DROP TABLE IF EXISTS `user`;
/*!40101 SET @saved_cs_client     = @@character_set_client */;
/*!40101 SET character_set_client = utf8 */;
CREATE TABLE `user` (
  `id` int(10) unsigned NOT NULL AUTO_INCREMENT,
  `email` varchar(200) COLLATE utf8_unicode_ci NOT NULL,
  `password` varchar(256) COLLATE utf8_unicode_ci NOT NULL,
  `first_name` varchar(45) COLLATE utf8_unicode_ci DEFAULT NULL,
  `last_name` varchar(45) COLLATE utf8_unicode_ci DEFAULT NULL,
  `gender` int(11) DEFAULT '0',
  `phone_one` varchar(45) COLLATE utf8_unicode_ci DEFAULT NULL,
  `phone_two` varchar(45) COLLATE utf8_unicode_ci DEFAULT NULL,
  `notification_preference_id` int(10) unsigned NOT NULL,
  `message_notification_id` int(10) unsigned NOT NULL,
  `address` varchar(200) COLLATE utf8_unicode_ci DEFAULT NULL,
  `post_code` varchar(45) COLLATE utf8_unicode_ci DEFAULT NULL,
  `city_id` int(10) unsigned DEFAULT NULL,
  `primary_contact` tinyint(1) NOT NULL DEFAULT '0',
  `organisation_id` int(10) unsigned NOT NULL,
  `created_at` timestamp NULL DEFAULT NULL,
  `updated_at` timestamp NULL DEFAULT NULL,
  `timezone` varchar(200) COLLATE utf8_unicode_ci NOT NULL,
  `team_id` int(10) unsigned DEFAULT NULL,
  `active` tinyint(1) NOT NULL,
  `tour_state` varchar(20) COLLATE utf8_unicode_ci NOT NULL,
  `remember_token` varchar(100) COLLATE utf8_unicode_ci DEFAULT NULL,
  `site_id` int(10) unsigned NOT NULL,
  `employment_rules_template_id` int(10) unsigned DEFAULT NULL,
  PRIMARY KEY (`id`),
  KEY `user_organisation_id_foreign` (`organisation_id`),
  KEY `user_city_id_foreign` (`city_id`),
  KEY `user_notification_preference_id_foreign` (`notification_preference_id`),
  KEY `user_message_notification_id_foreign` (`message_notification_id`),
  KEY `user_team_id_foreign` (`team_id`),
  KEY `user_site_id_foreign` (`site_id`),
  KEY `user_employment_rules_template_id_foreign` (`employment_rules_template_id`),
  CONSTRAINT `user_city_id_foreign` FOREIGN KEY (`city_id`) REFERENCES `city` (`id`),
  CONSTRAINT `user_employment_rules_template_id_foreign` FOREIGN KEY (`employment_rules_template_id`) REFERENCES `employment_rules_template` (`id`),
  CONSTRAINT `user_message_notification_id_foreign` FOREIGN KEY (`message_notification_id`) REFERENCES `message_notification_preference` (`id`),
  CONSTRAINT `user_notification_preference_id_foreign` FOREIGN KEY (`notification_preference_id`) REFERENCES `notification_preference` (`id`),
  CONSTRAINT `user_organisation_id_foreign` FOREIGN KEY (`organisation_id`) REFERENCES `organisation` (`id`),
  CONSTRAINT `user_site_id_foreign` FOREIGN KEY (`site_id`) REFERENCES `site` (`id`),
  CONSTRAINT `user_team_id_foreign` FOREIGN KEY (`team_id`) REFERENCES `team` (`id`)
) ENGINE=InnoDB AUTO_INCREMENT=207 DEFAULT CHARSET=utf8 COLLATE=utf8_unicode_ci;
/*!40101 SET character_set_client = @saved_cs_client */;

--
-- Dumping data for table `user`
--

LOCK TABLES `user` WRITE;
/*!40000 ALTER TABLE `user` DISABLE KEYS */;
INSERT INTO `user` VALUES (159,'mgladman@qk.com.au','$2y$10$tEptkBuoRYDY1Qd.qGG95Oc.Ip.LUkUwPm3zJOSBWgCIktFK5IYN.','Matthew','Gladman',2,NULL,NULL,1,1,NULL,'3130',1,1,23,NULL,'2016-06-27 09:46:04','310',36,1,'finished','wd7mSjgdVSZlzk7U8zMDvXX5ZOQAwm3l3jDNRS2sPIt3WyiFghGPyaOCWSJu',5,NULL),(160,'bwilde@qk.com.au','$2y$10$Bw/zXds4xPs2Zx3acZHMiuKAobTJjJzbRX94Kt2NWdhk/almtno2i','Brendan','Wilde',2,NULL,NULL,1,1,NULL,NULL,33,1,23,'2016-01-10 07:16:12','2016-01-18 03:18:52','308',36,1,'finished','zKYbntROVzDdub86KfmclPaUfdRLbmJNkXvVYCaBDXBo89DPrJ7kmAs0qghQ',5,NULL),(166,'keith@agyletime.com','$2y$10$tOXvjF.WlhCe3Z8Dow2nrubWVvvHywodN3rUeHAxXLsWSBOitzGa.','Keith','Royston',2,NULL,NULL,1,1,NULL,NULL,33,0,23,'2016-01-16 22:57:09','2016-01-17 00:38:06','310',36,1,'finished','PHoNhytCBEmAyGtsbEULO0bTrwY306uRCU4iG0spEBNgvehFTCSfZ6axQ5P1',5,NULL),(167,'seb@agyletime.com','$2y$10$VhzargWHC2VweYBmupIHkurdsmvuSvuix0QBO4BhmXTjSnCGpSHei','Sebastian','Wortley',2,NULL,NULL,1,1,NULL,NULL,33,1,23,'2016-01-17 00:16:41','2016-07-04 08:47:10','310',36,1,'finished',NULL,5,NULL),(168,'nyssa.bismire@perpetual.com.au','$2y$10$OHge33snmHcOR9PbR6HAuOvMRAFhlWUn3mUbB3KxMxqD.KTGcc2eu','Nyssa','Bismire',1,'0292299120','0415574754',1,1,'123 Pitt St ','2000',34,1,23,'2016-01-18 03:25:27','2016-04-06 02:24:40','310',36,1,'finished','w4jvUQWdqdCPxbogoKLEq6tNBNEnHYlkMWH9U0s8a3KPUjzCUfGqrXKllk4S',5,NULL),(169,'darren.jones@perpetual.com.au','$2y$10$/pF.1.wFOP9HxSX4H9v7aeFBhdQs7G5rFgNu4Ug52D5igWSzkxXuW','Darren','Jones',2,NULL,NULL,1,1,NULL,NULL,33,1,23,'2016-01-18 04:02:33','2016-07-07 05:11:04','310',36,1,'finished','go2fG7kJkfqunch8t0AdInxCH6UI3QEhWw8TGde96X3FuP9jV95QBT061wX9',5,NULL),(170,'david.cerveny@perpetual.com.au','$2y$10$yMCmk4FGfSw7fuBapBptB.sf2eqXgqo.NTtyBhYBSwzGYCBZjKmW2','David','Cerveny',2,NULL,'0411 463 349',1,1,'123 Pitt Street ','2000',34,1,23,'2016-01-18 04:03:03','2016-04-28 01:52:15','310',36,1,'finished','09nhBM2XWP4SqzT0WQ0cHFlZ3SFZgsY6O0ksPBf6aOFa1t5bzU1wpACO2z4E',5,NULL),(171,'angelo.karathanos@perpetual.com.au','$2y$10$KjuQziMFLjoPfHb7jNqALedpGVZOeTqDGI65xhjyXogXicb3bQyua','Angelo','Karathanos',2,NULL,NULL,1,1,'14/123 Pitt Street','2000',34,1,23,'2016-01-18 04:03:46','2016-05-23 23:58:43','310',40,1,'finished','F0KxvexKVXfCVWiHSLweQtYeExO3Gx8K7kaWKo6tOZbvEKs7TivGV0uCJ65P',5,NULL),(172,'timothy.bootes@perpetual.com.au','$2y$10$UGIsVF5s6lL4VpkrOU3w8OqpRbZ1G5DGVersbleGZrOYXMJE9XWmi','Timothy','Bootes',2,NULL,NULL,1,1,NULL,NULL,33,1,23,'2016-01-18 04:04:20','2016-02-19 04:43:20','310',41,0,'finished','vCI8stsnNYzm403eSIe1gNKmLprhfDGRMVLeaF4EPN45SwPwR2yZlp8vsCX4',5,NULL),(173,'tristan.hsu@perpetual.com.au','$2y$10$9XuPV9Jo0tl5FqvYDyMxz.iepAn2n2hnJB3v.JlXJEhdwBRYPLW7.','Tristan ','Hsu ',2,'0292299433','0419496599',1,1,'Angel Place, 123 Pitt St','2000',34,0,23,'2016-01-28 23:34:03','2016-03-30 00:02:59','310',45,1,'finished',NULL,5,NULL),(174,'jerry.fang@perpetual.com.au','$2y$10$ucrWak08nHBh/JakamOWQututRfo6cFELoVkS9TfeofbB17.vuB.C','Jerry','Fang',2,'0929993537','0423858787',1,1,'Angel Place, 123 Pitt St','2000',34,0,23,'2016-01-28 23:55:27','2016-03-30 03:41:49','310',45,1,'finished','Dr9CRxRLzzaulTVxLvjJ0NgDz9OK9exYAGMcC98fegwmDNhJ3MCheeMRV0gf',5,NULL),(175,'barry.yallop@perpetual.com.au','$2y$10$lXdVWE6g0dgaPjo3ZQA3Pe5cg3EAsclMI4H79bXt/h4LQQbvNfR0m','Barry','Yallop',2,NULL,NULL,1,1,NULL,NULL,33,1,23,'2016-01-29 03:49:25','2016-01-29 03:50:47','310',40,1,'finished',NULL,5,NULL),(176,'daniel.wilken@perpetual.com.au','$2y$10$yCoTpfC2CAU50lqItbY9x.hjDnk2d3U.qbimaMC9LzUnR2kBExvTS','Daniel','Wilken',2,'0292293510','0401161251',1,1,'Level 14, 123 Pitt Street','2000',34,0,23,'2016-02-02 05:14:04','2016-02-15 23:37:07','310',44,1,'finished','jDcvF0LHWGZ1kKSKKyzCngZdJzMIby21eJmlNcPpLEZ1LVKDwddjUqpjOwdC',5,NULL),(177,'pav.sivaneeswaran@perpetual.com','$2y$10$FIHKKdORIkzTrbQh1pGMI.40VaV894251DbowiypCudOouakE24D2','Pav','Sivaneeswaran',2,NULL,NULL,1,1,'123 Pitt Street','2000',34,0,23,'2016-02-02 05:55:23','2016-02-02 05:59:01','310',45,1,'finished','gA2SyzqPSS9ycRONgntktyIpLdEJbiN5Fsz8SMnebKcrD55IbEWfNfKWcw77',5,NULL),(178,'gerardo.garcia@perpetual.com.au','$2y$10$wtuj1MhvgKi7tus23hBMteGras8mtbqPoI4xxc9dNNCsB2J9eHcPC','Gerardo','Garcia',2,'0292293899','0405344700',1,1,'123 Pitt St','2000',34,0,23,'2016-02-15 23:28:59','2016-02-15 23:28:59','310',45,1,'finished',NULL,5,NULL),(179,'matthew.evers@perpetual.com.au','$2y$10$iPQ50Cx0ZEKRbGUMdJtRB.GFFyBWX/hlzeul1Lp8OHAY99Z/k0ouu','Matthew','Evers',2,NULL,'0457503239',1,1,'123 Pitt St','2000',34,0,23,'2016-02-15 23:30:09','2016-02-24 03:33:08','310',45,0,'finished',NULL,5,NULL),(180,'jack.montgomery@perpetual.com.au','$2y$10$mbYrHmP7vWM9P2IEJbwUhulsbqH6KsWX3hi0E5CdvLZeNmHHknD3i','Jack','Montgomery',2,'0292299162','0411824759',1,1,'123 Pitt St','2033',34,0,23,'2016-02-15 23:31:02','2016-02-15 23:43:44','310',45,1,'finished','cd0zKOEGwEEA7Eco4qEPSIs1pMso8kZTrzKtaq4icklIoNqVKeIG8Gg0iaj7',5,NULL),(181,'aalia.hassan@perpetual.com.au','$2y$10$gVQGqPemihVQKbyBh58tXutLpxpQtDc08PI47527.eNXMhwDov76m','Aalia','Hassan',1,NULL,'0431444821',1,1,'123 Pitt St','2033',34,0,23,'2016-02-15 23:31:46','2016-02-15 23:48:26','310',45,1,'finished',NULL,5,NULL),(182,'carolyn.tran@perpetual.com.au','$2y$10$tz911UTBauFc8tSSVQbFk.jgX62XyTJBWPwsqDRQ/38afBlXXAdLe','Carolyn','Tran',1,NULL,'0412798581',1,1,'123 Pitt St','2033',34,0,23,'2016-02-15 23:32:45','2016-02-16 00:10:46','310',44,1,'finished',NULL,5,NULL),(183,'daniel.simpson@perpetual.com.au','$2y$10$gauVWkSPU3xeqeyYL5zP5.xDGjalPkkAx.zp63aXSDBVWzOp5Z2/C','Daniel','Simpson',2,NULL,'0481394540',1,1,'123 Pitt St','2033',34,0,23,'2016-02-15 23:33:37','2016-02-15 23:59:51','310',45,1,'finished',NULL,5,NULL),(184,'rod.allen@perpetual.com.au','$2y$10$BbTFIHZFBy42SRP.k52zrOmzKmwheaDy9DEFeUvWori8SxU07l5mW','Rod','Allen',2,'0292299832',NULL,1,1,'123 Pitt St','2033',34,0,23,'2016-02-15 23:34:57','2016-03-30 02:43:10','310',44,1,'finished','8CZ1eqvGvzU6SUMF44c7lM9yc2M9wTPyyxDvEQtjVJkz9qTs1JKuxFt4yNQB',5,NULL),(185,'support@rapportcms.com','$2y$10$9r68OvFpH2q/Vq..G6ItgO7dwszZoPcQ.EoAT1xqEqqM1IYUI7EYK','Rapport','Support',2,NULL,NULL,1,1,NULL,NULL,33,1,23,'2016-02-23 22:32:32','2016-05-20 01:43:18','310',36,1,'finished','b4dKEs3iwnNsLPn2nVj4vDDSWcLyMiXFHTiAgi60YuBRXNYQA7uS8fAvKSOB',5,NULL),(186,'kenley.chan@perpetual.com.au','$2y$10$Lxo8FdCFauM1HOcO8X/z5.6xtHbwgbVs8QG2DZy6RoCfS8byvg3eS','Kenley','Chan',2,NULL,NULL,1,1,NULL,NULL,33,0,23,'2016-02-24 03:34:00','2016-03-30 02:54:34','310',45,1,'finished',NULL,5,NULL),(187,'john.yuan@perpetual.com.au','$2y$10$1Xelw7bz.LVvO2wI14L2WeLbiUY41ADI.roDT3d0zyd2bmSJdiURO','John','Yuan',2,NULL,NULL,1,1,NULL,NULL,33,0,23,'2016-02-24 03:34:33','2016-03-30 02:54:28','310',45,1,'finished','m0MB5itxwxO77zCiCUixVRkHjAQEXIf1e16E7QvycHMfp73jBT8Q6aq8PaJs',5,NULL),(188,'jeremy.burcham@perpetual.com.au','$2y$10$Tj3FBek2F57yZaP9plTj/uMI9iIu9poBzcsUF3u6jARr/AHSrpIeq','Jeremy','Burcham',2,NULL,NULL,1,1,NULL,NULL,33,0,23,'2016-02-24 03:35:12','2016-03-30 02:32:42','310',45,1,'finished','74wOMbPUk7Zok3r506cHWepwpU7X38uxfuZbZFseYmIWVJ2G4sS6RX9mGWds',5,NULL),(189,'barton.lynch@perpetual.com.au','$2y$10$uwC7lpjuFsbFFV170G7NA.I12iXlM0z7s.w1OAVmbiG5d4fVPGJwS','Barton','Lynch',2,NULL,NULL,1,1,NULL,NULL,33,0,23,'2016-02-24 03:35:56','2016-03-30 02:53:36','310',45,1,'finished',NULL,5,NULL),(190,'daniel.ferrara@perpetual.com.au','$2y$10$U0KqYDRj64w.nKoEEmpieeWrJTMAzp9B3TUj.4ZOD8IvXXPA4g7zm','Daniel','Ferrara',2,NULL,NULL,1,1,NULL,NULL,33,0,23,'2016-02-24 03:36:55','2016-03-30 03:22:37','310',45,1,'finished','INA67e972HGRFR6yHdnlLDpHYohSG3n2bSBQ9tqj205zh5S7FKwjpBtvMIKG',5,NULL),(191,'james.allerton@perpetual.com.au','$2y$10$.vJVf6aUlY1Hlj38jxZdLu6zYeTzY.SdEMruvEQy/2VvoO9UeIIW2','James','Allerton',2,NULL,NULL,1,1,NULL,NULL,33,0,23,'2016-02-24 03:39:07','2016-03-30 02:08:31','310',45,1,'finished',NULL,5,NULL),(192,'erik.papadimatos@perpetual.com.au','$2y$10$Q4vxeWwLVvPFY6eF2mDxWu5SmzdOrZ6VmVJqGCdUCiAeSiOc7uvGu','Erik','Papadimatos',2,NULL,NULL,1,1,NULL,NULL,33,0,23,'2016-02-24 03:41:12','2016-03-30 03:12:12','310',45,1,'finished',NULL,5,NULL),(193,'gajanan.mahendra-rajah@perpetual.com.au','$2y$10$KIcJge7BJqjt77z8wZ4UeOzdqYJrFULZSiBbuQKqppjAJi0sNZIeS','Gaj','Mahendra-Rajah',2,NULL,NULL,1,1,NULL,NULL,33,0,23,'2016-02-24 03:42:37','2016-03-30 02:54:01','310',45,1,'finished',NULL,5,NULL),(194,'saba.rasool@perpetual.com.au','$2y$10$oaho6YD/NkvbBf95Ep9nw.mxkFEz0y0EjhdmCL4Kt9X3jC7MiTI7C','Saba','Rasool',1,NULL,NULL,1,1,NULL,NULL,33,0,23,'2016-02-24 03:43:13','2016-04-13 01:32:26','310',45,1,'finished',NULL,5,NULL),(195,'laura.maxwell@perpetual.com.au','$2y$10$5wiAClHsC4UAzBNqU8fgU.iJ5XkqouiVA8/pVAG4G0P9zvALteFIC','Laura','Maxwell',1,NULL,NULL,1,1,NULL,NULL,33,0,23,'2016-02-24 03:43:33','2016-03-20 22:38:29','1',45,0,'finished',NULL,5,NULL),(196,'andrew.nkpolukwu@perpetual.com.au','$2y$10$n.rJ37BKNrReRYO6hVci9ubJpfL52LE.Y6TPBgAA7yomNDIf0RPUS','Andrew','Nkpolukwu',2,NULL,'0406013000',1,1,NULL,NULL,33,0,23,'2016-02-24 03:45:29','2016-03-30 04:49:17','310',45,1,'finished',NULL,5,NULL),(197,'bronwyn.manea@perpetual.com.au','$2y$10$5dfKLHpXeZEan/60g7HuOuOC5RXWfwo4mjKSVPOmQIyqI5BxWN9yq','Bronwyn','Manea',1,NULL,NULL,1,1,NULL,NULL,33,0,23,'2016-02-24 03:46:15','2016-03-30 03:05:53','310',44,1,'finished','KL5Zs5BBjpKL8O6EDq3hXY2RJyCCQOu9jy1bTLM4y44CmDCW4dh6vr18Kif3',5,NULL),(198,'jan.sharkey@perpetual.com.au','$2y$10$J.CzioFNcl6Q0mdi8xnCJO./VG.n3ybRv.sxaqljd6A3DGT5ZptLS','Jan','Sharkey',1,NULL,NULL,1,1,NULL,NULL,33,0,23,'2016-02-24 03:47:34','2016-02-24 03:47:34','1',44,1,'finished',NULL,5,NULL),(199,'barbara.lea@perpatual.com.au','$2y$10$IkfOlDzu9Imo9o1MhonKT.K9k.NhudpZ8izTUly3z3NdvfN0P7N9W','Barbara','Lea',1,NULL,NULL,1,1,NULL,NULL,33,0,23,'2016-02-24 03:48:13','2016-03-30 02:51:55','310',44,1,'finished',NULL,5,NULL),(200,'helynn.moon@perpetual.com.au','$2y$10$d3YTawhkpRIbCby1vDFGMeYeRYW7R.53lMeqQS.cH5D/zdkhm12nC','Helynn','Moon',1,NULL,NULL,1,1,NULL,NULL,33,0,23,'2016-02-24 03:48:41','2016-03-30 02:52:21','310',44,1,'finished',NULL,5,NULL),(201,'noreen.buhain@perpetual.com.au','$2y$10$UrU47kwNfnrW8/kHLCwC6OZaOu8kQMLQnrNHNfFaMsKaOm7Z0rwqW','Noreen','Buhain',1,NULL,NULL,1,1,NULL,NULL,33,0,23,'2016-02-24 03:49:05','2016-03-30 02:52:33','310',44,1,'finished',NULL,5,NULL),(202,'sandra.misilele@perpetual.com.au','$2y$10$ZxXBZxw.Ra.1Zv5lpq4XEudtulprWg5SPG8cJbFQnqt/qrVh7dJCi','Sandra','Misilele',1,NULL,NULL,1,1,NULL,NULL,33,0,23,'2016-02-24 03:49:58','2016-03-30 02:52:46','310',44,1,'finished',NULL,5,NULL),(203,'wendy.chen@perpetual.com.au','$2y$10$VwK7tSdcQWy5taj7g.Z5C.7fhq7GnXVM2UmR8NmruvBiPZ8TaUfty','Wendy','Chen',1,NULL,NULL,1,1,NULL,NULL,33,0,23,'2016-02-24 03:51:40','2016-03-30 02:53:06','310',44,1,'finished',NULL,5,NULL),(204,'tiate.tan@perpetual.com.au','$2y$10$n8LnbApYPi8.cwsoD4238OS4fd4SDjjs/mv8O.i.3K9sJiXU8dQBC','Tiate','Tan',1,NULL,NULL,1,1,NULL,NULL,33,0,23,'2016-02-24 03:52:07','2016-03-30 02:52:56','310',44,1,'finished',NULL,5,NULL),(205,'tli@qk.com.au','$2y$10$2HWtDoGXojxXO6Ogb/7EKuw6pGjzgArqFOtKh2jH2t7.0TumWju7u','Mike','Li',2,NULL,NULL,1,1,NULL,NULL,33,1,23,'2016-03-02 00:11:49','2016-03-02 00:12:39','308',36,1,'finished',NULL,5,NULL),(206,'andrew.hanigan@unity4.com','$2y$10$pqzi8VvK/IY.wfBzkJcw2eWTUNhrHv7MkZ4z5Zdnc9wDwnW5ciwBu','Andrew','Hanigan',2,NULL,NULL,1,1,NULL,NULL,33,0,23,'2016-05-18 04:03:42','2016-05-18 04:37:54','310',36,1,'finished',NULL,5,NULL);
/*!40000 ALTER TABLE `user` ENABLE KEYS */;
UNLOCK TABLES;

--
-- Table structure for table `user_avail_gen`
--

DROP TABLE IF EXISTS `user_avail_gen`;
/*!40101 SET @saved_cs_client     = @@character_set_client */;
/*!40101 SET character_set_client = utf8 */;
CREATE TABLE `user_avail_gen` (
  `user_id` int(10) unsigned NOT NULL,
  `availability_general_id` int(10) unsigned NOT NULL,
  `created_at` timestamp NULL DEFAULT NULL,
  `updated_at` timestamp NULL DEFAULT NULL,
  KEY `user_avail_gen_user_id_foreign` (`user_id`),
  KEY `user_avail_gen_availability_general_id_foreign` (`availability_general_id`),
  CONSTRAINT `user_avail_gen_availability_general_id_foreign` FOREIGN KEY (`availability_general_id`) REFERENCES `avail_general` (`id`),
  CONSTRAINT `user_avail_gen_user_id_foreign` FOREIGN KEY (`user_id`) REFERENCES `user` (`id`)
) ENGINE=InnoDB DEFAULT CHARSET=utf8 COLLATE=utf8_unicode_ci;
/*!40101 SET character_set_client = @saved_cs_client */;

--
-- Dumping data for table `user_avail_gen`
--

LOCK TABLES `user_avail_gen` WRITE;
/*!40000 ALTER TABLE `user_avail_gen` DISABLE KEYS */;
INSERT INTO `user_avail_gen` VALUES (166,201,'2016-01-16 23:23:28','2016-01-16 23:23:28'),(168,224,'2016-01-28 21:51:46','2016-01-28 21:51:46'),(168,225,'2016-01-28 21:51:46','2016-01-28 21:51:46'),(168,226,'2016-01-28 21:51:46','2016-01-28 21:51:46'),(168,227,'2016-01-28 21:51:46','2016-01-28 21:51:46'),(168,228,'2016-01-28 21:51:46','2016-01-28 21:51:46'),(168,229,'2016-01-28 21:51:46','2016-01-28 21:51:46'),(168,230,'2016-01-28 21:51:46','2016-01-28 21:51:46'),(174,245,'2016-01-29 00:03:47','2016-01-29 00:03:47'),(174,246,'2016-01-29 00:03:47','2016-01-29 00:03:47'),(174,247,'2016-01-29 00:03:47','2016-01-29 00:03:47'),(174,248,'2016-01-29 00:03:47','2016-01-29 00:03:47'),(174,249,'2016-01-29 00:03:47','2016-01-29 00:03:47'),(174,218,'2016-01-29 00:03:47','2016-01-29 00:03:47'),(174,219,'2016-01-29 00:03:47','2016-01-29 00:03:47'),(176,250,'2016-02-02 05:16:33','2016-02-02 05:16:33'),(176,251,'2016-02-02 05:16:33','2016-02-02 05:16:33'),(176,252,'2016-02-02 05:16:33','2016-02-02 05:16:33'),(176,253,'2016-02-02 05:16:33','2016-02-02 05:16:33'),(176,254,'2016-02-02 05:16:33','2016-02-02 05:16:33'),(176,218,'2016-02-02 05:16:33','2016-02-02 05:16:33'),(176,219,'2016-02-02 05:16:33','2016-02-02 05:16:33'),(170,255,'2016-02-02 05:44:56','2016-02-02 05:44:56'),(170,251,'2016-02-02 05:44:56','2016-02-02 05:44:56'),(170,252,'2016-02-02 05:44:56','2016-02-02 05:44:56'),(170,253,'2016-02-02 05:44:56','2016-02-02 05:44:56'),(170,256,'2016-02-02 05:44:56','2016-02-02 05:44:56');
/*!40000 ALTER TABLE `user_avail_gen` ENABLE KEYS */;
UNLOCK TABLES;

--
-- Table structure for table `user_avail_spec`
--

DROP TABLE IF EXISTS `user_avail_spec`;
/*!40101 SET @saved_cs_client     = @@character_set_client */;
/*!40101 SET character_set_client = utf8 */;
CREATE TABLE `user_avail_spec` (
  `user_id` int(10) unsigned NOT NULL,
  `availability_specific_id` int(10) unsigned NOT NULL,
  `employee_notes` varchar(500) COLLATE utf8_unicode_ci NOT NULL,
  `management_notes` varchar(500) COLLATE utf8_unicode_ci DEFAULT NULL,
  `authorized` enum('submitted','approved','denied') COLLATE utf8_unicode_ci NOT NULL DEFAULT 'submitted',
  `created_at` timestamp NULL DEFAULT NULL,
  `updated_at` timestamp NULL DEFAULT NULL,
  PRIMARY KEY (`availability_specific_id`,`user_id`),
  KEY `user_avail_spec_user_id_foreign` (`user_id`),
  KEY `user_avail_spec_availability_specific_id_foreign` (`availability_specific_id`),
  CONSTRAINT `user_avail_spec_availability_specific_id_foreign` FOREIGN KEY (`availability_specific_id`) REFERENCES `avail_specific` (`id`),
  CONSTRAINT `user_avail_spec_user_id_foreign` FOREIGN KEY (`user_id`) REFERENCES `user` (`id`)
) ENGINE=InnoDB DEFAULT CHARSET=utf8 COLLATE=utf8_unicode_ci;
/*!40101 SET character_set_client = @saved_cs_client */;

--
-- Dumping data for table `user_avail_spec`
--

LOCK TABLES `user_avail_spec` WRITE;
/*!40000 ALTER TABLE `user_avail_spec` DISABLE KEYS */;
/*!40000 ALTER TABLE `user_avail_spec` ENABLE KEYS */;
UNLOCK TABLES;

--
-- Table structure for table `user_billable_rate`
--

DROP TABLE IF EXISTS `user_billable_rate`;
/*!40101 SET @saved_cs_client     = @@character_set_client */;
/*!40101 SET character_set_client = utf8 */;
CREATE TABLE `user_billable_rate` (
  `id` int(10) unsigned NOT NULL AUTO_INCREMENT,
  `created_at` timestamp NOT NULL DEFAULT '0000-00-00 00:00:00',
  `updated_at` timestamp NOT NULL DEFAULT '0000-00-00 00:00:00',
  `user_id` int(10) unsigned NOT NULL,
  `billable_rate_id` int(10) unsigned NOT NULL,
  `start_date` date NOT NULL,
  `end_date` date DEFAULT NULL,
  PRIMARY KEY (`id`),
  KEY `user_billable_rate_user_id_foreign` (`user_id`),
  KEY `user_billable_rate_billable_rate_id_foreign` (`billable_rate_id`),
  CONSTRAINT `user_billable_rate_billable_rate_id_foreign` FOREIGN KEY (`billable_rate_id`) REFERENCES `billable_rate` (`id`),
  CONSTRAINT `user_billable_rate_user_id_foreign` FOREIGN KEY (`user_id`) REFERENCES `user` (`id`)
) ENGINE=InnoDB AUTO_INCREMENT=87 DEFAULT CHARSET=utf8 COLLATE=utf8_unicode_ci;
/*!40101 SET character_set_client = @saved_cs_client */;

--
-- Dumping data for table `user_billable_rate`
--

LOCK TABLES `user_billable_rate` WRITE;
/*!40000 ALTER TABLE `user_billable_rate` DISABLE KEYS */;
INSERT INTO `user_billable_rate` VALUES (85,'0000-00-00 00:00:00','0000-00-00 00:00:00',159,30,'2016-01-10',NULL),(86,'0000-00-00 00:00:00','0000-00-00 00:00:00',160,30,'2016-01-10',NULL);
/*!40000 ALTER TABLE `user_billable_rate` ENABLE KEYS */;
UNLOCK TABLES;

--
-- Table structure for table `user_event`
--

DROP TABLE IF EXISTS `user_event`;
/*!40101 SET @saved_cs_client     = @@character_set_client */;
/*!40101 SET character_set_client = utf8 */;
CREATE TABLE `user_event` (
  `id` int(10) unsigned NOT NULL AUTO_INCREMENT,
  `user_id` int(10) unsigned NOT NULL,
  `event_type_id` enum('') COLLATE utf8_unicode_ci NOT NULL,
  `created_at` timestamp NULL DEFAULT NULL,
  `updated_at` timestamp NULL DEFAULT NULL,
  PRIMARY KEY (`id`),
  KEY `user_event_user_id_foreign` (`user_id`),
  CONSTRAINT `user_event_user_id_foreign` FOREIGN KEY (`user_id`) REFERENCES `user` (`id`)
) ENGINE=InnoDB DEFAULT CHARSET=utf8 COLLATE=utf8_unicode_ci;
/*!40101 SET character_set_client = @saved_cs_client */;

--
-- Dumping data for table `user_event`
--

LOCK TABLES `user_event` WRITE;
/*!40000 ALTER TABLE `user_event` DISABLE KEYS */;
/*!40000 ALTER TABLE `user_event` ENABLE KEYS */;
UNLOCK TABLES;

--
-- Table structure for table `user_integrations`
--

DROP TABLE IF EXISTS `user_integrations`;
/*!40101 SET @saved_cs_client     = @@character_set_client */;
/*!40101 SET character_set_client = utf8 */;
CREATE TABLE `user_integrations` (
  `id` int(10) unsigned NOT NULL AUTO_INCREMENT,
  `created_at` timestamp NOT NULL DEFAULT '0000-00-00 00:00:00',
  `updated_at` timestamp NOT NULL DEFAULT '0000-00-00 00:00:00',
  `integration_id` int(10) unsigned NOT NULL,
  `user_id` int(10) unsigned NOT NULL,
  `configuration` longtext COLLATE utf8_unicode_ci NOT NULL,
  PRIMARY KEY (`id`),
  KEY `user_integrations_integration_id_foreign` (`integration_id`),
  KEY `user_integrations_user_id_foreign` (`user_id`),
  CONSTRAINT `user_integrations_integration_id_foreign` FOREIGN KEY (`integration_id`) REFERENCES `integrations` (`id`) ON DELETE CASCADE ON UPDATE CASCADE,
  CONSTRAINT `user_integrations_user_id_foreign` FOREIGN KEY (`user_id`) REFERENCES `user` (`id`) ON DELETE CASCADE ON UPDATE CASCADE
) ENGINE=InnoDB AUTO_INCREMENT=359 DEFAULT CHARSET=utf8 COLLATE=utf8_unicode_ci;
/*!40101 SET character_set_client = @saved_cs_client */;

--
-- Dumping data for table `user_integrations`
--

LOCK TABLES `user_integrations` WRITE;
/*!40000 ALTER TABLE `user_integrations` DISABLE KEYS */;
INSERT INTO `user_integrations` VALUES (317,'2016-03-03 23:15:59','2016-03-03 23:15:59',3,167,'{\"EmployeeAlias\":\"\"}'),(318,'2016-03-03 23:15:59','2016-03-03 23:15:59',2,167,'{\"EmployeeAlias\":\"\"}'),(319,'2016-03-03 23:22:22','2016-03-03 23:22:22',2,160,'{\"EmployeeAlias\":\"\"}'),(320,'2016-03-03 23:42:28','2016-03-03 23:42:28',2,159,'{\"EmployeeAlias\":\"\"}'),(321,'2016-03-03 23:42:32','2016-07-04 03:12:53',3,159,'{\"EmployeeAlias\":\"159\"}'),(322,'2016-03-04 01:03:34','2016-03-04 01:03:34',3,181,'{\"EmployeeAlias\":\"\"}'),(323,'2016-03-04 01:03:37','2016-03-04 01:11:51',2,181,'{\"EmployeeAlias\":\"32842\"}'),(324,'2016-03-04 01:12:04','2016-03-04 01:12:11',2,196,'{\"EmployeeAlias\":\"32799\"}'),(325,'2016-03-04 01:13:12','2016-03-04 01:13:18',2,189,'{\"EmployeeAlias\":\"32854\"}'),(326,'2016-03-04 01:13:29','2016-03-04 01:13:34',2,183,'{\"EmployeeAlias\":\"32834\"}'),(327,'2016-03-04 01:13:49','2016-03-04 01:13:53',2,190,'{\"EmployeeAlias\":\"32853\"}'),(328,'2016-03-04 01:14:03','2016-03-04 01:14:10',2,192,'{\"EmployeeAlias\":\"32858\"}'),(329,'2016-03-04 01:14:21','2016-03-04 01:14:26',2,193,'{\"EmployeeAlias\":\"32860\"}'),(330,'2016-03-04 01:14:36','2016-03-04 01:14:41',2,178,'{\"EmployeeAlias\":\"32837\"}'),(331,'2016-03-04 01:14:52','2016-03-04 01:14:57',2,180,'{\"EmployeeAlias\":\"32840\"}'),(332,'2016-03-04 01:15:01','2016-03-04 01:15:14',2,191,'{\"EmployeeAlias\":\"32861\"}'),(333,'2016-03-04 01:15:22','2016-03-04 01:16:05',2,188,'{\"EmployeeAlias\":\"32836\"}'),(334,'2016-03-04 01:16:12','2016-03-04 01:16:19',2,174,'{\"EmployeeAlias\":\"32839\"}'),(335,'2016-03-04 01:16:27','2016-03-04 01:16:32',2,187,'{\"EmployeeAlias\":\"32835\"}'),(336,'2016-03-04 01:16:41','2016-03-04 01:16:46',2,186,'{\"EmployeeAlias\":\"33292\"}'),(337,'2016-03-04 01:16:57','2016-03-04 01:17:01',2,195,'{\"EmployeeAlias\":\"32863\"}'),(338,'2016-03-04 01:17:11','2016-03-04 01:17:15',2,177,'{\"EmployeeAlias\":\"32856\"}'),(339,'2016-03-04 01:17:22','2016-03-04 01:17:27',2,194,'{\"EmployeeAlias\":\"32862\"}'),(340,'2016-03-04 01:17:36','2016-03-04 01:17:55',2,173,'{\"EmployeeAlias\":\"32796\"}'),(341,'2016-03-04 01:18:12','2016-03-04 01:18:17',2,199,'{\"EmployeeAlias\":\"32847\"}'),(342,'2016-03-04 01:18:23','2016-03-04 01:18:27',2,197,'{\"EmployeeAlias\":\"32857\"}'),(343,'2016-03-04 01:18:44','2016-03-04 01:19:27',2,176,'{\"EmployeeAlias\":\"32808\"}'),(344,'2016-03-04 01:18:51','2016-03-04 01:18:56',2,182,'{\"EmployeeAlias\":\"32832\"}'),(345,'2016-03-04 01:19:41','2016-03-04 01:19:47',2,200,'{\"EmployeeAlias\":\"32850\"}'),(346,'2016-03-04 01:19:54','2016-03-04 01:20:00',2,198,'{\"EmployeeAlias\":\"32843\"}'),(347,'2016-03-04 01:20:03','2016-03-04 01:20:11',2,201,'{\"EmployeeAlias\":\"32845\"}'),(348,'2016-03-04 01:20:18','2016-03-04 01:20:22',2,184,'{\"EmployeeAlias\":\"32798\"}'),(349,'2016-03-04 01:20:37','2016-03-04 01:20:42',2,202,'{\"EmployeeAlias\":\"32797\"}'),(350,'2016-03-04 01:20:50','2016-03-04 01:20:55',2,204,'{\"EmployeeAlias\":\"32838\"}'),(351,'2016-03-04 01:20:59','2016-03-04 01:21:16',2,203,'{\"EmployeeAlias\":\"32846\"}'),(352,'2016-03-04 01:21:41','2016-03-04 01:21:52',2,169,'{\"EmployeeAlias\":\"32866\"}'),(353,'2016-03-04 01:22:25','2016-03-04 01:22:29',2,170,'{\"EmployeeAlias\":\"32852\"}'),(354,'2016-03-04 01:22:45','2016-03-04 01:22:50',2,168,'{\"EmployeeAlias\":\"32831\"}'),(355,'2016-03-22 03:51:18','2016-03-22 03:51:18',2,171,'{\"EmployeeAlias\":\"\"}'),(356,'2016-03-22 03:51:21','2016-03-22 03:51:21',3,171,'{\"EmployeeAlias\":\"\"}'),(357,'2016-03-22 03:51:25','2016-03-22 03:51:25',2,175,'{\"EmployeeAlias\":\"\"}'),(358,'2016-03-22 03:51:28','2016-03-22 03:51:28',3,175,'{\"EmployeeAlias\":\"\"}');
/*!40000 ALTER TABLE `user_integrations` ENABLE KEYS */;
UNLOCK TABLES;

--
-- Table structure for table `user_pay_rate`
--

DROP TABLE IF EXISTS `user_pay_rate`;
/*!40101 SET @saved_cs_client     = @@character_set_client */;
/*!40101 SET character_set_client = utf8 */;
CREATE TABLE `user_pay_rate` (
  `id` int(10) unsigned NOT NULL AUTO_INCREMENT,
  `user_id` int(10) unsigned NOT NULL,
  `pay_rate_id` int(10) unsigned NOT NULL,
  `start_date` date NOT NULL,
  `end_date` date DEFAULT NULL,
  `created_at` timestamp NULL DEFAULT NULL,
  `updated_at` timestamp NULL DEFAULT NULL,
  PRIMARY KEY (`id`),
  KEY `user_pay_rate_user_id_foreign` (`user_id`),
  KEY `user_pay_rate_pay_rate_id_foreign` (`pay_rate_id`),
  CONSTRAINT `user_pay_rate_pay_rate_id_foreign` FOREIGN KEY (`pay_rate_id`) REFERENCES `pay_rate` (`id`),
  CONSTRAINT `user_pay_rate_user_id_foreign` FOREIGN KEY (`user_id`) REFERENCES `user` (`id`)
) ENGINE=InnoDB AUTO_INCREMENT=271 DEFAULT CHARSET=utf8 COLLATE=utf8_unicode_ci;
/*!40101 SET character_set_client = @saved_cs_client */;

--
-- Dumping data for table `user_pay_rate`
--

LOCK TABLES `user_pay_rate` WRITE;
/*!40000 ALTER TABLE `user_pay_rate` DISABLE KEYS */;
INSERT INTO `user_pay_rate` VALUES (264,159,194,'2016-01-10',NULL,NULL,NULL),(265,160,194,'2016-01-10',NULL,NULL,NULL),(266,171,195,'2016-01-28','2016-01-29',NULL,NULL),(267,171,196,'2016-01-28','2016-01-29',NULL,NULL),(268,171,197,'2016-01-28','2016-01-29',NULL,NULL),(269,171,198,'2016-01-28',NULL,NULL,NULL),(270,206,195,'2016-05-18',NULL,NULL,NULL);
/*!40000 ALTER TABLE `user_pay_rate` ENABLE KEYS */;
UNLOCK TABLES;

--
-- Table structure for table `user_role`
--

DROP TABLE IF EXISTS `user_role`;
/*!40101 SET @saved_cs_client     = @@character_set_client */;
/*!40101 SET character_set_client = utf8 */;
CREATE TABLE `user_role` (
  `id` int(10) unsigned NOT NULL AUTO_INCREMENT,
  `created_at` timestamp NOT NULL DEFAULT '0000-00-00 00:00:00',
  `updated_at` timestamp NOT NULL DEFAULT '0000-00-00 00:00:00',
  `user_id` int(10) unsigned NOT NULL,
  `role_id` int(10) unsigned NOT NULL,
  PRIMARY KEY (`id`),
  KEY `user_role_user_id_foreign` (`user_id`),
  KEY `user_role_role_id_foreign` (`role_id`),
  CONSTRAINT `user_role_role_id_foreign` FOREIGN KEY (`role_id`) REFERENCES `role` (`id`),
  CONSTRAINT `user_role_user_id_foreign` FOREIGN KEY (`user_id`) REFERENCES `user` (`id`)
) ENGINE=InnoDB AUTO_INCREMENT=60 DEFAULT CHARSET=utf8 COLLATE=utf8_unicode_ci;
/*!40101 SET character_set_client = @saved_cs_client */;

--
-- Dumping data for table `user_role`
--

LOCK TABLES `user_role` WRITE;
/*!40000 ALTER TABLE `user_role` DISABLE KEYS */;
INSERT INTO `user_role` VALUES (32,'2016-01-10 07:10:31','2016-01-10 07:10:31',159,5),(33,'2016-01-10 07:16:12','2016-01-10 07:16:12',160,5),(37,'2016-01-16 22:57:09','2016-01-16 22:57:09',166,5),(39,'2016-01-28 22:17:54','2016-01-28 22:17:54',169,5),(40,'2016-01-28 22:39:21','2016-01-28 22:39:21',171,5),(41,'2016-01-28 23:34:03','2016-01-28 23:34:03',173,6),(42,'2016-01-28 23:55:27','2016-01-28 23:55:27',174,6),(44,'2016-01-29 03:50:11','2016-01-29 03:50:11',175,5),(45,'2016-02-01 05:09:24','2016-02-01 05:09:24',168,8),(48,'2016-02-15 23:28:59','2016-02-15 23:28:59',178,6),(49,'2016-02-15 23:30:09','2016-02-15 23:30:09',179,6),(50,'2016-02-15 23:31:02','2016-02-15 23:31:02',180,6),(51,'2016-02-15 23:31:46','2016-02-15 23:31:46',181,6),(55,'2016-02-15 23:36:44','2016-02-15 23:36:44',182,9),(56,'2016-02-15 23:37:07','2016-02-15 23:37:07',176,9),(57,'2016-02-15 23:37:24','2016-02-15 23:37:24',183,8),(58,'2016-02-15 23:37:35','2016-02-15 23:37:35',184,8),(59,'2016-02-17 05:41:07','2016-02-17 05:41:07',170,5);
/*!40000 ALTER TABLE `user_role` ENABLE KEYS */;
UNLOCK TABLES;

--
-- Table structure for table `workstreams`
--

DROP TABLE IF EXISTS `workstreams`;
/*!40101 SET @saved_cs_client     = @@character_set_client */;
/*!40101 SET character_set_client = utf8 */;
CREATE TABLE `workstreams` (
  `id` int(10) unsigned NOT NULL AUTO_INCREMENT,
  `created_at` timestamp NOT NULL DEFAULT '0000-00-00 00:00:00',
  `updated_at` timestamp NOT NULL DEFAULT '0000-00-00 00:00:00',
  `name` varchar(255) COLLATE utf8_unicode_ci NOT NULL,
  `description` varchar(255) COLLATE utf8_unicode_ci NOT NULL,
  `role_id` int(10) unsigned DEFAULT NULL,
  `organisation_id` int(10) unsigned NOT NULL,
  `color` varchar(6) COLLATE utf8_unicode_ci NOT NULL,
  `wait_time_threshold` int(11) NOT NULL,
  `grade_of_service` int(11) NOT NULL,
  `aht_goal` int(10) unsigned NOT NULL DEFAULT '0',
  `abandon_threshold` int(10) unsigned NOT NULL DEFAULT '0',
  `forecast_method_id` int(10) unsigned NOT NULL DEFAULT '1',
  PRIMARY KEY (`id`),
  KEY `workstreams_organisation_id_foreign` (`organisation_id`),
  KEY `workstreams_role_id_foreign` (`role_id`),
  KEY `workstreams_forecast_method_id_foreign` (`forecast_method_id`),
  CONSTRAINT `workstreams_forecast_method_id_foreign` FOREIGN KEY (`forecast_method_id`) REFERENCES `forecast_method` (`id`),
  CONSTRAINT `workstreams_organisation_id_foreign` FOREIGN KEY (`organisation_id`) REFERENCES `organisation` (`id`) ON DELETE CASCADE ON UPDATE CASCADE,
  CONSTRAINT `workstreams_role_id_foreign` FOREIGN KEY (`role_id`) REFERENCES `role` (`id`)
) ENGINE=InnoDB AUTO_INCREMENT=49 DEFAULT CHARSET=utf8 COLLATE=utf8_unicode_ci;
/*!40101 SET character_set_client = @saved_cs_client */;

--
-- Dumping data for table `workstreams`
--

LOCK TABLES `workstreams` WRITE;
/*!40000 ALTER TABLE `workstreams` DISABLE KEYS */;
INSERT INTO `workstreams` VALUES (28,'2016-02-12 03:38:55','2016-02-17 05:41:52','Advisers','Advisers',6,23,'f4e1f1',20,80,320,20,1),(29,'2016-02-14 21:41:35','2016-02-17 05:00:21','Inv. 1','Super/Pension',6,23,'f2c4f0',20,80,320,20,1),(30,'2016-02-17 02:53:46','2016-02-17 05:00:21','Inv. 2','Other',6,23,'ec15b7',20,80,320,20,1),(31,'2016-02-17 02:53:47','2016-02-17 05:00:21','New Bus. 1','Super/Pension',6,23,'c915ec',20,80,320,20,1),(32,'2016-02-17 02:53:47','2016-02-17 05:00:21','New Bus. 2','Other',6,23,'8c1fea',20,80,320,20,1),(33,'2016-02-17 02:53:47','2016-02-17 05:00:21','No Choice','No Choice',6,23,'82ecb1',20,80,320,20,1),(34,'2016-02-17 02:53:47','2016-02-17 05:00:21','Select 1','Investor',6,23,'2ed214',20,80,320,20,1),(35,'2016-02-17 02:53:47','2016-02-23 01:42:24','Select 2','Employer',6,23,'32ae66',20,80,320,20,1),(36,'2016-02-17 02:53:47','2016-02-17 05:00:21','Select EMP','Employer',7,23,'57e3d2',20,80,320,20,1),(37,'2016-02-17 02:53:47','2016-02-17 05:00:21','Web 1','Super/Pension',6,23,'57b2ea',20,80,320,20,1),(39,'2016-02-17 05:00:21','2016-02-17 05:42:44','Web 2','Other',6,23,'1fb29f',20,80,320,20,1),(40,'2016-02-17 05:00:21','2016-02-17 05:42:17','P1 NSW','NSW',9,23,'4358f4',10,90,320,10,1),(41,'2016-02-17 05:00:21','2016-02-17 05:42:17','P1 VIC/TAS','VIC/TAS',9,23,'f0eb7c',10,90,320,10,1),(42,'2016-02-17 05:00:21','2016-02-17 05:42:17','P1 QLD','QLD',9,23,'f1f244',10,90,320,10,1),(43,'2016-02-17 05:00:21','2016-02-17 05:42:17','P1 SA/NT/WA','SA/NT/WA',9,23,'eea83d',10,90,320,10,1),(44,'2016-02-17 05:00:21','2016-02-17 05:42:44','PPI','PPI',7,23,'ee6e29',20,80,320,20,1),(45,'2016-02-17 05:00:21','2016-02-17 05:42:44','Perpetual','Switch',6,23,'fb757c',20,80,320,20,1),(46,'2016-02-17 05:00:21','2016-02-17 05:42:44','Trust Co.','Switch',6,23,'ff3568',20,80,20,20,1),(47,'2016-02-24 03:35:42','2016-06-10 04:54:23','Callback','IB Callbacks',5,23,'fd583f',0,0,0,0,1),(48,'2016-02-24 03:35:42','2016-06-10 04:54:23','Nurture','Nurture Referrals',5,23,'357c8d',0,0,0,0,1);
/*!40000 ALTER TABLE `workstreams` ENABLE KEYS */;
UNLOCK TABLES;

--
-- Dumping events for database 'roster'
--

--
-- Dumping routines for database 'roster'
--
/*!40103 SET TIME_ZONE=@OLD_TIME_ZONE */;

/*!40101 SET SQL_MODE=@OLD_SQL_MODE */;
/*!40014 SET FOREIGN_KEY_CHECKS=@OLD_FOREIGN_KEY_CHECKS */;
/*!40014 SET UNIQUE_CHECKS=@OLD_UNIQUE_CHECKS */;
/*!40101 SET CHARACTER_SET_CLIENT=@OLD_CHARACTER_SET_CLIENT */;
/*!40101 SET CHARACTER_SET_RESULTS=@OLD_CHARACTER_SET_RESULTS */;
/*!40101 SET COLLATION_CONNECTION=@OLD_COLLATION_CONNECTION */;
/*!40111 SET SQL_NOTES=@OLD_SQL_NOTES */;

-- Dump completed on 2016-07-08 14:31:50
